instrument,sharpe,n,k,sma_len,entry_frac,exit_z
SP500,0.12389403714424575,50,1.5,10,0.7,-0.5
SP500,0.015369490294378061,50,1.5,10,0.7,0.0
SP500,-0.12908860745248427,50,1.5,10,0.7,0.5
SP500,0.19552848599741093,50,1.5,10,0.9,-0.5
SP500,0.07382474105175363,50,1.5,10,0.9,0.0
SP500,-0.05881657135263309,50,1.5,10,0.9,0.5
SP500,0.23905069341278462,50,1.5,10,1.0,-0.5
SP500,0.13642155493362546,50,1.5,10,1.0,0.0
SP500,-0.01127873337400226,50,1.5,10,1.0,0.5
SP500,0.2603937344296474,50,1.5,20,0.7,-0.5
SP500,0.13548928733012502,50,1.5,20,0.7,0.0
SP500,0.02897400647010047,50,1.5,20,0.7,0.5
SP500,0.3159691131609238,50,1.5,20,0.9,-0.5
SP500,0.1930413696579446,50,1.5,20,0.9,0.0
SP500,0.07100794249235869,50,1.5,20,0.9,0.5
SP500,0.35679187229922654,50,1.5,20,1.0,-0.5
SP500,0.2565522738617903,50,1.5,20,1.0,0.0
SP500,0.13190054937342333,50,1.5,20,1.0,0.5
SP500,0.12695641750391576,50,1.5,50,0.7,-0.5
SP500,0.021800089873921583,50,1.5,50,0.7,0.0
SP500,-0.023972801706592724,50,1.5,50,0.7,0.5
SP500,0.19738135640154522,50,1.5,50,0.9,-0.5
SP500,0.11089519626819039,50,1.5,50,0.9,0.0
SP500,0.04893214783230564,50,1.5,50,0.9,0.5
SP500,0.19731707431933487,50,1.5,50,1.0,-0.5
SP500,0.1491486236440342,50,1.5,50,1.0,0.0
SP500,0.05813850848511361,50,1.5,50,1.0,0.5
SP500,0.32416762154019907,50,2.0,10,0.7,-0.5
SP500,0.19758101820473076,50,2.0,10,0.7,0.0
SP500,0.08860323314791688,50,2.0,10,0.7,0.5
SP500,0.35199434142493463,50,2.0,10,0.9,-0.5
SP500,0.34810261427945216,50,2.0,10,0.9,0.0
SP500,0.15693737070993732,50,2.0,10,0.9,0.5
SP500,0.3416948083752186,50,2.0,10,1.0,-0.5
SP500,0.29432083574357465,50,2.0,10,1.0,0.0
SP500,0.1789561275886731,50,2.0,10,1.0,0.5
SP500,0.29819792644439563,50,2.0,20,0.7,-0.5
SP500,0.16873331020698595,50,2.0,20,0.7,0.0
SP500,0.06166645345146367,50,2.0,20,0.7,0.5
SP500,0.3513288119371745,50,2.0,20,0.9,-0.5
SP500,0.32917009220832716,50,2.0,20,0.9,0.0
SP500,0.13685711482874943,50,2.0,20,0.9,0.5
SP500,0.33764376574723876,50,2.0,20,1.0,-0.5
SP500,0.27249925690771826,50,2.0,20,1.0,0.0
SP500,0.14862060281465458,50,2.0,20,1.0,0.5
SP500,0.2374455189620432,50,2.0,50,0.7,-0.5
SP500,0.15187004137238494,50,2.0,50,0.7,0.0
SP500,0.0604303909155117,50,2.0,50,0.7,0.5
SP500,0.22083195674394007,50,2.0,50,0.9,-0.5
SP500,0.23619725199672953,50,2.0,50,0.9,0.0
SP500,0.11418180991693222,50,2.0,50,0.9,0.5
SP500,0.22534735905916572,50,2.0,50,1.0,-0.5
SP500,0.2384689316982085,50,2.0,50,1.0,0.0
SP500,0.1471866304135902,50,2.0,50,1.0,0.5
SP500,0.32416339323396354,50,2.5,10,0.7,-0.5
SP500,0.31478912003545545,50,2.5,10,0.7,0.0
SP500,0.1403401303452749,50,2.5,10,0.7,0.5
SP500,0.3553549578249423,50,2.5,10,0.9,-0.5
SP500,0.3513856131698912,50,2.5,10,0.9,0.0
SP500,0.2900534694203552,50,2.5,10,0.9,0.5
SP500,0.3068766284828687,50,2.5,10,1.0,-0.5
SP500,0.33212414070107066,50,2.5,10,1.0,0.0
SP500,0.20667867738342383,50,2.5,10,1.0,0.5
SP500,0.3650355023240643,50,2.5,20,0.7,-0.5
SP500,0.36868683695419713,50,2.5,20,0.7,0.0
SP500,0.1911545249610506,50,2.5,20,0.7,0.5
SP500,0.4060986244091416,50,2.5,20,0.9,-0.5
SP500,0.4125638820547434,50,2.5,20,0.9,0.0
SP500,0.35244753897509007,50,2.5,20,0.9,0.5
SP500,0.35389013061578845,50,2.5,20,1.0,-0.5
SP500,0.37444052684064905,50,2.5,20,1.0,0.0
SP500,0.2533333500735361,50,2.5,20,1.0,0.5
SP500,0.2596235026175511,50,2.5,50,0.7,-0.5
SP500,0.2503702240282449,50,2.5,50,0.7,0.0
SP500,0.10305566517459808,50,2.5,50,0.7,0.5
SP500,0.28644205236657194,50,2.5,50,0.9,-0.5
SP500,0.3017611171522336,50,2.5,50,0.9,0.0
SP500,0.19315195612872046,50,2.5,50,0.9,0.5
SP500,0.29410442334260983,50,2.5,50,1.0,-0.5
SP500,0.33288668468364774,50,2.5,50,1.0,0.0
SP500,0.1930298083450908,50,2.5,50,1.0,0.5
SP500,0.34896776121753514,50,3.0,10,0.7,-0.5
SP500,0.2913300926491646,50,3.0,10,0.7,0.0
SP500,0.18172535770291812,50,3.0,10,0.7,0.5
SP500,0.2963136394292455,50,3.0,10,0.9,-0.5
SP500,0.2991534645164791,50,3.0,10,0.9,0.0
SP500,0.20574651326993615,50,3.0,10,0.9,0.5
SP500,0.22840532630900595,50,3.0,10,1.0,-0.5
SP500,0.22109004605147134,50,3.0,10,1.0,0.0
SP500,0.1671092414367724,50,3.0,10,1.0,0.5
SP500,0.3567164724327884,50,3.0,20,0.7,-0.5
SP500,0.3086445335865285,50,3.0,20,0.7,0.0
SP500,0.19775173237291907,50,3.0,20,0.7,0.5
SP500,0.3091166254561561,50,3.0,20,0.9,-0.5
SP500,0.3106020915307114,50,3.0,20,0.9,0.0
SP500,0.21670195123622574,50,3.0,20,0.9,0.5
SP500,0.2424200177581515,50,3.0,20,1.0,-0.5
SP500,0.23361655111715476,50,3.0,20,1.0,0.0
SP500,0.17910652814578576,50,3.0,20,1.0,0.5
SP500,0.31332044891154204,50,3.0,50,0.7,-0.5
SP500,0.3009139774763705,50,3.0,50,0.7,0.0
SP500,0.16972257123894105,50,3.0,50,0.7,0.5
SP500,0.27417730311172894,50,3.0,50,0.9,-0.5
SP500,0.3099079396622799,50,3.0,50,0.9,0.0
SP500,0.21123204574904417,50,3.0,50,0.9,0.5
SP500,0.21410041929551152,50,3.0,50,1.0,-0.5
SP500,0.2578215640839814,50,3.0,50,1.0,0.0
SP500,0.19914903974089201,50,3.0,50,1.0,0.5
SP500,-0.09600000439835478,80,1.5,10,0.7,-0.5
SP500,0.05369600379566042,80,1.5,10,0.7,0.0
SP500,0.038198208061893564,80,1.5,10,0.7,0.5
SP500,-0.05985358932940418,80,1.5,10,0.9,-0.5
SP500,0.03023748831532552,80,1.5,10,0.9,0.0
SP500,0.007535921888752964,80,1.5,10,0.9,0.5
SP500,-0.1309307148952917,80,1.5,10,1.0,-0.5
SP500,-0.06998807059305849,80,1.5,10,1.0,0.0
SP500,-0.09864235575695833,80,1.5,10,1.0,0.5
SP500,0.27198603515016306,80,1.5,20,0.7,-0.5
SP500,0.4045902426889041,80,1.5,20,0.7,0.0
SP500,0.37974563187465704,80,1.5,20,0.7,0.5
SP500,0.30021707573045714,80,1.5,20,0.9,-0.5
SP500,0.3985578985509571,80,1.5,20,0.9,0.0
SP500,0.3613299389272462,80,1.5,20,0.9,0.5
SP500,0.23302133570092007,80,1.5,20,1.0,-0.5
SP500,0.316487952947743,80,1.5,20,1.0,0.0
SP500,0.30797927021594407,80,1.5,20,1.0,0.5
SP500,0.19711750122187457,80,1.5,50,0.7,-0.5
SP500,0.27189931051947175,80,1.5,50,0.7,0.0
SP500,0.19736145675052058,80,1.5,50,0.7,0.5
SP500,0.23497571502328254,80,1.5,50,0.9,-0.5
SP500,0.2853041648920086,80,1.5,50,0.9,0.0
SP500,0.22980350594994356,80,1.5,50,0.9,0.5
SP500,0.20651677465060747,80,1.5,50,1.0,-0.5
SP500,0.2522046288572456,80,1.5,50,1.0,0.0
SP500,0.2122335481710798,80,1.5,50,1.0,0.5
SP500,0.29952543719090696,80,2.0,10,0.7,-0.5
SP500,0.37342384095531306,80,2.0,10,0.7,0.0
SP500,0.33853247883965554,80,2.0,10,0.7,0.5
SP500,0.14663516170417715,80,2.0,10,0.9,-0.5
SP500,0.2901558949644107,80,2.0,10,0.9,0.0
SP500,0.30912928080628765,80,2.0,10,0.9,0.5
SP500,0.20639084208936834,80,2.0,10,1.0,-0.5
SP500,0.3046008239651669,80,2.0,10,1.0,0.0
SP500,0.29255100868253503,80,2.0,10,1.0,0.5
SP500,0.23483856118780294,80,2.0,20,0.7,-0.5
SP500,0.31366450885110025,80,2.0,20,0.7,0.0
SP500,0.29605139573691636,80,2.0,20,0.7,0.5
SP500,0.08128837424257705,80,2.0,20,0.9,-0.5
SP500,0.2295497484386606,80,2.0,20,0.9,0.0
SP500,0.24427979242456552,80,2.0,20,0.9,0.5
SP500,0.13976385360137494,80,2.0,20,1.0,-0.5
SP500,0.24280208810096704,80,2.0,20,1.0,0.0
SP500,0.21843571941996293,80,2.0,20,1.0,0.5
SP500,0.2225511919730285,80,2.0,50,0.7,-0.5
SP500,0.29453636108728726,80,2.0,50,0.7,0.0
SP500,0.285155168842212,80,2.0,50,0.7,0.5
SP500,0.08344635538075364,80,2.0,50,0.9,-0.5
SP500,0.21048093002073312,80,2.0,50,0.9,0.0
SP500,0.26201424018656455,80,2.0,50,0.9,0.5
SP500,0.14798787966093885,80,2.0,50,1.0,-0.5
SP500,0.22721745315828046,80,2.0,50,1.0,0.0
SP500,0.2591883418981907,80,2.0,50,1.0,0.5
SP500,0.09618166633146416,80,2.5,10,0.7,-0.5
SP500,0.20241456360346247,80,2.5,10,0.7,0.0
SP500,0.22509170915907803,80,2.5,10,0.7,0.5
SP500,0.1870023134534559,80,2.5,10,0.9,-0.5
SP500,0.2659618519389364,80,2.5,10,0.9,0.0
SP500,0.3423585933170494,80,2.5,10,0.9,0.5
SP500,0.17572939769659937,80,2.5,10,1.0,-0.5
SP500,0.30480608901332895,80,2.5,10,1.0,0.0
SP500,0.3782900300609262,80,2.5,10,1.0,0.5
SP500,0.09456952108914911,80,2.5,20,0.7,-0.5
SP500,0.20090403816153216,80,2.5,20,0.7,0.0
SP500,0.22370821031566454,80,2.5,20,0.7,0.5
SP500,0.18516681458717743,80,2.5,20,0.9,-0.5
SP500,0.26423046402549266,80,2.5,20,0.9,0.0
SP500,0.34075511905937467,80,2.5,20,0.9,0.5
SP500,0.17366848279824618,80,2.5,20,1.0,-0.5
SP500,0.30282744867511846,80,2.5,20,1.0,0.0
SP500,0.3764371744410795,80,2.5,20,1.0,0.5
SP500,0.03674384073617206,80,2.5,50,0.7,-0.5
SP500,0.127692364553214,80,2.5,50,0.7,0.0
SP500,0.1757240310002235,80,2.5,50,0.7,0.5
SP500,0.08146240748331741,80,2.5,50,0.9,-0.5
SP500,0.12511011132344788,80,2.5,50,0.9,0.0
SP500,0.22778156243353756,80,2.5,50,0.9,0.5
SP500,0.09467856260187735,80,2.5,50,1.0,-0.5
SP500,0.19188540099972368,80,2.5,50,1.0,0.0
SP500,0.2668566857263935,80,2.5,50,1.0,0.5
SP500,0.13383795633369347,80,3.0,10,0.7,-0.5
SP500,0.25890250248295266,80,3.0,10,0.7,0.0
SP500,0.23977738549808478,80,3.0,10,0.7,0.5
SP500,0.135495481946603,80,3.0,10,0.9,-0.5
SP500,0.2397047502934161,80,3.0,10,0.9,0.0
SP500,0.2930409304029321,80,3.0,10,0.9,0.5
SP500,0.20233654691813038,80,3.0,10,1.0,-0.5
SP500,0.29837566314916397,80,3.0,10,1.0,0.0
SP500,0.33802528907141544,80,3.0,10,1.0,0.5
SP500,0.13383795633369347,80,3.0,20,0.7,-0.5
SP500,0.25890250248295266,80,3.0,20,0.7,0.0
SP500,0.23977738549808478,80,3.0,20,0.7,0.5
SP500,0.135495481946603,80,3.0,20,0.9,-0.5
SP500,0.2397047502934161,80,3.0,20,0.9,0.0
SP500,0.2930409304029321,80,3.0,20,0.9,0.5
SP500,0.20233654691813038,80,3.0,20,1.0,-0.5
SP500,0.29837566314916397,80,3.0,20,1.0,0.0
SP500,0.33802528907141544,80,3.0,20,1.0,0.5
SP500,0.14449655537481762,80,3.0,50,0.7,-0.5
SP500,0.24985156165287614,80,3.0,50,0.7,0.0
SP500,0.2572351896716938,80,3.0,50,0.7,0.5
SP500,0.1459002199864314,80,3.0,50,0.9,-0.5
SP500,0.2331978305255353,80,3.0,50,0.9,0.0
SP500,0.2738404874730638,80,3.0,50,0.9,0.5
SP500,0.17374853971525836,80,3.0,50,1.0,-0.5
SP500,0.2533536932531868,80,3.0,50,1.0,0.0
SP500,0.2929930884484627,80,3.0,50,1.0,0.5
SP500,-0.26308104480665057,100,1.5,10,0.7,-0.5
SP500,-0.1185702595550787,100,1.5,10,0.7,0.0
SP500,-0.1682697340869796,100,1.5,10,0.7,0.5
SP500,-0.20520923747655848,100,1.5,10,0.9,-0.5
SP500,-0.07558909053426084,100,1.5,10,0.9,0.0
SP500,-0.18689942959648675,100,1.5,10,0.9,0.5
SP500,-0.23935205632993634,100,1.5,10,1.0,-0.5
SP500,-0.1155810244579974,100,1.5,10,1.0,0.0
SP500,-0.22921155786125452,100,1.5,10,1.0,0.5
SP500,0.07606016968019215,100,1.5,20,0.7,-0.5
SP500,0.1582067348535661,100,1.5,20,0.7,0.0
SP500,0.11498982297582896,100,1.5,20,0.7,0.5
SP500,0.12518194817658956,100,1.5,20,0.9,-0.5
SP500,0.21214533032734725,100,1.5,20,0.9,0.0
SP500,0.14574872539204103,100,1.5,20,0.9,0.5
SP500,0.09472633802705277,100,1.5,20,1.0,-0.5
SP500,0.17393724636137906,100,1.5,20,1.0,0.0
SP500,0.09481279654056843,100,1.5,20,1.0,0.5
SP500,0.20380149240158452,100,1.5,50,0.7,-0.5
SP500,0.267904832575608,100,1.5,50,0.7,0.0
SP500,0.21413219072942827,100,1.5,50,0.7,0.5
SP500,0.26253163111320515,100,1.5,50,0.9,-0.5
SP500,0.35188771714321865,100,1.5,50,0.9,0.0
SP500,0.25595037594758896,100,1.5,50,0.9,0.5
SP500,0.24802627872928568,100,1.5,50,1.0,-0.5
SP500,0.33459923741476955,100,1.5,50,1.0,0.0
SP500,0.24947607031801453,100,1.5,50,1.0,0.5
SP500,0.2048216525944917,100,2.0,10,0.7,-0.5
SP500,0.3074753921281122,100,2.0,10,0.7,0.0
SP500,0.24587177929082404,100,2.0,10,0.7,0.5
SP500,0.13519261103212252,100,2.0,10,0.9,-0.5
SP500,0.346504965031067,100,2.0,10,0.9,0.0
SP500,0.2740176328063306,100,2.0,10,0.9,0.5
SP500,0.19710211077854867,100,2.0,10,1.0,-0.5
SP500,0.3964399902241492,100,2.0,10,1.0,0.0
SP500,0.35542926365410266,100,2.0,10,1.0,0.5
SP500,0.22808007198319466,100,2.0,20,0.7,-0.5
SP500,0.3182979045651577,100,2.0,20,0.7,0.0
SP500,0.2589991621548688,100,2.0,20,0.7,0.5
SP500,0.18128354405416608,100,2.0,20,0.9,-0.5
SP500,0.34705168798418073,100,2.0,20,0.9,0.0
SP500,0.2840662173593957,100,2.0,20,0.9,0.5
SP500,0.2504341808561294,100,2.0,20,1.0,-0.5
SP500,0.4239719114153994,100,2.0,20,1.0,0.0
SP500,0.3834665413619384,100,2.0,20,1.0,0.5
SP500,0.2943443427607583,100,2.0,50,0.7,-0.5
SP500,0.3863584367098769,100,2.0,50,0.7,0.0
SP500,0.33604313007277115,100,2.0,50,0.7,0.5
SP500,0.27006928183958195,100,2.0,50,0.9,-0.5
SP500,0.42639342987106466,100,2.0,50,0.9,0.0
SP500,0.35947386033271644,100,2.0,50,0.9,0.5
SP500,0.33474645935006175,100,2.0,50,1.0,-0.5
SP500,0.4926564883370503,100,2.0,50,1.0,0.0
SP500,0.43874945731716036,100,2.0,50,1.0,0.5
SP500,0.24783544314575967,100,2.5,10,0.7,-0.5
SP500,0.38019596127303035,100,2.5,10,0.7,0.0
SP500,0.26842875815733985,100,2.5,10,0.7,0.5
SP500,0.3199772813550467,100,2.5,10,0.9,-0.5
SP500,0.4213780968727795,100,2.5,10,0.9,0.0
SP500,0.4175005922119075,100,2.5,10,0.9,0.5
SP500,0.3427190342471984,100,2.5,10,1.0,-0.5
SP500,0.46319592726803926,100,2.5,10,1.0,0.0
SP500,0.45011656376991427,100,2.5,10,1.0,0.5
SP500,0.24783544314575967,100,2.5,20,0.7,-0.5
SP500,0.38019596127303035,100,2.5,20,0.7,0.0
SP500,0.26842875815733985,100,2.5,20,0.7,0.5
SP500,0.3199772813550467,100,2.5,20,0.9,-0.5
SP500,0.4213780968727795,100,2.5,20,0.9,0.0
SP500,0.4175005922119075,100,2.5,20,0.9,0.5
SP500,0.3427190342471984,100,2.5,20,1.0,-0.5
SP500,0.46319592726803926,100,2.5,20,1.0,0.0
SP500,0.45011656376991427,100,2.5,20,1.0,0.5
SP500,0.1923953554297332,100,2.5,50,0.7,-0.5
SP500,0.3365469194548778,100,2.5,50,0.7,0.0
SP500,0.2435802590754706,100,2.5,50,0.7,0.5
SP500,0.26936040482076373,100,2.5,50,0.9,-0.5
SP500,0.3675051584199496,100,2.5,50,0.9,0.0
SP500,0.3831670116964413,100,2.5,50,0.9,0.5
SP500,0.3156490629043255,100,2.5,50,1.0,-0.5
SP500,0.42708013045857757,100,2.5,50,1.0,0.0
SP500,0.4344273299929043,100,2.5,50,1.0,0.5
SP500,0.2755991671813006,100,3.0,10,0.7,-0.5
SP500,0.42292704667801817,100,3.0,10,0.7,0.0
SP500,0.40140700817076386,100,3.0,10,0.7,0.5
SP500,0.3883245991094063,100,3.0,10,0.9,-0.5
SP500,0.49018260393492946,100,3.0,10,0.9,0.0
SP500,0.41171739288753195,100,3.0,10,0.9,0.5
SP500,0.3243390601384767,100,3.0,10,1.0,-0.5
SP500,0.3749397330936193,100,3.0,10,1.0,0.0
SP500,0.2977004943059298,100,3.0,10,1.0,0.5
SP500,0.2755991671813006,100,3.0,20,0.7,-0.5
SP500,0.42292704667801817,100,3.0,20,0.7,0.0
SP500,0.40140700817076386,100,3.0,20,0.7,0.5
SP500,0.3883245991094063,100,3.0,20,0.9,-0.5
SP500,0.49018260393492946,100,3.0,20,0.9,0.0
SP500,0.41171739288753195,100,3.0,20,0.9,0.5
SP500,0.3243390601384767,100,3.0,20,1.0,-0.5
SP500,0.3749397330936193,100,3.0,20,1.0,0.0
SP500,0.2977004943059298,100,3.0,20,1.0,0.5
SP500,0.23055904218022816,100,3.0,50,0.7,-0.5
SP500,0.3786474549964178,100,3.0,50,0.7,0.0
SP500,0.37568707882860847,100,3.0,50,0.7,0.5
SP500,0.3309606468404935,100,3.0,50,0.9,-0.5
SP500,0.42645008326090594,100,3.0,50,0.9,0.0
SP500,0.3711167233166082,100,3.0,50,0.9,0.5
SP500,0.2736736911410727,100,3.0,50,1.0,-0.5
SP500,0.3192971154226251,100,3.0,50,1.0,0.0
SP500,0.2495679398807687,100,3.0,50,1.0,0.5
SP500,-0.3529447345649553,150,1.5,10,0.7,-0.5
SP500,-0.4593258443195108,150,1.5,10,0.7,0.0
SP500,-0.45944302458252806,150,1.5,10,0.7,0.5
SP500,-0.35100207918260956,150,1.5,10,0.9,-0.5
SP500,-0.4442266514580976,150,1.5,10,0.9,0.0
SP500,-0.4923076382883301,150,1.5,10,0.9,0.5
SP500,-0.3490893471982385,150,1.5,10,1.0,-0.5
SP500,-0.456920913834462,150,1.5,10,1.0,0.0
SP500,-0.519823769860491,150,1.5,10,1.0,0.5
SP500,0.10063821979014928,150,1.5,20,0.7,-0.5
SP500,-0.06357356740657075,150,1.5,20,0.7,0.0
SP500,-0.11887004794560774,150,1.5,20,0.7,0.5
SP500,0.12914240747483097,150,1.5,20,0.9,-0.5
SP500,-0.045406302234785825,150,1.5,20,0.9,0.0
SP500,-0.133554526757324,150,1.5,20,0.9,0.5
SP500,0.15442350959431678,150,1.5,20,1.0,-0.5
SP500,-0.062102885619552295,150,1.5,20,1.0,0.0
SP500,-0.1559635001213081,150,1.5,20,1.0,0.5
SP500,0.24171392018539023,150,1.5,50,0.7,-0.5
SP500,0.06748001970243994,150,1.5,50,0.7,0.0
SP500,0.07581688683662906,150,1.5,50,0.7,0.5
SP500,0.2937442780982115,150,1.5,50,0.9,-0.5
SP500,0.08123775284205079,150,1.5,50,0.9,0.0
SP500,0.05914546630925035,150,1.5,50,0.9,0.5
SP500,0.3625971297806071,150,1.5,50,1.0,-0.5
SP500,0.0898958012308348,150,1.5,50,1.0,0.0
SP500,0.06265116831500117,150,1.5,50,1.0,0.5
SP500,0.1233406169088778,150,2.0,10,0.7,-0.5
SP500,-0.08242785842019437,150,2.0,10,0.7,0.0
SP500,-0.16306687718557666,150,2.0,10,0.7,0.5
SP500,0.11232353585570322,150,2.0,10,0.9,-0.5
SP500,0.007537693693212462,150,2.0,10,0.9,0.0
SP500,-0.10300589387060517,150,2.0,10,0.9,0.5
SP500,0.17287320640306245,150,2.0,10,1.0,-0.5
SP500,0.05434996827449478,150,2.0,10,1.0,0.0
SP500,-0.020249177454512383,150,2.0,10,1.0,0.5
SP500,0.3868165722120697,150,2.0,20,0.7,-0.5
SP500,0.1425674423998557,150,2.0,20,0.7,0.0
SP500,0.057262642938566366,150,2.0,20,0.7,0.5
SP500,0.42902878826166324,150,2.0,20,0.9,-0.5
SP500,0.22997728046565202,150,2.0,20,0.9,0.0
SP500,0.13599921219155947,150,2.0,20,0.9,0.5
SP500,0.49953783497109,150,2.0,20,1.0,-0.5
SP500,0.2610375014461532,150,2.0,20,1.0,0.0
SP500,0.20876144345875655,150,2.0,20,1.0,0.5
SP500,0.4700226016067676,150,2.0,50,0.7,-0.5
SP500,0.22552579062544828,150,2.0,50,0.7,0.0
SP500,0.15278739162976068,150,2.0,50,0.7,0.5
SP500,0.5035232649309812,150,2.0,50,0.9,-0.5
SP500,0.3055345108602709,150,2.0,50,0.9,0.0
SP500,0.2282466169822976,150,2.0,50,0.9,0.5
SP500,0.5777571833167492,150,2.0,50,1.0,-0.5
SP500,0.3431491387402213,150,2.0,50,1.0,0.0
SP500,0.30708396333128585,150,2.0,50,1.0,0.5
SP500,0.4347941873038444,150,2.5,10,0.7,-0.5
SP500,0.2052450450209728,150,2.5,10,0.7,0.0
SP500,0.11491978241362301,150,2.5,10,0.7,0.5
SP500,0.6840444424140206,150,2.5,10,0.9,-0.5
SP500,0.39190925660274784,150,2.5,10,0.9,0.0
SP500,0.30722896762344754,150,2.5,10,0.9,0.5
SP500,0.4262598686174565,150,2.5,10,1.0,-0.5
SP500,0.16833097060595736,150,2.5,10,1.0,0.0
SP500,0.1915648480773491,150,2.5,10,1.0,0.5
SP500,0.4665203221635816,150,2.5,20,0.7,-0.5
SP500,0.23578033508818957,150,2.5,20,0.7,0.0
SP500,0.14966611806068753,150,2.5,20,0.7,0.5
SP500,0.7051508461245681,150,2.5,20,0.9,-0.5
SP500,0.4194769557698373,150,2.5,20,0.9,0.0
SP500,0.33977104731234503,150,2.5,20,0.9,0.5
SP500,0.4493399747141772,150,2.5,20,1.0,-0.5
SP500,0.20333998608183335,150,2.5,20,1.0,0.0
SP500,0.21482501201198143,150,2.5,20,1.0,0.5
SP500,0.486698597871139,150,2.5,50,0.7,-0.5
SP500,0.2554803834467916,150,2.5,50,0.7,0.0
SP500,0.16801477904840614,150,2.5,50,0.7,0.5
SP500,0.7257702554036509,150,2.5,50,0.9,-0.5
SP500,0.4403062427947936,150,2.5,50,0.9,0.0
SP500,0.3590323719382902,150,2.5,50,0.9,0.5
SP500,0.46843130960202334,150,2.5,50,1.0,-0.5
SP500,0.22102707977085176,150,2.5,50,1.0,0.0
SP500,0.23121759348427084,150,2.5,50,1.0,0.5
SP500,0.6504340796762834,150,3.0,10,0.7,-0.5
SP500,0.3821048197740668,150,3.0,10,0.7,0.0
SP500,0.3193366781760738,150,3.0,10,0.7,0.5
SP500,0.3985230963380953,150,3.0,10,0.9,-0.5
SP500,0.26646046682040514,150,3.0,10,0.9,0.0
SP500,0.3246418423472319,150,3.0,10,0.9,0.5
SP500,0.516344790454463,150,3.0,10,1.0,-0.5
SP500,0.3415691123625801,150,3.0,10,1.0,0.0
SP500,0.37904136755355033,150,3.0,10,1.0,0.5
SP500,0.6345598353250369,150,3.0,20,0.7,-0.5
SP500,0.36839957824735564,150,3.0,20,0.7,0.0
SP500,0.3066872417595212,150,3.0,20,0.7,0.5
SP500,0.3787342979014094,150,3.0,20,0.9,-0.5
SP500,0.24992264450735346,150,3.0,20,0.9,0.0
SP500,0.30910033317129043,150,3.0,20,0.9,0.5
SP500,0.494523773421533,150,3.0,20,1.0,-0.5
SP500,0.32389869534990323,150,3.0,20,1.0,0.0
SP500,0.36225939751611463,150,3.0,20,1.0,0.5
SP500,0.658027762852425,150,3.0,50,0.7,-0.5
SP500,0.3924714734892002,150,3.0,50,0.7,0.0
SP500,0.3289126977623101,150,3.0,50,0.7,0.5
SP500,0.39465948890750796,150,3.0,50,0.9,-0.5
SP500,0.2637752262436571,150,3.0,50,0.9,0.0
SP500,0.3220228353786491,150,3.0,50,0.9,0.5
SP500,0.51139246808966,150,3.0,50,1.0,-0.5
SP500,0.338426830320917,150,3.0,50,1.0,0.0
SP500,0.37600426093342465,150,3.0,50,1.0,0.5
SP500,-0.03353893984464655,200,1.5,10,0.7,-0.5
SP500,-0.06247089610492026,200,1.5,10,0.7,0.0
SP500,-0.009465926541056983,200,1.5,10,0.7,0.5
SP500,0.03448829438846773,200,1.5,10,0.9,-0.5
SP500,0.08322424363694336,200,1.5,10,0.9,0.0
SP500,0.10103216191585693,200,1.5,10,0.9,0.5
SP500,0.0004164887128370524,200,1.5,10,1.0,-0.5
SP500,0.0026091098120948446,200,1.5,10,1.0,0.0
SP500,0.07278448161994007,200,1.5,10,1.0,0.5
SP500,0.04645312958633764,200,1.5,20,0.7,-0.5
SP500,-0.00207519397906442,200,1.5,20,0.7,0.0
SP500,0.05551392044798562,200,1.5,20,0.7,0.5
SP500,0.12556376718651696,200,1.5,20,0.9,-0.5
SP500,0.14170875619542628,200,1.5,20,0.9,0.0
SP500,0.1437024765069244,200,1.5,20,0.9,0.5
SP500,0.10035112371047065,200,1.5,20,1.0,-0.5
SP500,0.10445198199530602,200,1.5,20,1.0,0.0
SP500,0.14092422797728188,200,1.5,20,1.0,0.5
SP500,0.16745083240031194,200,1.5,50,0.7,-0.5
SP500,0.11080776199169728,200,1.5,50,0.7,0.0
SP500,0.1636267433703107,200,1.5,50,0.7,0.5
SP500,0.23259745539295024,200,1.5,50,0.9,-0.5
SP500,0.21809461633791208,200,1.5,50,0.9,0.0
SP500,0.2091091255487613,200,1.5,50,0.9,0.5
SP500,0.23924587557684648,200,1.5,50,1.0,-0.5
SP500,0.20921064925127703,200,1.5,50,1.0,0.0
SP500,0.2081028625861388,200,1.5,50,1.0,0.5
SP500,-0.13771512095595212,200,2.0,10,0.7,-0.5
SP500,-0.13414665225746347,200,2.0,10,0.7,0.0
SP500,-0.0771779800922804,200,2.0,10,0.7,0.5
SP500,-0.09310552180009733,200,2.0,10,0.9,-0.5
SP500,-0.09506166784482045,200,2.0,10,0.9,0.0
SP500,-0.02777434469810024,200,2.0,10,0.9,0.5
SP500,-0.22241501390052631,200,2.0,10,1.0,-0.5
SP500,-0.27402032354666234,200,2.0,10,1.0,0.0
SP500,-0.18742461184265927,200,2.0,10,1.0,0.5
SP500,0.18096782559381605,200,2.0,20,0.7,-0.5
SP500,0.14694762762126906,200,2.0,20,0.7,0.0
SP500,0.17613858242275754,200,2.0,20,0.7,0.5
SP500,0.21399613093122638,200,2.0,20,0.9,-0.5
SP500,0.16781681743828736,200,2.0,20,0.9,0.0
SP500,0.21125649896063017,200,2.0,20,0.9,0.5
SP500,0.19493636049727145,200,2.0,20,1.0,-0.5
SP500,0.1337994432646599,200,2.0,20,1.0,0.0
SP500,0.20138106798319705,200,2.0,20,1.0,0.5
SP500,0.3080984020049162,200,2.0,50,0.7,-0.5
SP500,0.2803863194857416,200,2.0,50,0.7,0.0
SP500,0.3026781865081461,200,2.0,50,0.7,0.5
SP500,0.3356771598190833,200,2.0,50,0.9,-0.5
SP500,0.2883542816851668,200,2.0,50,0.9,0.0
SP500,0.32035433982438727,200,2.0,50,0.9,0.5
SP500,0.33612920419481085,200,2.0,50,1.0,-0.5
SP500,0.27102863425784995,200,2.0,50,1.0,0.0
SP500,0.33404464922068616,200,2.0,50,1.0,0.5
SP500,0.2566858055468234,200,2.5,10,0.7,-0.5
SP500,0.20984310628781713,200,2.5,10,0.7,0.0
SP500,0.23767806102071073,200,2.5,10,0.7,0.5
SP500,0.3104501977605575,200,2.5,10,0.9,-0.5
SP500,0.20446736192795795,200,2.5,10,0.9,0.0
SP500,0.293691143368804,200,2.5,10,0.9,0.5
SP500,0.3810726399553921,200,2.5,10,1.0,-0.5
SP500,0.3011593670809076,200,2.5,10,1.0,0.0
SP500,0.34073542638837556,200,2.5,10,1.0,0.5
SP500,0.33366203185923177,200,2.5,20,0.7,-0.5
SP500,0.28755483612089766,200,2.5,20,0.7,0.0
SP500,0.3116077187689698,200,2.5,20,0.7,0.5
SP500,0.38525002910466216,200,2.5,20,0.9,-0.5
SP500,0.28029637188036727,200,2.5,20,0.9,0.0
SP500,0.366958080643935,200,2.5,20,0.9,0.5
SP500,0.3708950181407052,200,2.5,20,1.0,-0.5
SP500,0.3100509332913366,200,2.5,20,1.0,0.0
SP500,0.3555878694907983,200,2.5,20,1.0,0.5
SP500,0.32486966821817526,200,2.5,50,0.7,-0.5
SP500,0.27931392640496666,200,2.5,50,0.7,0.0
SP500,0.3039828407461254,200,2.5,50,0.7,0.5
SP500,0.3891512477627433,200,2.5,50,0.9,-0.5
SP500,0.2880243555244938,200,2.5,50,0.9,0.0
SP500,0.3767366745380015,200,2.5,50,0.9,0.5
SP500,0.3750516797188485,200,2.5,50,1.0,-0.5
SP500,0.31827611252532834,200,2.5,50,1.0,0.0
SP500,0.3660489356661422,200,2.5,50,1.0,0.5
SP500,0.33785905454235077,200,3.0,10,0.7,-0.5
SP500,0.24017555593002796,200,3.0,10,0.7,0.0
SP500,0.32716498799542565,200,3.0,10,0.7,0.5
SP500,0.3066445743056898,200,3.0,10,0.9,-0.5
SP500,0.2762057369303636,200,3.0,10,0.9,0.0
SP500,0.3542316772264654,200,3.0,10,0.9,0.5
SP500,0.3929526724799505,200,3.0,10,1.0,-0.5
SP500,0.36497349702213466,200,3.0,10,1.0,0.0
SP500,0.41230879395758213,200,3.0,10,1.0,0.5
SP500,0.3371479894489771,200,3.0,20,0.7,-0.5
SP500,0.23951101698953284,200,3.0,20,0.7,0.0
SP500,0.3265407362384685,200,3.0,20,0.7,0.5
SP500,0.2995074594972621,200,3.0,20,0.9,-0.5
SP500,0.26964124714681426,200,3.0,20,0.9,0.0
SP500,0.34802218775525157,200,3.0,20,0.9,0.5
SP500,0.40025894910637516,200,3.0,20,1.0,-0.5
SP500,0.3740946040808612,200,3.0,20,1.0,0.0
SP500,0.42634203968758644,200,3.0,20,1.0,0.5
SP500,0.3371479894489771,200,3.0,50,0.7,-0.5
SP500,0.23951101698953284,200,3.0,50,0.7,0.0
SP500,0.3265407362384685,200,3.0,50,0.7,0.5
SP500,0.2995074594972621,200,3.0,50,0.9,-0.5
SP500,0.26964124714681426,200,3.0,50,0.9,0.0
SP500,0.34802218775525157,200,3.0,50,0.9,0.5
SP500,0.40025894910637516,200,3.0,50,1.0,-0.5
SP500,0.3740946040808612,200,3.0,50,1.0,0.0
SP500,0.42634203968758644,200,3.0,50,1.0,0.5
SP500,-0.17594498217746213,250,1.5,10,0.7,-0.5
SP500,-0.08815930534604706,250,1.5,10,0.7,0.0
SP500,-0.17833227500747947,250,1.5,10,0.7,0.5
SP500,-0.17367457392471136,250,1.5,10,0.9,-0.5
SP500,-0.10599793059017472,250,1.5,10,0.9,0.0
SP500,-0.13264465734944192,250,1.5,10,0.9,0.5
SP500,-0.1538869138781658,250,1.5,10,1.0,-0.5
SP500,-0.12572569948790838,250,1.5,10,1.0,0.0
SP500,-0.1626421689575048,250,1.5,10,1.0,0.5
SP500,-0.1822903392511399,250,1.5,20,0.7,-0.5
SP500,-0.0734990210208849,250,1.5,20,0.7,0.0
SP500,-0.14379403559964027,250,1.5,20,0.7,0.5
SP500,-0.13281006395840453,250,1.5,20,0.9,-0.5
SP500,-0.044130521710366036,250,1.5,20,0.9,0.0
SP500,-0.09502589726112498,250,1.5,20,0.9,0.5
SP500,-0.11461323021154585,250,1.5,20,1.0,-0.5
SP500,-0.054132121797638884,250,1.5,20,1.0,0.0
SP500,-0.13417180033056372,250,1.5,20,1.0,0.5
SP500,0.19801350296804704,250,1.5,50,0.7,-0.5
SP500,0.2213577894987642,250,1.5,50,0.7,0.0
SP500,0.14064038444086135,250,1.5,50,0.7,0.5
SP500,0.22226737800518306,250,1.5,50,0.9,-0.5
SP500,0.19582916883733598,250,1.5,50,0.9,0.0
SP500,0.14018733473358128,250,1.5,50,0.9,0.5
SP500,0.23869900478085737,250,1.5,50,1.0,-0.5
SP500,0.19465168904074887,250,1.5,50,1.0,0.0
SP500,0.11582600010248346,250,1.5,50,1.0,0.5
SP500,-0.2563901493646609,250,2.0,10,0.7,-0.5
SP500,-0.222605317249701,250,2.0,10,0.7,0.0
SP500,-0.24381744340042472,250,2.0,10,0.7,0.5
SP500,-0.21389493248303645,250,2.0,10,0.9,-0.5
SP500,-0.24913416888443668,250,2.0,10,0.9,0.0
SP500,-0.2762496758329232,250,2.0,10,0.9,0.5
SP500,-0.36358131980193703,250,2.0,10,1.0,-0.5
SP500,-0.36064817629177065,250,2.0,10,1.0,0.0
SP500,-0.369529866598125,250,2.0,10,1.0,0.5
SP500,0.050393123734556136,250,2.0,20,0.7,-0.5
SP500,0.05076287876585345,250,2.0,20,0.7,0.0
SP500,0.010239783275653686,250,2.0,20,0.7,0.5
SP500,0.0793494223242593,250,2.0,20,0.9,-0.5
SP500,-0.007382170380468276,250,2.0,20,0.9,0.0
SP500,-0.04785145337407873,250,2.0,20,0.9,0.5
SP500,-0.011125840740421668,250,2.0,20,1.0,-0.5
SP500,-0.08853016919890963,250,2.0,20,1.0,0.0
SP500,-0.09106253285038257,250,2.0,20,1.0,0.5
SP500,0.20429839230569896,250,2.0,50,0.7,-0.5
SP500,0.2090869934703186,250,2.0,50,0.7,0.0
SP500,0.15748829240071152,250,2.0,50,0.7,0.5
SP500,0.24920365503586,250,2.0,50,0.9,-0.5
SP500,0.1660598083545422,250,2.0,50,0.9,0.0
SP500,0.11780953403986866,250,2.0,50,0.9,0.5
SP500,0.15352725651525617,250,2.0,50,1.0,-0.5
SP500,0.07908249940492475,250,2.0,50,1.0,0.0
SP500,0.07127285474858823,250,2.0,50,1.0,0.5
SP500,-0.011737652443434481,250,2.5,10,0.7,-0.5
SP500,-0.08010827023495216,250,2.5,10,0.7,0.0
SP500,-0.1076068380735192,250,2.5,10,0.7,0.5
SP500,-0.09502880976576975,250,2.5,10,0.9,-0.5
SP500,-0.1499047364615327,250,2.5,10,0.9,0.0
SP500,-0.14843143785562024,250,2.5,10,0.9,0.5
SP500,0.019047142804362482,250,2.5,10,1.0,-0.5
SP500,-0.06749221673965787,250,2.5,10,1.0,0.0
SP500,-0.10092040748636566,250,2.5,10,1.0,0.5
SP500,0.27867075075996234,250,2.5,20,0.7,-0.5
SP500,0.19566528500998967,250,2.5,20,0.7,0.0
SP500,0.14738592260958733,250,2.5,20,0.7,0.5
SP500,0.14479716429330497,250,2.5,20,0.9,-0.5
SP500,0.09148948829016007,250,2.5,20,0.9,0.0
SP500,0.08337879118671011,250,2.5,20,0.9,0.5
SP500,0.1952139650643514,250,2.5,20,1.0,-0.5
SP500,0.1223659257922903,250,2.5,20,1.0,0.0
SP500,0.0929432642443801,250,2.5,20,1.0,0.5
SP500,0.27867075075996234,250,2.5,50,0.7,-0.5
SP500,0.19566528500998967,250,2.5,50,0.7,0.0
SP500,0.14738592260958733,250,2.5,50,0.7,0.5
SP500,0.14479716429330497,250,2.5,50,0.9,-0.5
SP500,0.09148948829016007,250,2.5,50,0.9,0.0
SP500,0.08337879118671011,250,2.5,50,0.9,0.5
SP500,0.1952139650643514,250,2.5,50,1.0,-0.5
SP500,0.1223659257922903,250,2.5,50,1.0,0.0
SP500,0.0929432642443801,250,2.5,50,1.0,0.5
SP500,0.21935070419133273,250,3.0,10,0.7,-0.5
SP500,0.13776136620736748,250,3.0,10,0.7,0.0
SP500,0.12571935702855505,250,3.0,10,0.7,0.5
SP500,0.24954440329501,250,3.0,10,0.9,-0.5
SP500,0.17852355411963158,250,3.0,10,0.9,0.0
SP500,0.12346589156932154,250,3.0,10,0.9,0.5
SP500,0.41226929034128357,250,3.0,10,1.0,-0.5
SP500,0.34315836413564427,250,3.0,10,1.0,0.0
SP500,0.26154489819441884,250,3.0,10,1.0,0.5
SP500,0.178962898792365,250,3.0,20,0.7,-0.5
SP500,0.1063997083882769,250,3.0,20,0.7,0.0
SP500,0.09736479372589034,250,3.0,20,0.7,0.5
SP500,0.19876952707982035,250,3.0,20,0.9,-0.5
SP500,0.1374111116513313,250,3.0,20,0.9,0.0
SP500,0.08620954611353986,250,3.0,20,0.9,0.5
SP500,0.34365449525680686,250,3.0,20,1.0,-0.5
SP500,0.2860286836870408,250,3.0,20,1.0,0.0
SP500,0.21015221617163818,250,3.0,20,1.0,0.5
SP500,0.178962898792365,250,3.0,50,0.7,-0.5
SP500,0.1063997083882769,250,3.0,50,0.7,0.0
SP500,0.09736479372589034,250,3.0,50,0.7,0.5
SP500,0.19876952707982035,250,3.0,50,0.9,-0.5
SP500,0.1374111116513313,250,3.0,50,0.9,0.0
SP500,0.08620954611353986,250,3.0,50,0.9,0.5
SP500,0.34365449525680686,250,3.0,50,1.0,-0.5
SP500,0.2860286836870408,250,3.0,50,1.0,0.0
SP500,0.21015221617163818,250,3.0,50,1.0,0.5
NASDAQ,0.1274169037078269,50,1.5,10,0.7,-0.5
NASDAQ,0.08556566821487753,50,1.5,10,0.7,0.0
NASDAQ,-0.000222121402685636,50,1.5,10,0.7,0.5
NASDAQ,0.19660606836311134,50,1.5,10,0.9,-0.5
NASDAQ,0.14390388285603928,50,1.5,10,0.9,0.0
NASDAQ,0.060428635281366695,50,1.5,10,0.9,0.5
NASDAQ,0.20713131313065286,50,1.5,10,1.0,-0.5
NASDAQ,0.17381623696788973,50,1.5,10,1.0,0.0
NASDAQ,0.11895852451437218,50,1.5,10,1.0,0.5
NASDAQ,0.05970983061346747,50,1.5,20,0.7,-0.5
NASDAQ,0.015224904582357252,50,1.5,20,0.7,0.0
NASDAQ,-0.01696418268525584,50,1.5,20,0.7,0.5
NASDAQ,0.15571020092293877,50,1.5,20,0.9,-0.5
NASDAQ,0.13901528077052022,50,1.5,20,0.9,0.0
NASDAQ,0.0977775192889136,50,1.5,20,0.9,0.5
NASDAQ,0.18242982900405033,50,1.5,20,1.0,-0.5
NASDAQ,0.15816971499757376,50,1.5,20,1.0,0.0
NASDAQ,0.15569634804551674,50,1.5,20,1.0,0.5
NASDAQ,-0.1966184280274922,50,1.5,50,0.7,-0.5
NASDAQ,-0.17824540253391277,50,1.5,50,0.7,0.0
NASDAQ,-0.18376347522988948,50,1.5,50,0.7,0.5
NASDAQ,-0.12799669911216063,50,1.5,50,0.9,-0.5
NASDAQ,-0.09853889531277525,50,1.5,50,0.9,0.0
NASDAQ,-0.13355112637119051,50,1.5,50,0.9,0.5
NASDAQ,-0.11261439453655998,50,1.5,50,1.0,-0.5
NASDAQ,-0.06720288823256117,50,1.5,50,1.0,0.0
NASDAQ,-0.09593736337206103,50,1.5,50,1.0,0.5
NASDAQ,0.25658264078839105,50,2.0,10,0.7,-0.5
NASDAQ,0.23305119996174456,50,2.0,10,0.7,0.0
NASDAQ,0.16903669857153023,50,2.0,10,0.7,0.5
NASDAQ,0.22818631187343466,50,2.0,10,0.9,-0.5
NASDAQ,0.16126891562535436,50,2.0,10,0.9,0.0
NASDAQ,0.19052317674607577,50,2.0,10,0.9,0.5
NASDAQ,0.2141991191991077,50,2.0,10,1.0,-0.5
NASDAQ,0.17370665582866637,50,2.0,10,1.0,0.0
NASDAQ,0.12641989570920248,50,2.0,10,1.0,0.5
NASDAQ,0.19345506359180153,50,2.0,20,0.7,-0.5
NASDAQ,0.16362090357673362,50,2.0,20,0.7,0.0
NASDAQ,0.0895947118230025,50,2.0,20,0.7,0.5
NASDAQ,0.1926066672514978,50,2.0,20,0.9,-0.5
NASDAQ,0.13243550403365772,50,2.0,20,0.9,0.0
NASDAQ,0.14257341525202058,50,2.0,20,0.9,0.5
NASDAQ,0.19826550114911312,50,2.0,20,1.0,-0.5
NASDAQ,0.1643111228246803,50,2.0,20,1.0,0.0
NASDAQ,0.10670021381675147,50,2.0,20,1.0,0.5
NASDAQ,-0.17002415592040582,50,2.0,50,0.7,-0.5
NASDAQ,-0.15176301791490548,50,2.0,50,0.7,0.0
NASDAQ,-0.19135554691868953,50,2.0,50,0.7,0.5
NASDAQ,-0.06664779737270156,50,2.0,50,0.9,-0.5
NASDAQ,-0.11728600024175652,50,2.0,50,0.9,0.0
NASDAQ,-0.1395420153668841,50,2.0,50,0.9,0.5
NASDAQ,-0.009353797884287448,50,2.0,50,1.0,-0.5
NASDAQ,-0.06965328779392967,50,2.0,50,1.0,0.0
NASDAQ,-0.08339425555147369,50,2.0,50,1.0,0.5
NASDAQ,0.15139230190491829,50,2.5,10,0.7,-0.5
NASDAQ,0.1194066954067651,50,2.5,10,0.7,0.0
NASDAQ,0.14940507189564886,50,2.5,10,0.7,0.5
NASDAQ,0.28626638546205874,50,2.5,10,0.9,-0.5
NASDAQ,0.3064159796517946,50,2.5,10,0.9,0.0
NASDAQ,0.2239875889972489,50,2.5,10,0.9,0.5
NASDAQ,0.2941831053208811,50,2.5,10,1.0,-0.5
NASDAQ,0.3401526593422469,50,2.5,10,1.0,0.0
NASDAQ,0.24223500718391502,50,2.5,10,1.0,0.5
NASDAQ,0.17435153166673745,50,2.5,20,0.7,-0.5
NASDAQ,0.1412774689594005,50,2.5,20,0.7,0.0
NASDAQ,0.1574888394193504,50,2.5,20,0.7,0.5
NASDAQ,0.3074520920909541,50,2.5,20,0.9,-0.5
NASDAQ,0.3417447496985182,50,2.5,20,0.9,0.0
NASDAQ,0.2550228393161003,50,2.5,20,0.9,0.5
NASDAQ,0.3134809175684673,50,2.5,20,1.0,-0.5
NASDAQ,0.34893065265581763,50,2.5,20,1.0,0.0
NASDAQ,0.2719092751292716,50,2.5,20,1.0,0.5
NASDAQ,-0.04335711127644935,50,2.5,50,0.7,-0.5
NASDAQ,-0.11244946841694234,50,2.5,50,0.7,0.0
NASDAQ,-0.09961856226301836,50,2.5,50,0.7,0.5
NASDAQ,0.04959192623221389,50,2.5,50,0.9,-0.5
NASDAQ,0.006937839706763069,50,2.5,50,0.9,0.0
NASDAQ,-0.01123634497359809,50,2.5,50,0.9,0.5
NASDAQ,0.06370848881463229,50,2.5,50,1.0,-0.5
NASDAQ,0.06876019116025818,50,2.5,50,1.0,0.0
NASDAQ,0.0710714114387545,50,2.5,50,1.0,0.5
NASDAQ,0.260147812590759,50,3.0,10,0.7,-0.5
NASDAQ,0.2494669631968918,50,3.0,10,0.7,0.0
NASDAQ,0.19497707642514803,50,3.0,10,0.7,0.5
NASDAQ,0.25154244061846887,50,3.0,10,0.9,-0.5
NASDAQ,0.2505025138331249,50,3.0,10,0.9,0.0
NASDAQ,0.21972388917733862,50,3.0,10,0.9,0.5
NASDAQ,0.07270384811571394,50,3.0,10,1.0,-0.5
NASDAQ,0.11536106382802373,50,3.0,10,1.0,0.0
NASDAQ,0.10623912145705133,50,3.0,10,1.0,0.5
NASDAQ,0.2894992951863229,50,3.0,20,0.7,-0.5
NASDAQ,0.2767891249165688,50,3.0,20,0.7,0.0
NASDAQ,0.22167103898309556,50,3.0,20,0.7,0.5
NASDAQ,0.2852227034676804,50,3.0,20,0.9,-0.5
NASDAQ,0.2814539520259297,50,3.0,20,0.9,0.0
NASDAQ,0.2499352111517598,50,3.0,20,0.9,0.5
NASDAQ,0.10697148331662189,50,3.0,20,1.0,-0.5
NASDAQ,0.1454333617545919,50,3.0,20,1.0,0.0
NASDAQ,0.13449909488805512,50,3.0,20,1.0,0.5
NASDAQ,0.09208842934685406,50,3.0,50,0.7,-0.5
NASDAQ,0.04282139152933494,50,3.0,50,0.7,0.0
NASDAQ,0.03569082246421418,50,3.0,50,0.7,0.5
NASDAQ,0.12979610953256154,50,3.0,50,0.9,-0.5
NASDAQ,0.09545660051779307,50,3.0,50,0.9,0.0
NASDAQ,0.12114252599861368,50,3.0,50,0.9,0.5
NASDAQ,0.03829462379306531,50,3.0,50,1.0,-0.5
NASDAQ,0.07373227272535422,50,3.0,50,1.0,0.0
NASDAQ,0.08032168881769076,50,3.0,50,1.0,0.5
NASDAQ,0.09743916608434461,80,1.5,10,0.7,-0.5
NASDAQ,0.020239482657960075,80,1.5,10,0.7,0.0
NASDAQ,-0.05182167030209448,80,1.5,10,0.7,0.5
NASDAQ,0.10960032183641671,80,1.5,10,0.9,-0.5
NASDAQ,0.031738546269124424,80,1.5,10,0.9,0.0
NASDAQ,-0.022673719296978874,80,1.5,10,0.9,0.5
NASDAQ,0.07398139536249437,80,1.5,10,1.0,-0.5
NASDAQ,0.015953227559376313,80,1.5,10,1.0,0.0
NASDAQ,-0.04025071070063829,80,1.5,10,1.0,0.5
NASDAQ,0.16144474515703044,80,1.5,20,0.7,-0.5
NASDAQ,0.10107747575715745,80,1.5,20,0.7,0.0
NASDAQ,0.04743890522250593,80,1.5,20,0.7,0.5
NASDAQ,0.1269408348648519,80,1.5,20,0.9,-0.5
NASDAQ,0.06691378888192129,80,1.5,20,0.9,0.0
NASDAQ,0.04320589758352217,80,1.5,20,0.9,0.5
NASDAQ,0.05910268427719051,80,1.5,20,1.0,-0.5
NASDAQ,0.01284427576994717,80,1.5,20,1.0,0.0
NASDAQ,-0.011233616348529565,80,1.5,20,1.0,0.5
NASDAQ,-0.12914200829906747,80,1.5,50,0.7,-0.5
NASDAQ,-0.19510306812353728,80,1.5,50,0.7,0.0
NASDAQ,-0.16490648608379038,80,1.5,50,0.7,0.5
NASDAQ,-0.1407980292988671,80,1.5,50,0.9,-0.5
NASDAQ,-0.1848331332174701,80,1.5,50,0.9,0.0
NASDAQ,-0.1905702055647306,80,1.5,50,0.9,0.5
NASDAQ,-0.1575291413871759,80,1.5,50,1.0,-0.5
NASDAQ,-0.18483195047446715,80,1.5,50,1.0,0.0
NASDAQ,-0.2061802694819806,80,1.5,50,1.0,0.5
NASDAQ,0.19745632752364473,80,2.0,10,0.7,-0.5
NASDAQ,0.11517004344090351,80,2.0,10,0.7,0.0
NASDAQ,0.13250787312115073,80,2.0,10,0.7,0.5
NASDAQ,0.19741256603253557,80,2.0,10,0.9,-0.5
NASDAQ,0.2472019955619546,80,2.0,10,0.9,0.0
NASDAQ,0.16434713734912013,80,2.0,10,0.9,0.5
NASDAQ,0.25841796224321906,80,2.0,10,1.0,-0.5
NASDAQ,0.2775940702358017,80,2.0,10,1.0,0.0
NASDAQ,0.2368542805191559,80,2.0,10,1.0,0.5
NASDAQ,0.10833990218674774,80,2.0,20,0.7,-0.5
NASDAQ,0.025490116832574367,80,2.0,20,0.7,0.0
NASDAQ,0.04302814609446629,80,2.0,20,0.7,0.5
NASDAQ,0.10466677551678555,80,2.0,20,0.9,-0.5
NASDAQ,0.1528097750410915,80,2.0,20,0.9,0.0
NASDAQ,0.07246924364893499,80,2.0,20,0.9,0.5
NASDAQ,0.1479230357758021,80,2.0,20,1.0,-0.5
NASDAQ,0.1715017124011289,80,2.0,20,1.0,0.0
NASDAQ,0.14017249130889425,80,2.0,20,1.0,0.5
NASDAQ,-0.005531577680632654,80,2.0,50,0.7,-0.5
NASDAQ,-0.05277142032560727,80,2.0,50,0.7,0.0
NASDAQ,-0.016695949508438324,80,2.0,50,0.7,0.5
NASDAQ,0.043414319077073306,80,2.0,50,0.9,-0.5
NASDAQ,0.05558675524053605,80,2.0,50,0.9,0.0
NASDAQ,0.04878168074589907,80,2.0,50,0.9,0.5
NASDAQ,0.03959528257733778,80,2.0,50,1.0,-0.5
NASDAQ,0.04950710877461482,80,2.0,50,1.0,0.0
NASDAQ,0.06651062136079064,80,2.0,50,1.0,0.5
NASDAQ,0.16895924368912452,80,2.5,10,0.7,-0.5
NASDAQ,0.1914899213081122,80,2.5,10,0.7,0.0
NASDAQ,0.12232694701819932,80,2.5,10,0.7,0.5
NASDAQ,0.14293790707695475,80,2.5,10,0.9,-0.5
NASDAQ,0.16067628745943863,80,2.5,10,0.9,0.0
NASDAQ,0.2136889725733602,80,2.5,10,0.9,0.5
NASDAQ,0.10745353240390555,80,2.5,10,1.0,-0.5
NASDAQ,0.12666157445756782,80,2.5,10,1.0,0.0
NASDAQ,0.17183997689997266,80,2.5,10,1.0,0.5
NASDAQ,0.16895924368912452,80,2.5,20,0.7,-0.5
NASDAQ,0.1914899213081122,80,2.5,20,0.7,0.0
NASDAQ,0.12232694701819932,80,2.5,20,0.7,0.5
NASDAQ,0.14293790707695475,80,2.5,20,0.9,-0.5
NASDAQ,0.16067628745943863,80,2.5,20,0.9,0.0
NASDAQ,0.2136889725733602,80,2.5,20,0.9,0.5
NASDAQ,0.10745353240390555,80,2.5,20,1.0,-0.5
NASDAQ,0.12666157445756782,80,2.5,20,1.0,0.0
NASDAQ,0.17183997689997266,80,2.5,20,1.0,0.5
NASDAQ,0.0353121118507414,80,2.5,50,0.7,-0.5
NASDAQ,0.03501679940326415,80,2.5,50,0.7,0.0
NASDAQ,0.022912019835642037,80,2.5,50,0.7,0.5
NASDAQ,0.04344322975135167,80,2.5,50,0.9,-0.5
NASDAQ,0.06776512729544486,80,2.5,50,0.9,0.0
NASDAQ,0.11104147200908025,80,2.5,50,0.9,0.5
NASDAQ,0.008947174535945047,80,2.5,50,1.0,-0.5
NASDAQ,0.012764563511638181,80,2.5,50,1.0,0.0
NASDAQ,0.05438505878096356,80,2.5,50,1.0,0.5
NASDAQ,0.1463382784261491,80,3.0,10,0.7,-0.5
NASDAQ,0.186065462720819,80,3.0,10,0.7,0.0
NASDAQ,0.23777446935973873,80,3.0,10,0.7,0.5
NASDAQ,0.1621379212624845,80,3.0,10,0.9,-0.5
NASDAQ,0.24223216860070795,80,3.0,10,0.9,0.0
NASDAQ,0.2624526534491831,80,3.0,10,0.9,0.5
NASDAQ,0.11012462441748078,80,3.0,10,1.0,-0.5
NASDAQ,0.1500626770052892,80,3.0,10,1.0,0.0
NASDAQ,0.13018682868358616,80,3.0,10,1.0,0.5
NASDAQ,0.1463382784261491,80,3.0,20,0.7,-0.5
NASDAQ,0.186065462720819,80,3.0,20,0.7,0.0
NASDAQ,0.23777446935973873,80,3.0,20,0.7,0.5
NASDAQ,0.1621379212624845,80,3.0,20,0.9,-0.5
NASDAQ,0.24223216860070795,80,3.0,20,0.9,0.0
NASDAQ,0.2624526534491831,80,3.0,20,0.9,0.5
NASDAQ,0.11012462441748078,80,3.0,20,1.0,-0.5
NASDAQ,0.1500626770052892,80,3.0,20,1.0,0.0
NASDAQ,0.13018682868358616,80,3.0,20,1.0,0.5
NASDAQ,0.05206434698986856,80,3.0,50,0.7,-0.5
NASDAQ,0.08937899428355194,80,3.0,50,0.7,0.0
NASDAQ,0.09669825151443398,80,3.0,50,0.7,0.5
NASDAQ,0.08585686693434763,80,3.0,50,0.9,-0.5
NASDAQ,0.14875886547169948,80,3.0,50,0.9,0.0
NASDAQ,0.13575420697849835,80,3.0,50,0.9,0.5
NASDAQ,0.021192934297464914,80,3.0,50,1.0,-0.5
NASDAQ,0.047500204574705704,80,3.0,50,1.0,0.0
NASDAQ,-5.036277655883952e-05,80,3.0,50,1.0,0.5
NASDAQ,-0.13530158601555684,100,1.5,10,0.7,-0.5
NASDAQ,-0.11048553105268727,100,1.5,10,0.7,0.0
NASDAQ,-0.12580234123449954,100,1.5,10,0.7,0.5
NASDAQ,-0.10717507774029222,100,1.5,10,0.9,-0.5
NASDAQ,-0.13200732149801467,100,1.5,10,0.9,0.0
NASDAQ,-0.10910440508742346,100,1.5,10,0.9,0.5
NASDAQ,-0.10096806463724078,100,1.5,10,1.0,-0.5
NASDAQ,-0.172778217355638,100,1.5,10,1.0,0.0
NASDAQ,-0.13806663217642892,100,1.5,10,1.0,0.5
NASDAQ,-0.23451107443457356,100,1.5,20,0.7,-0.5
NASDAQ,-0.21422414899790765,100,1.5,20,0.7,0.0
NASDAQ,-0.2283148612535678,100,1.5,20,0.7,0.5
NASDAQ,-0.19269841853995168,100,1.5,20,0.9,-0.5
NASDAQ,-0.20289793588448068,100,1.5,20,0.9,0.0
NASDAQ,-0.1815750162829556,100,1.5,20,0.9,0.5
NASDAQ,-0.17112218495576972,100,1.5,20,1.0,-0.5
NASDAQ,-0.19650175043025114,100,1.5,20,1.0,0.0
NASDAQ,-0.17971465024504013,100,1.5,20,1.0,0.5
NASDAQ,-0.2551232246284757,100,1.5,50,0.7,-0.5
NASDAQ,-0.2686370096315843,100,1.5,50,0.7,0.0
NASDAQ,-0.22132751127788866,100,1.5,50,0.7,0.5
NASDAQ,-0.19666247042006454,100,1.5,50,0.9,-0.5
NASDAQ,-0.23020540202234605,100,1.5,50,0.9,0.0
NASDAQ,-0.22259458385694922,100,1.5,50,0.9,0.5
NASDAQ,-0.18515516456859837,100,1.5,50,1.0,-0.5
NASDAQ,-0.23004379497528044,100,1.5,50,1.0,0.0
NASDAQ,-0.22394467021052936,100,1.5,50,1.0,0.5
NASDAQ,0.0203726170152656,100,2.0,10,0.7,-0.5
NASDAQ,0.011086722439617062,100,2.0,10,0.7,0.0
NASDAQ,0.023143107490023147,100,2.0,10,0.7,0.5
NASDAQ,0.12967881099524398,100,2.0,10,0.9,-0.5
NASDAQ,0.06061298425873591,100,2.0,10,0.9,0.0
NASDAQ,0.008364337264450602,100,2.0,10,0.9,0.5
NASDAQ,0.046452523430548634,100,2.0,10,1.0,-0.5
NASDAQ,0.025472822912228105,100,2.0,10,1.0,0.0
NASDAQ,-0.05542254985493584,100,2.0,10,1.0,0.5
NASDAQ,0.05749412422460314,100,2.0,20,0.7,-0.5
NASDAQ,0.0565530747543058,100,2.0,20,0.7,0.0
NASDAQ,0.08529417695069406,100,2.0,20,0.7,0.5
NASDAQ,0.13294128929458185,100,2.0,20,0.9,-0.5
NASDAQ,0.10361338024549548,100,2.0,20,0.9,0.0
NASDAQ,0.0853002828614468,100,2.0,20,0.9,0.5
NASDAQ,0.05733600996546812,100,2.0,20,1.0,-0.5
NASDAQ,0.09712861473248872,100,2.0,20,1.0,0.0
NASDAQ,0.05503129107741614,100,2.0,20,1.0,0.5
NASDAQ,0.013447738970591504,100,2.0,50,0.7,-0.5
NASDAQ,-0.0075420776964761314,100,2.0,50,0.7,0.0
NASDAQ,-0.004474308001989946,100,2.0,50,0.7,0.5
NASDAQ,0.10805144595261572,100,2.0,50,0.9,-0.5
NASDAQ,0.09178326686780536,100,2.0,50,0.9,0.0
NASDAQ,0.05791060499666076,100,2.0,50,0.9,0.5
NASDAQ,0.07956859938699352,100,2.0,50,1.0,-0.5
NASDAQ,0.1278282321556779,100,2.0,50,1.0,0.0
NASDAQ,0.0822714406580542,100,2.0,50,1.0,0.5
NASDAQ,0.11860222318473343,100,2.5,10,0.7,-0.5
NASDAQ,0.12221445337433122,100,2.5,10,0.7,0.0
NASDAQ,0.11589794783778168,100,2.5,10,0.7,0.5
NASDAQ,0.1077752163242767,100,2.5,10,0.9,-0.5
NASDAQ,0.21904727147392586,100,2.5,10,0.9,0.0
NASDAQ,0.17725602322765738,100,2.5,10,0.9,0.5
NASDAQ,0.11884714708421311,100,2.5,10,1.0,-0.5
NASDAQ,0.2360125075396687,100,2.5,10,1.0,0.0
NASDAQ,0.22710012505238777,100,2.5,10,1.0,0.5
NASDAQ,0.11860222318473343,100,2.5,20,0.7,-0.5
NASDAQ,0.12221445337433122,100,2.5,20,0.7,0.0
NASDAQ,0.11589794783778168,100,2.5,20,0.7,0.5
NASDAQ,0.1077752163242767,100,2.5,20,0.9,-0.5
NASDAQ,0.21904727147392586,100,2.5,20,0.9,0.0
NASDAQ,0.17725602322765738,100,2.5,20,0.9,0.5
NASDAQ,0.11884714708421311,100,2.5,20,1.0,-0.5
NASDAQ,0.2360125075396687,100,2.5,20,1.0,0.0
NASDAQ,0.22710012505238777,100,2.5,20,1.0,0.5
NASDAQ,0.1699112187479116,100,2.5,50,0.7,-0.5
NASDAQ,0.18727150576092735,100,2.5,50,0.7,0.0
NASDAQ,0.1671212758468274,100,2.5,50,0.7,0.5
NASDAQ,0.15624237613711625,100,2.5,50,0.9,-0.5
NASDAQ,0.2528063493599965,100,2.5,50,0.9,0.0
NASDAQ,0.21535582707170547,100,2.5,50,0.9,0.5
NASDAQ,0.1898909266895612,100,2.5,50,1.0,-0.5
NASDAQ,0.29170043905196336,100,2.5,50,1.0,0.0
NASDAQ,0.2704656781570207,100,2.5,50,1.0,0.5
NASDAQ,0.02228983233483225,100,3.0,10,0.7,-0.5
NASDAQ,0.11148032880032493,100,3.0,10,0.7,0.0
NASDAQ,0.0775465893412936,100,3.0,10,0.7,0.5
NASDAQ,0.14340438091731833,100,3.0,10,0.9,-0.5
NASDAQ,0.2463904120976177,100,3.0,10,0.9,0.0
NASDAQ,0.23148338540560884,100,3.0,10,0.9,0.5
NASDAQ,0.09240331988710201,100,3.0,10,1.0,-0.5
NASDAQ,0.11389770765547981,100,3.0,10,1.0,0.0
NASDAQ,0.1682086749794523,100,3.0,10,1.0,0.5
NASDAQ,0.02228983233483225,100,3.0,20,0.7,-0.5
NASDAQ,0.11148032880032493,100,3.0,20,0.7,0.0
NASDAQ,0.0775465893412936,100,3.0,20,0.7,0.5
NASDAQ,0.14340438091731833,100,3.0,20,0.9,-0.5
NASDAQ,0.2463904120976177,100,3.0,20,0.9,0.0
NASDAQ,0.23148338540560884,100,3.0,20,0.9,0.5
NASDAQ,0.09240331988710201,100,3.0,20,1.0,-0.5
NASDAQ,0.11389770765547981,100,3.0,20,1.0,0.0
NASDAQ,0.1682086749794523,100,3.0,20,1.0,0.5
NASDAQ,0.07775366546467888,100,3.0,50,0.7,-0.5
NASDAQ,0.15695132707737214,100,3.0,50,0.7,0.0
NASDAQ,0.13115576132017803,100,3.0,50,0.7,0.5
NASDAQ,0.22788466805481974,100,3.0,50,0.9,-0.5
NASDAQ,0.31785996439974035,100,3.0,50,0.9,0.0
NASDAQ,0.2966113358430881,100,3.0,50,0.9,0.5
NASDAQ,0.18966616116613805,100,3.0,50,1.0,-0.5
NASDAQ,0.20123069699465945,100,3.0,50,1.0,0.0
NASDAQ,0.24607451622581725,100,3.0,50,1.0,0.5
NASDAQ,-0.2313927281544327,150,1.5,10,0.7,-0.5
NASDAQ,-0.22929936174493604,150,1.5,10,0.7,0.0
NASDAQ,-0.21456548862855906,150,1.5,10,0.7,0.5
NASDAQ,-0.26559277698486583,150,1.5,10,0.9,-0.5
NASDAQ,-0.2276720108628893,150,1.5,10,0.9,0.0
NASDAQ,-0.2265449602710905,150,1.5,10,0.9,0.5
NASDAQ,-0.216068237535245,150,1.5,10,1.0,-0.5
NASDAQ,-0.25871338187678095,150,1.5,10,1.0,0.0
NASDAQ,-0.2804069583511431,150,1.5,10,1.0,0.5
NASDAQ,0.07700391728296496,150,1.5,20,0.7,-0.5
NASDAQ,0.04722912727057328,150,1.5,20,0.7,0.0
NASDAQ,0.0457438386074684,150,1.5,20,0.7,0.5
NASDAQ,0.06747472692750174,150,1.5,20,0.9,-0.5
NASDAQ,0.061828149204254494,150,1.5,20,0.9,0.0
NASDAQ,0.043624034195783916,150,1.5,20,0.9,0.5
NASDAQ,0.08807376345835868,150,1.5,20,1.0,-0.5
NASDAQ,0.014026247217891558,150,1.5,20,1.0,0.0
NASDAQ,-0.012442648586774263,150,1.5,20,1.0,0.5
NASDAQ,0.03971382669088035,150,1.5,50,0.7,-0.5
NASDAQ,0.021526031687814536,150,1.5,50,0.7,0.0
NASDAQ,0.05322764865470778,150,1.5,50,0.7,0.5
NASDAQ,0.014196875452408575,150,1.5,50,0.9,-0.5
NASDAQ,0.03796330790936388,150,1.5,50,0.9,0.0
NASDAQ,0.06468897537193426,150,1.5,50,0.9,0.5
NASDAQ,0.00796918744725479,150,1.5,50,1.0,-0.5
NASDAQ,-0.017689363077155344,150,1.5,50,1.0,0.0
NASDAQ,0.003805806410425961,150,1.5,50,1.0,0.5
NASDAQ,-0.003187842826766358,150,2.0,10,0.7,-0.5
NASDAQ,0.01463268945247457,150,2.0,10,0.7,0.0
NASDAQ,0.06719415071862687,150,2.0,10,0.7,0.5
NASDAQ,-0.027027290952789922,150,2.0,10,0.9,-0.5
NASDAQ,0.014405089041916222,150,2.0,10,0.9,0.0
NASDAQ,0.0025505986841227236,150,2.0,10,0.9,0.5
NASDAQ,0.0019726993646655947,150,2.0,10,1.0,-0.5
NASDAQ,0.06762232586212616,150,2.0,10,1.0,0.0
NASDAQ,0.07329224797539413,150,2.0,10,1.0,0.5
NASDAQ,0.11014216597464328,150,2.0,20,0.7,-0.5
NASDAQ,0.12235831188420881,150,2.0,20,0.7,0.0
NASDAQ,0.16549331880899165,150,2.0,20,0.7,0.5
NASDAQ,0.0794031558173121,150,2.0,20,0.9,-0.5
NASDAQ,0.136380676378586,150,2.0,20,0.9,0.0
NASDAQ,0.1118713584213878,150,2.0,20,0.9,0.5
NASDAQ,0.07103827985038437,150,2.0,20,1.0,-0.5
NASDAQ,0.14216826663635998,150,2.0,20,1.0,0.0
NASDAQ,0.1476633349809293,150,2.0,20,1.0,0.5
NASDAQ,0.20884006629987767,150,2.0,50,0.7,-0.5
NASDAQ,0.21932110604768393,150,2.0,50,0.7,0.0
NASDAQ,0.2685669025400844,150,2.0,50,0.7,0.5
NASDAQ,0.17038991919406818,150,2.0,50,0.9,-0.5
NASDAQ,0.23037215400147448,150,2.0,50,0.9,0.0
NASDAQ,0.22667603776439246,150,2.0,50,0.9,0.5
NASDAQ,0.16344690729671213,150,2.0,50,1.0,-0.5
NASDAQ,0.2364333275001184,150,2.0,50,1.0,0.0
NASDAQ,0.24131920927673067,150,2.0,50,1.0,0.5
NASDAQ,-0.019297688429178065,150,2.5,10,0.7,-0.5
NASDAQ,0.03739462289711411,150,2.5,10,0.7,0.0
NASDAQ,0.01871131216885448,150,2.5,10,0.7,0.5
NASDAQ,0.1762254401120367,150,2.5,10,0.9,-0.5
NASDAQ,0.2670093778480744,150,2.5,10,0.9,0.0
NASDAQ,0.32171221749749934,150,2.5,10,0.9,0.5
NASDAQ,0.22758136839600068,150,2.5,10,1.0,-0.5
NASDAQ,0.27509549607349426,150,2.5,10,1.0,0.0
NASDAQ,0.33438040039064865,150,2.5,10,1.0,0.5
NASDAQ,-0.0017244815721235924,150,2.5,20,0.7,-0.5
NASDAQ,0.053952677507660037,150,2.5,20,0.7,0.0
NASDAQ,0.034325253265511044,150,2.5,20,0.7,0.5
NASDAQ,0.16837331280546297,150,2.5,20,0.9,-0.5
NASDAQ,0.26419013248909207,150,2.5,20,0.9,0.0
NASDAQ,0.30299507292721156,150,2.5,20,0.9,0.5
NASDAQ,0.1944376125572149,150,2.5,20,1.0,-0.5
NASDAQ,0.2531434606844124,150,2.5,20,1.0,0.0
NASDAQ,0.29899296629097877,150,2.5,20,1.0,0.5
NASDAQ,-0.021185422031360236,150,2.5,50,0.7,-0.5
NASDAQ,0.03633528064616233,150,2.5,50,0.7,0.0
NASDAQ,0.022731612718937345,150,2.5,50,0.7,0.5
NASDAQ,0.1512244115356495,150,2.5,50,0.9,-0.5
NASDAQ,0.24371101131444675,150,2.5,50,0.9,0.0
NASDAQ,0.287240256050688,150,2.5,50,0.9,0.5
NASDAQ,0.19029882518270366,150,2.5,50,1.0,-0.5
NASDAQ,0.24887159993778174,150,2.5,50,1.0,0.0
NASDAQ,0.2947839387663798,150,2.5,50,1.0,0.5
NASDAQ,0.055119612411161444,150,3.0,10,0.7,-0.5
NASDAQ,0.16664063865900353,150,3.0,10,0.7,0.0
NASDAQ,0.1971295060633545,150,3.0,10,0.7,0.5
NASDAQ,0.13093342041991093,150,3.0,10,0.9,-0.5
NASDAQ,0.16242237095469403,150,3.0,10,0.9,0.0
NASDAQ,0.1814335750040903,150,3.0,10,0.9,0.5
NASDAQ,0.14551548847185924,150,3.0,10,1.0,-0.5
NASDAQ,0.18910162314654236,150,3.0,10,1.0,0.0
NASDAQ,0.1838902504955182,150,3.0,10,1.0,0.5
NASDAQ,0.055119612411161444,150,3.0,20,0.7,-0.5
NASDAQ,0.16664063865900353,150,3.0,20,0.7,0.0
NASDAQ,0.1971295060633545,150,3.0,20,0.7,0.5
NASDAQ,0.13093342041991093,150,3.0,20,0.9,-0.5
NASDAQ,0.16242237095469403,150,3.0,20,0.9,0.0
NASDAQ,0.1814335750040903,150,3.0,20,0.9,0.5
NASDAQ,0.14551548847185924,150,3.0,20,1.0,-0.5
NASDAQ,0.18910162314654236,150,3.0,20,1.0,0.0
NASDAQ,0.1838902504955182,150,3.0,20,1.0,0.5
NASDAQ,0.05689765583999969,150,3.0,50,0.7,-0.5
NASDAQ,0.1682629628832877,150,3.0,50,0.7,0.0
NASDAQ,0.19865731433741546,150,3.0,50,0.7,0.5
NASDAQ,0.13314915637735034,150,3.0,50,0.9,-0.5
NASDAQ,0.16451782194873338,150,3.0,50,0.9,0.0
NASDAQ,0.18338418433313086,150,3.0,50,0.9,0.5
NASDAQ,0.14783478836349448,150,3.0,50,1.0,-0.5
NASDAQ,0.1912852180628766,150,3.0,50,1.0,0.0
NASDAQ,0.18594776500773794,150,3.0,50,1.0,0.5
NASDAQ,-0.07904852511216501,200,1.5,10,0.7,-0.5
NASDAQ,-0.05982792380624016,200,1.5,10,0.7,0.0
NASDAQ,-0.14651369399777414,200,1.5,10,0.7,0.5
NASDAQ,-0.0004866487909924542,200,1.5,10,0.9,-0.5
NASDAQ,-0.09237391393919116,200,1.5,10,0.9,0.0
NASDAQ,-0.16917398546559767,200,1.5,10,0.9,0.5
NASDAQ,0.08331128612981673,200,1.5,10,1.0,-0.5
NASDAQ,-0.044081859227938405,200,1.5,10,1.0,0.0
NASDAQ,-0.12707798870033152,200,1.5,10,1.0,0.5
NASDAQ,0.016694787093830737,200,1.5,20,0.7,-0.5
NASDAQ,0.027255965072230638,200,1.5,20,0.7,0.0
NASDAQ,-0.045808944913708925,200,1.5,20,0.7,0.5
NASDAQ,0.11277245335461673,200,1.5,20,0.9,-0.5
NASDAQ,0.04789758774333756,200,1.5,20,0.9,0.0
NASDAQ,-0.0066432004063777346,200,1.5,20,0.9,0.5
NASDAQ,0.18126844929659092,200,1.5,20,1.0,-0.5
NASDAQ,0.06491962504179707,200,1.5,20,1.0,0.0
NASDAQ,0.016669502266070793,200,1.5,20,1.0,0.5
NASDAQ,0.0034618536569523857,200,1.5,50,0.7,-0.5
NASDAQ,0.030027229874047927,200,1.5,50,0.7,0.0
NASDAQ,-0.05938374467148221,200,1.5,50,0.7,0.5
NASDAQ,0.04752054405828456,200,1.5,50,0.9,-0.5
NASDAQ,0.008268175638220894,200,1.5,50,0.9,0.0
NASDAQ,-0.07427408729500572,200,1.5,50,0.9,0.5
NASDAQ,0.12614598721400674,200,1.5,50,1.0,-0.5
NASDAQ,0.006652820357474387,200,1.5,50,1.0,0.0
NASDAQ,-0.06623116875776858,200,1.5,50,1.0,0.5
NASDAQ,-0.0135028510984571,200,2.0,10,0.7,-0.5
NASDAQ,-0.095366771186719,200,2.0,10,0.7,0.0
NASDAQ,-0.13784281284740812,200,2.0,10,0.7,0.5
NASDAQ,-0.1313503373284509,200,2.0,10,0.9,-0.5
NASDAQ,-0.1154765143293992,200,2.0,10,0.9,0.0
NASDAQ,-0.15380937029003489,200,2.0,10,0.9,0.5
NASDAQ,-0.1733301295936772,200,2.0,10,1.0,-0.5
NASDAQ,-0.13854450470248342,200,2.0,10,1.0,0.0
NASDAQ,-0.133559538630799,200,2.0,10,1.0,0.5
NASDAQ,0.08152763575993012,200,2.0,20,0.7,-0.5
NASDAQ,0.007583206660385754,200,2.0,20,0.7,0.0
NASDAQ,-0.046603238153771445,200,2.0,20,0.7,0.5
NASDAQ,-0.004153265350090704,200,2.0,20,0.9,-0.5
NASDAQ,0.029031014682842672,200,2.0,20,0.9,0.0
NASDAQ,-0.011615029714567677,200,2.0,20,0.9,0.5
NASDAQ,0.0002514705956801699,200,2.0,20,1.0,-0.5
NASDAQ,0.009872347529463723,200,2.0,20,1.0,0.0
NASDAQ,0.01918031412238685,200,2.0,20,1.0,0.5
NASDAQ,0.11065553557507382,200,2.0,50,0.7,-0.5
NASDAQ,0.029880719432593413,200,2.0,50,0.7,0.0
NASDAQ,-0.026919738957031022,200,2.0,50,0.7,0.5
NASDAQ,0.04816149097194271,200,2.0,50,0.9,-0.5
NASDAQ,0.07634719183843308,200,2.0,50,0.9,0.0
NASDAQ,-0.01292317396842366,200,2.0,50,0.9,0.5
NASDAQ,0.04257360687021687,200,2.0,50,1.0,-0.5
NASDAQ,0.03712158667488305,200,2.0,50,1.0,0.0
NASDAQ,-0.010888119561026357,200,2.0,50,1.0,0.5
NASDAQ,-0.004504661992339098,200,2.5,10,0.7,-0.5
NASDAQ,0.05347123088009349,200,2.5,10,0.7,0.0
NASDAQ,-0.04125710672184863,200,2.5,10,0.7,0.5
NASDAQ,0.045731619393819166,200,2.5,10,0.9,-0.5
NASDAQ,0.0655259360658282,200,2.5,10,0.9,0.0
NASDAQ,0.0018712745320727585,200,2.5,10,0.9,0.5
NASDAQ,0.1720523531904399,200,2.5,10,1.0,-0.5
NASDAQ,0.20207927074641363,200,2.5,10,1.0,0.0
NASDAQ,0.1638324962999614,200,2.5,10,1.0,0.5
NASDAQ,0.0971233515261256,200,2.5,20,0.7,-0.5
NASDAQ,0.13891996646876997,200,2.5,20,0.7,0.0
NASDAQ,0.04117014554255672,200,2.5,20,0.7,0.5
NASDAQ,0.14756729624908974,200,2.5,20,0.9,-0.5
NASDAQ,0.14000743952283254,200,2.5,20,0.9,0.0
NASDAQ,0.07765741236067003,200,2.5,20,0.9,0.5
NASDAQ,0.20631366810842586,200,2.5,20,1.0,-0.5
NASDAQ,0.22599017988126915,200,2.5,20,1.0,0.0
NASDAQ,0.16150612951888357,200,2.5,20,1.0,0.5
NASDAQ,0.0971233515261256,200,2.5,50,0.7,-0.5
NASDAQ,0.13891996646876997,200,2.5,50,0.7,0.0
NASDAQ,0.04117014554255672,200,2.5,50,0.7,0.5
NASDAQ,0.14756729624908974,200,2.5,50,0.9,-0.5
NASDAQ,0.14000743952283254,200,2.5,50,0.9,0.0
NASDAQ,0.07765741236067003,200,2.5,50,0.9,0.5
NASDAQ,0.20631366810842586,200,2.5,50,1.0,-0.5
NASDAQ,0.22599017988126915,200,2.5,50,1.0,0.0
NASDAQ,0.16150612951888357,200,2.5,50,1.0,0.5
NASDAQ,0.053047771924318476,200,3.0,10,0.7,-0.5
NASDAQ,0.07038549441848106,200,3.0,10,0.7,0.0
NASDAQ,0.018814027854552877,200,3.0,10,0.7,0.5
NASDAQ,0.17774903486414964,200,3.0,10,0.9,-0.5
NASDAQ,0.19433557140463537,200,3.0,10,0.9,0.0
NASDAQ,0.11842405773562652,200,3.0,10,0.9,0.5
NASDAQ,0.07023040724221923,200,3.0,10,1.0,-0.5
NASDAQ,0.11365743341443046,200,3.0,10,1.0,0.0
NASDAQ,0.017156217644108285,200,3.0,10,1.0,0.5
NASDAQ,0.10293269686301008,200,3.0,20,0.7,-0.5
NASDAQ,0.11773655140444286,200,3.0,20,0.7,0.0
NASDAQ,0.06360753430718671,200,3.0,20,0.7,0.5
NASDAQ,0.17593272600309406,200,3.0,20,0.9,-0.5
NASDAQ,0.19255580930237096,200,3.0,20,0.9,0.0
NASDAQ,0.11782592242260329,200,3.0,20,0.9,0.5
NASDAQ,0.08933957937297861,200,3.0,20,1.0,-0.5
NASDAQ,0.13319529813875294,200,3.0,20,1.0,0.0
NASDAQ,0.04254809658207199,200,3.0,20,1.0,0.5
NASDAQ,0.10293269686301008,200,3.0,50,0.7,-0.5
NASDAQ,0.11773655140444286,200,3.0,50,0.7,0.0
NASDAQ,0.06360753430718671,200,3.0,50,0.7,0.5
NASDAQ,0.17593272600309406,200,3.0,50,0.9,-0.5
NASDAQ,0.19255580930237096,200,3.0,50,0.9,0.0
NASDAQ,0.11782592242260329,200,3.0,50,0.9,0.5
NASDAQ,0.08933957937297861,200,3.0,50,1.0,-0.5
NASDAQ,0.13319529813875294,200,3.0,50,1.0,0.0
NASDAQ,0.04254809658207199,200,3.0,50,1.0,0.5
NASDAQ,-0.3811048697022225,250,1.5,10,0.7,-0.5
NASDAQ,-0.35287036959864476,250,1.5,10,0.7,0.0
NASDAQ,-0.2861343617743544,250,1.5,10,0.7,0.5
NASDAQ,-0.2869153861163526,250,1.5,10,0.9,-0.5
NASDAQ,-0.3265130600521995,250,1.5,10,0.9,0.0
NASDAQ,-0.3097585592210073,250,1.5,10,0.9,0.5
NASDAQ,-0.33832008776490075,250,1.5,10,1.0,-0.5
NASDAQ,-0.2866053300381292,250,1.5,10,1.0,0.0
NASDAQ,-0.33627420848697254,250,1.5,10,1.0,0.5
NASDAQ,-0.21629828104931884,250,1.5,20,0.7,-0.5
NASDAQ,-0.19447256261295207,250,1.5,20,0.7,0.0
NASDAQ,-0.13239977041068107,250,1.5,20,0.7,0.5
NASDAQ,-0.1510002225994403,250,1.5,20,0.9,-0.5
NASDAQ,-0.132223940879005,250,1.5,20,0.9,0.0
NASDAQ,-0.09685794399626356,250,1.5,20,0.9,0.5
NASDAQ,-0.16990617730586152,250,1.5,20,1.0,-0.5
NASDAQ,-0.13670541325433352,250,1.5,20,1.0,0.0
NASDAQ,-0.16751509969823475,250,1.5,20,1.0,0.5
NASDAQ,-0.20924954671178655,250,1.5,50,0.7,-0.5
NASDAQ,-0.20881679583129462,250,1.5,50,0.7,0.0
NASDAQ,-0.13572839361245895,250,1.5,50,0.7,0.5
NASDAQ,-0.16390289907721203,250,1.5,50,0.9,-0.5
NASDAQ,-0.1884634445907255,250,1.5,50,0.9,0.0
NASDAQ,-0.1738852943749745,250,1.5,50,0.9,0.5
NASDAQ,-0.19898317481901578,250,1.5,50,1.0,-0.5
NASDAQ,-0.1926238613779032,250,1.5,50,1.0,0.0
NASDAQ,-0.2277245394365078,250,1.5,50,1.0,0.5
NASDAQ,-0.3981566234186312,250,2.0,10,0.7,-0.5
NASDAQ,-0.4036964733701497,250,2.0,10,0.7,0.0
NASDAQ,-0.35677031680799776,250,2.0,10,0.7,0.5
NASDAQ,-0.3453009917912138,250,2.0,10,0.9,-0.5
NASDAQ,-0.37414244603533053,250,2.0,10,0.9,0.0
NASDAQ,-0.3440469293851857,250,2.0,10,0.9,0.5
NASDAQ,-0.281023906670057,250,2.0,10,1.0,-0.5
NASDAQ,-0.3060926472833631,250,2.0,10,1.0,0.0
NASDAQ,-0.2942034780691069,250,2.0,10,1.0,0.5
NASDAQ,-0.17343214117768163,250,2.0,20,0.7,-0.5
NASDAQ,-0.19362866069605955,250,2.0,20,0.7,0.0
NASDAQ,-0.1583044737784724,250,2.0,20,0.7,0.5
NASDAQ,-0.05703122078967973,250,2.0,20,0.9,-0.5
NASDAQ,-0.08904661393114785,250,2.0,20,0.9,0.0
NASDAQ,-0.0535821536934108,250,2.0,20,0.9,0.5
NASDAQ,0.028773215516954307,250,2.0,20,1.0,-0.5
NASDAQ,0.0018378918418189814,250,2.0,20,1.0,0.0
NASDAQ,0.02622557784841983,250,2.0,20,1.0,0.5
NASDAQ,0.009136083542001416,250,2.0,50,0.7,-0.5
NASDAQ,-0.05342450144326131,250,2.0,50,0.7,0.0
NASDAQ,-0.02555529706025258,250,2.0,50,0.7,0.5
NASDAQ,0.120618881318345,250,2.0,50,0.9,-0.5
NASDAQ,-0.024256412390484535,250,2.0,50,0.9,0.0
NASDAQ,0.0054127106228092,250,2.0,50,0.9,0.5
NASDAQ,0.2002317079015051,250,2.0,50,1.0,-0.5
NASDAQ,0.007278388378031279,250,2.0,50,1.0,0.0
NASDAQ,0.03016792824246451,250,2.0,50,1.0,0.5
NASDAQ,-0.06207597821623518,250,2.5,10,0.7,-0.5
NASDAQ,-0.15878657461076245,250,2.5,10,0.7,0.0
NASDAQ,-0.12109024875788328,250,2.5,10,0.7,0.5
NASDAQ,-0.08931987191769196,250,2.5,10,0.9,-0.5
NASDAQ,-0.1720656146963605,250,2.5,10,0.9,0.0
NASDAQ,-0.15469043990579512,250,2.5,10,0.9,0.5
NASDAQ,-0.02884272754088082,250,2.5,10,1.0,-0.5
NASDAQ,-0.13221461199356924,250,2.5,10,1.0,0.0
NASDAQ,-0.12955728415169082,250,2.5,10,1.0,0.5
NASDAQ,0.08175481112222177,250,2.5,20,0.7,-0.5
NASDAQ,-0.024641354581154105,250,2.5,20,0.7,0.0
NASDAQ,0.0029442338048594843,250,2.5,20,0.7,0.5
NASDAQ,0.08540813423902832,250,2.5,20,0.9,-0.5
NASDAQ,-0.10650234830450167,250,2.5,20,0.9,0.0
NASDAQ,-0.08853657818755686,250,2.5,20,0.9,0.5
NASDAQ,0.13870275571627816,250,2.5,20,1.0,-0.5
NASDAQ,-0.10443957797806258,250,2.5,20,1.0,0.0
NASDAQ,-0.10944742273471032,250,2.5,20,1.0,0.5
NASDAQ,0.07944722777845953,250,2.5,50,0.7,-0.5
NASDAQ,-0.026788092268658893,250,2.5,50,0.7,0.0
NASDAQ,0.0009568889863571626,250,2.5,50,0.7,0.5
NASDAQ,0.08256966191410432,250,2.5,50,0.9,-0.5
NASDAQ,-0.10887167083301794,250,2.5,50,0.9,0.0
NASDAQ,-0.09071863553798726,250,2.5,50,0.9,0.5
NASDAQ,0.13576715801438063,250,2.5,50,1.0,-0.5
NASDAQ,-0.10684410928734792,250,2.5,50,1.0,0.0
NASDAQ,-0.1116593221695339,250,2.5,50,1.0,0.5
NASDAQ,0.22578213538705022,250,3.0,10,0.7,-0.5
NASDAQ,-0.023369878132443487,250,3.0,10,0.7,0.0
NASDAQ,-0.002456993353609939,250,3.0,10,0.7,0.5
NASDAQ,0.2307391443710024,250,3.0,10,0.9,-0.5
NASDAQ,-0.046532617308279664,250,3.0,10,0.9,0.0
NASDAQ,-0.06362123194958964,250,3.0,10,0.9,0.5
NASDAQ,0.264945402602201,250,3.0,10,1.0,-0.5
NASDAQ,0.005841886939780122,250,3.0,10,1.0,0.0
NASDAQ,-0.021685592959092233,250,3.0,10,1.0,0.5
NASDAQ,0.2558271636952566,250,3.0,20,0.7,-0.5
NASDAQ,0.002552580933675129,250,3.0,20,0.7,0.0
NASDAQ,0.021508467954220727,250,3.0,20,0.7,0.5
NASDAQ,0.24114692797406342,250,3.0,20,0.9,-0.5
NASDAQ,-0.03751913247067781,250,3.0,20,0.9,0.0
NASDAQ,-0.05532474440073562,250,3.0,20,0.9,0.5
NASDAQ,0.27566061068030384,250,3.0,20,1.0,-0.5
NASDAQ,0.015024602434717777,250,3.0,20,1.0,0.0
NASDAQ,-0.013247357357406517,250,3.0,20,1.0,0.5
NASDAQ,0.2558271636952566,250,3.0,50,0.7,-0.5
NASDAQ,0.002552580933675129,250,3.0,50,0.7,0.0
NASDAQ,0.021508467954220727,250,3.0,50,0.7,0.5
NASDAQ,0.24114692797406342,250,3.0,50,0.9,-0.5
NASDAQ,-0.03751913247067781,250,3.0,50,0.9,0.0
NASDAQ,-0.05532474440073562,250,3.0,50,0.9,0.5
NASDAQ,0.27566061068030384,250,3.0,50,1.0,-0.5
NASDAQ,0.015024602434717777,250,3.0,50,1.0,0.0
NASDAQ,-0.013247357357406517,250,3.0,50,1.0,0.5
WTI,0.17972356517042487,50,1.5,10,0.7,-0.5
WTI,0.22596760427420035,50,1.5,10,0.7,0.0
WTI,0.16316878527956838,50,1.5,10,0.7,0.5
WTI,0.2325498499870815,50,1.5,10,0.9,-0.5
WTI,0.28258820256575895,50,1.5,10,0.9,0.0
WTI,0.22866325298937434,50,1.5,10,0.9,0.5
WTI,0.26127130016926137,50,1.5,10,1.0,-0.5
WTI,0.27488053253270806,50,1.5,10,1.0,0.0
WTI,0.22627085958015677,50,1.5,10,1.0,0.5
WTI,0.16315077801734845,50,1.5,20,0.7,-0.5
WTI,0.18283490369827327,50,1.5,20,0.7,0.0
WTI,0.13661577611899742,50,1.5,20,0.7,0.5
WTI,0.2041786100080752,50,1.5,20,0.9,-0.5
WTI,0.23470010633502006,50,1.5,20,0.9,0.0
WTI,0.20487796594571966,50,1.5,20,0.9,0.5
WTI,0.18838553139540617,50,1.5,20,1.0,-0.5
WTI,0.18684656098425487,50,1.5,20,1.0,0.0
WTI,0.17106664038749367,50,1.5,20,1.0,0.5
WTI,-0.024927637525018205,50,1.5,50,0.7,-0.5
WTI,0.0022686309041834497,50,1.5,50,0.7,0.0
WTI,-0.019373792397310085,50,1.5,50,0.7,0.5
WTI,-0.0074513146452423115,50,1.5,50,0.9,-0.5
WTI,0.018945508219690217,50,1.5,50,0.9,0.0
WTI,0.0047475165535726055,50,1.5,50,0.9,0.5
WTI,0.007847329805268017,50,1.5,50,1.0,-0.5
WTI,0.01972492846649064,50,1.5,50,1.0,0.0
WTI,-0.0019905195132463734,50,1.5,50,1.0,0.5
WTI,0.2034987693299794,50,2.0,10,0.7,-0.5
WTI,0.23448938588475696,50,2.0,10,0.7,0.0
WTI,0.18974726776756537,50,2.0,10,0.7,0.5
WTI,0.34441836982526225,50,2.0,10,0.9,-0.5
WTI,0.34579916314405645,50,2.0,10,0.9,0.0
WTI,0.27785995086286486,50,2.0,10,0.9,0.5
WTI,0.3350066628107108,50,2.0,10,1.0,-0.5
WTI,0.29057236834432454,50,2.0,10,1.0,0.0
WTI,0.2369896158872685,50,2.0,10,1.0,0.5
WTI,0.21007566313077222,50,2.0,20,0.7,-0.5
WTI,0.22793491984815759,50,2.0,20,0.7,0.0
WTI,0.2105071129939609,50,2.0,20,0.7,0.5
WTI,0.3263437208227521,50,2.0,20,0.9,-0.5
WTI,0.3165925074292038,50,2.0,20,0.9,0.0
WTI,0.2821637456705752,50,2.0,20,0.9,0.5
WTI,0.3868092392054514,50,2.0,20,1.0,-0.5
WTI,0.34382007927721986,50,2.0,20,1.0,0.0
WTI,0.3024019568798071,50,2.0,20,1.0,0.5
WTI,0.03425645827953007,50,2.0,50,0.7,-0.5
WTI,0.04404731943618038,50,2.0,50,0.7,0.0
WTI,0.016373036644165666,50,2.0,50,0.7,0.5
WTI,0.06604976554969108,50,2.0,50,0.9,-0.5
WTI,0.07926142624483981,50,2.0,50,0.9,0.0
WTI,0.04477366778679529,50,2.0,50,0.9,0.5
WTI,0.10844577246979932,50,2.0,50,1.0,-0.5
WTI,0.10764123371847374,50,2.0,50,1.0,0.0
WTI,0.08637385129308095,50,2.0,50,1.0,0.5
WTI,0.3123295468236703,50,2.5,10,0.7,-0.5
WTI,0.31500792749100126,50,2.5,10,0.7,0.0
WTI,0.2495248880354613,50,2.5,10,0.7,0.5
WTI,0.42242509054756605,50,2.5,10,0.9,-0.5
WTI,0.3934514943414448,50,2.5,10,0.9,0.0
WTI,0.3178743051586511,50,2.5,10,0.9,0.5
WTI,0.3188053604505735,50,2.5,10,1.0,-0.5
WTI,0.24365194808573692,50,2.5,10,1.0,0.0
WTI,0.22915014393082633,50,2.5,10,1.0,0.5
WTI,0.3125574022631887,50,2.5,20,0.7,-0.5
WTI,0.3140127379597439,50,2.5,20,0.7,0.0
WTI,0.25444548331921013,50,2.5,20,0.7,0.5
WTI,0.43554922086835274,50,2.5,20,0.9,-0.5
WTI,0.4052142578972606,50,2.5,20,0.9,0.0
WTI,0.33233712314732694,50,2.5,20,0.9,0.5
WTI,0.3388258878101124,50,2.5,20,1.0,-0.5
WTI,0.26280209486940476,50,2.5,20,1.0,0.0
WTI,0.24961947790712224,50,2.5,20,1.0,0.5
WTI,0.017283092703677887,50,2.5,50,0.7,-0.5
WTI,0.036968162730969104,50,2.5,50,0.7,0.0
WTI,0.014464803703295642,50,2.5,50,0.7,0.5
WTI,0.07447193063082422,50,2.5,50,0.9,-0.5
WTI,0.0979908195973519,50,2.5,50,0.9,0.0
WTI,0.1002186860627153,50,2.5,50,0.9,0.5
WTI,0.0016052777097496894,50,2.5,50,1.0,-0.5
WTI,-0.026115183573381964,50,2.5,50,1.0,0.0
WTI,0.009781821488839479,50,2.5,50,1.0,0.5
WTI,0.2979752750740902,50,3.0,10,0.7,-0.5
WTI,0.27236912560881865,50,3.0,10,0.7,0.0
WTI,0.21509943795724096,50,3.0,10,0.7,0.5
WTI,0.180133134288059,50,3.0,10,0.9,-0.5
WTI,0.16432120570878045,50,3.0,10,0.9,0.0
WTI,0.13928729687691124,50,3.0,10,0.9,0.5
WTI,0.15017681170507388,50,3.0,10,1.0,-0.5
WTI,0.1664118813779454,50,3.0,10,1.0,0.0
WTI,0.2269250495193761,50,3.0,10,1.0,0.5
WTI,0.3114245414463879,50,3.0,20,0.7,-0.5
WTI,0.28517838017364483,50,3.0,20,0.7,0.0
WTI,0.2272443309930225,50,3.0,20,0.7,0.5
WTI,0.19066609645369478,50,3.0,20,0.9,-0.5
WTI,0.17450159218523675,50,3.0,20,0.9,0.0
WTI,0.14924652519610337,50,3.0,20,0.9,0.5
WTI,0.16369958555500488,50,3.0,20,1.0,-0.5
WTI,0.1789026528206522,50,3.0,20,1.0,0.0
WTI,0.23792510646545198,50,3.0,20,1.0,0.5
WTI,0.17577555424228952,50,3.0,50,0.7,-0.5
WTI,0.20486332950105815,50,3.0,50,0.7,0.0
WTI,0.16909710717040588,50,3.0,50,0.7,0.5
WTI,0.03825722693774078,50,3.0,50,0.9,-0.5
WTI,0.06539359451594184,50,3.0,50,0.9,0.0
WTI,0.05621264435733789,50,3.0,50,0.9,0.5
WTI,-0.005086068884014351,50,3.0,50,1.0,-0.5
WTI,0.01678744022382435,50,3.0,50,1.0,0.0
WTI,0.05566462408299279,50,3.0,50,1.0,0.5
WTI,0.010478982883802687,80,1.5,10,0.7,-0.5
WTI,0.06064848872525572,80,1.5,10,0.7,0.0
WTI,0.014461844997752325,80,1.5,10,0.7,0.5
WTI,0.05108574542922755,80,1.5,10,0.9,-0.5
WTI,0.07338989819457521,80,1.5,10,0.9,0.0
WTI,-0.0362679493046475,80,1.5,10,0.9,0.5
WTI,0.009299511828487974,80,1.5,10,1.0,-0.5
WTI,0.025657099816195576,80,1.5,10,1.0,0.0
WTI,-0.08737434838356407,80,1.5,10,1.0,0.5
WTI,0.1425099610899123,80,1.5,20,0.7,-0.5
WTI,0.1615534392390016,80,1.5,20,0.7,0.0
WTI,0.11100865828289215,80,1.5,20,0.7,0.5
WTI,0.19167981069723586,80,1.5,20,0.9,-0.5
WTI,0.177865446344215,80,1.5,20,0.9,0.0
WTI,0.06490135905454526,80,1.5,20,0.9,0.5
WTI,0.1757078422053706,80,1.5,20,1.0,-0.5
WTI,0.21489797247097592,80,1.5,20,1.0,0.0
WTI,0.10808484365816153,80,1.5,20,1.0,0.5
WTI,-0.02088681638383415,80,1.5,50,0.7,-0.5
WTI,-0.010942437957454816,80,1.5,50,0.7,0.0
WTI,-0.007012034653766891,80,1.5,50,0.7,0.5
WTI,0.0017644489299413527,80,1.5,50,0.9,-0.5
WTI,0.0018424144477783093,80,1.5,50,0.9,0.0
WTI,-0.018268744521438045,80,1.5,50,0.9,0.5
WTI,-0.000992569709304953,80,1.5,50,1.0,-0.5
WTI,0.0019288103590764311,80,1.5,50,1.0,0.0
WTI,-0.016014404941203913,80,1.5,50,1.0,0.5
WTI,0.16920358360924648,80,2.0,10,0.7,-0.5
WTI,0.16430534216825338,80,2.0,10,0.7,0.0
WTI,0.05417558390692542,80,2.0,10,0.7,0.5
WTI,0.24629650230318345,80,2.0,10,0.9,-0.5
WTI,0.2297418259023397,80,2.0,10,0.9,0.0
WTI,0.12610289101583674,80,2.0,10,0.9,0.5
WTI,0.2060339789568032,80,2.0,10,1.0,-0.5
WTI,0.19841572429477533,80,2.0,10,1.0,0.0
WTI,0.05245324028138236,80,2.0,10,1.0,0.5
WTI,0.17138541919536382,80,2.0,20,0.7,-0.5
WTI,0.1611326636314145,80,2.0,20,0.7,0.0
WTI,0.04753523594402433,80,2.0,20,0.7,0.5
WTI,0.25748057927623086,80,2.0,20,0.9,-0.5
WTI,0.21786309439508458,80,2.0,20,0.9,0.0
WTI,0.11179062881929269,80,2.0,20,0.9,0.5
WTI,0.21806691058306796,80,2.0,20,1.0,-0.5
WTI,0.18609310933851297,80,2.0,20,1.0,0.0
WTI,0.03787944403831094,80,2.0,20,1.0,0.5
WTI,0.1749379504318877,80,2.0,50,0.7,-0.5
WTI,0.15507098746699435,80,2.0,50,0.7,0.0
WTI,0.11615884615994496,80,2.0,50,0.7,0.5
WTI,0.2016046655479048,80,2.0,50,0.9,-0.5
WTI,0.21043515786651892,80,2.0,50,0.9,0.0
WTI,0.16113532480317114,80,2.0,50,0.9,0.5
WTI,0.15503892034732686,80,2.0,50,1.0,-0.5
WTI,0.18652126230558094,80,2.0,50,1.0,0.0
WTI,0.11163319094131248,80,2.0,50,1.0,0.5
WTI,0.2683788759711904,80,2.5,10,0.7,-0.5
WTI,0.25308976415207846,80,2.5,10,0.7,0.0
WTI,0.15516012193655418,80,2.5,10,0.7,0.5
WTI,0.15835110342136371,80,2.5,10,0.9,-0.5
WTI,0.10195360002873659,80,2.5,10,0.9,0.0
WTI,0.043208159579515314,80,2.5,10,0.9,0.5
WTI,0.26208230704638436,80,2.5,10,1.0,-0.5
WTI,0.17930221297562388,80,2.5,10,1.0,0.0
WTI,0.10228716312414363,80,2.5,10,1.0,0.5
WTI,0.2683788759711904,80,2.5,20,0.7,-0.5
WTI,0.25308976415207846,80,2.5,20,0.7,0.0
WTI,0.15516012193655418,80,2.5,20,0.7,0.5
WTI,0.15835110342136371,80,2.5,20,0.9,-0.5
WTI,0.10195360002873659,80,2.5,20,0.9,0.0
WTI,0.043208159579515314,80,2.5,20,0.9,0.5
WTI,0.26208230704638436,80,2.5,20,1.0,-0.5
WTI,0.17930221297562388,80,2.5,20,1.0,0.0
WTI,0.10228716312414363,80,2.5,20,1.0,0.5
WTI,0.24556713426183913,80,2.5,50,0.7,-0.5
WTI,0.20292502069924825,80,2.5,50,0.7,0.0
WTI,0.1142893212559004,80,2.5,50,0.7,0.5
WTI,0.15865288029856647,80,2.5,50,0.9,-0.5
WTI,0.08253492623053643,80,2.5,50,0.9,0.0
WTI,0.03456655131847231,80,2.5,50,0.9,0.5
WTI,0.19668254748253963,80,2.5,50,1.0,-0.5
WTI,0.17007632967112346,80,2.5,50,1.0,0.0
WTI,0.0947214370357343,80,2.5,50,1.0,0.5
WTI,0.19518943793132773,80,3.0,10,0.7,-0.5
WTI,0.1610968708712877,80,3.0,10,0.7,0.0
WTI,0.034456685581713886,80,3.0,10,0.7,0.5
WTI,0.24259791709008277,80,3.0,10,0.9,-0.5
WTI,0.1370937225664896,80,3.0,10,0.9,0.0
WTI,0.07932596705208206,80,3.0,10,0.9,0.5
WTI,0.09978728055238921,80,3.0,10,1.0,-0.5
WTI,0.052034571434769285,80,3.0,10,1.0,0.0
WTI,0.0051580221634203935,80,3.0,10,1.0,0.5
WTI,0.19518943793132773,80,3.0,20,0.7,-0.5
WTI,0.1610968708712877,80,3.0,20,0.7,0.0
WTI,0.034456685581713886,80,3.0,20,0.7,0.5
WTI,0.24259791709008277,80,3.0,20,0.9,-0.5
WTI,0.1370937225664896,80,3.0,20,0.9,0.0
WTI,0.07932596705208206,80,3.0,20,0.9,0.5
WTI,0.09978728055238921,80,3.0,20,1.0,-0.5
WTI,0.052034571434769285,80,3.0,20,1.0,0.0
WTI,0.0051580221634203935,80,3.0,20,1.0,0.5
WTI,0.2819846192427784,80,3.0,50,0.7,-0.5
WTI,0.22330594463607364,80,3.0,50,0.7,0.0
WTI,0.09992173625539334,80,3.0,50,0.7,0.5
WTI,0.27018935982295644,80,3.0,50,0.9,-0.5
WTI,0.2759704302099267,80,3.0,50,0.9,0.0
WTI,0.19898685610661246,80,3.0,50,0.9,0.5
WTI,0.17979815190104842,80,3.0,50,1.0,-0.5
WTI,0.17038444900767952,80,3.0,50,1.0,0.0
WTI,0.09999430493076811,80,3.0,50,1.0,0.5
WTI,0.0408274198849487,100,1.5,10,0.7,-0.5
WTI,-0.00880986084535644,100,1.5,10,0.7,0.0
WTI,-0.03665543439277341,100,1.5,10,0.7,0.5
WTI,0.07708067730385644,100,1.5,10,0.9,-0.5
WTI,0.05603316680271207,100,1.5,10,0.9,0.0
WTI,0.016416360150756544,100,1.5,10,0.9,0.5
WTI,0.07578822749523882,100,1.5,10,1.0,-0.5
WTI,0.026881735945917477,100,1.5,10,1.0,0.0
WTI,-0.025952552714404425,100,1.5,10,1.0,0.5
WTI,0.18542364723026808,100,1.5,20,0.7,-0.5
WTI,0.10716653242209591,100,1.5,20,0.7,0.0
WTI,0.10012868671233456,100,1.5,20,0.7,0.5
WTI,0.22009762118198334,100,1.5,20,0.9,-0.5
WTI,0.14485093474707658,100,1.5,20,0.9,0.0
WTI,0.11723275463019245,100,1.5,20,0.9,0.5
WTI,0.18995050736833483,100,1.5,20,1.0,-0.5
WTI,0.09752235727031462,100,1.5,20,1.0,0.0
WTI,0.06757708594226332,100,1.5,20,1.0,0.5
WTI,0.3116137211897098,100,1.5,50,0.7,-0.5
WTI,0.22911046290307735,100,1.5,50,0.7,0.0
WTI,0.18216489457138949,100,1.5,50,0.7,0.5
WTI,0.34910593516885485,100,1.5,50,0.9,-0.5
WTI,0.27085151849315814,100,1.5,50,0.9,0.0
WTI,0.20852051870905558,100,1.5,50,0.9,0.5
WTI,0.33223626473775036,100,1.5,50,1.0,-0.5
WTI,0.24876970662807757,100,1.5,50,1.0,0.0
WTI,0.18890849599844814,100,1.5,50,1.0,0.5
WTI,0.22949676155212842,100,2.0,10,0.7,-0.5
WTI,0.1297992142329443,100,2.0,10,0.7,0.0
WTI,0.08994411628250532,100,2.0,10,0.7,0.5
WTI,0.2402947616404378,100,2.0,10,0.9,-0.5
WTI,0.2142672747646527,100,2.0,10,0.9,0.0
WTI,0.14747380041470654,100,2.0,10,0.9,0.5
WTI,0.1428453574369739,100,2.0,10,1.0,-0.5
WTI,0.08081314071184789,100,2.0,10,1.0,0.0
WTI,-0.006228245649999319,100,2.0,10,1.0,0.5
WTI,0.19381024131558747,100,2.0,20,0.7,-0.5
WTI,0.09718256998985456,100,2.0,20,0.7,0.0
WTI,0.05962891990385002,100,2.0,20,0.7,0.5
WTI,0.17764195226952004,100,2.0,20,0.9,-0.5
WTI,0.16061114788855113,100,2.0,20,0.9,0.0
WTI,0.09941983926209141,100,2.0,20,0.9,0.5
WTI,0.10050173124760882,100,2.0,20,1.0,-0.5
WTI,0.05239578114787028,100,2.0,20,1.0,0.0
WTI,-0.02556973391703234,100,2.0,20,1.0,0.5
WTI,0.2642191392612394,100,2.0,50,0.7,-0.5
WTI,0.1799000452107526,100,2.0,50,0.7,0.0
WTI,0.14531140616670019,100,2.0,50,0.7,0.5
WTI,0.2612105663160599,100,2.0,50,0.9,-0.5
WTI,0.2569122712633133,100,2.0,50,0.9,0.0
WTI,0.19043668866398503,100,2.0,50,0.9,0.5
WTI,0.2049348263155865,100,2.0,50,1.0,-0.5
WTI,0.1786335196503309,100,2.0,50,1.0,0.0
WTI,0.10171991218778494,100,2.0,50,1.0,0.5
WTI,0.15717122857019566,100,2.5,10,0.7,-0.5
WTI,0.14007985296318817,100,2.5,10,0.7,0.0
WTI,0.08671996624860678,100,2.5,10,0.7,0.5
WTI,0.04938656508618289,100,2.5,10,0.9,-0.5
WTI,0.00010411559458121933,100,2.5,10,0.9,0.0
WTI,0.0017905883588222773,100,2.5,10,0.9,0.5
WTI,0.08716121809443245,100,2.5,10,1.0,-0.5
WTI,0.023334595430236728,100,2.5,10,1.0,0.0
WTI,0.02278275711363523,100,2.5,10,1.0,0.5
WTI,0.15957530156656735,100,2.5,20,0.7,-0.5
WTI,0.14225343891685993,100,2.5,20,0.7,0.0
WTI,0.08874499968110801,100,2.5,20,0.7,0.5
WTI,0.05212587919459705,100,2.5,20,0.9,-0.5
WTI,0.0026040907774805677,100,2.5,20,0.9,0.0
WTI,0.004124694714425689,100,2.5,20,0.9,0.5
WTI,0.09004821984319623,100,2.5,20,1.0,-0.5
WTI,0.025971511715134527,100,2.5,20,1.0,0.0
WTI,0.02524139521923365,100,2.5,20,1.0,0.5
WTI,0.20980772748774137,100,2.5,50,0.7,-0.5
WTI,0.20202963989315234,100,2.5,50,0.7,0.0
WTI,0.15318075716825438,100,2.5,50,0.7,0.5
WTI,0.1198754312431218,100,2.5,50,0.9,-0.5
WTI,0.1005607353391685,100,2.5,50,0.9,0.0
WTI,0.09979776261225286,100,2.5,50,0.9,0.5
WTI,0.17633086686646218,100,2.5,50,1.0,-0.5
WTI,0.12924254145431824,100,2.5,50,1.0,0.0
WTI,0.1741320589182525,100,2.5,50,1.0,0.5
WTI,0.09991330921149733,100,3.0,10,0.7,-0.5
WTI,0.056888570895308285,100,3.0,10,0.7,0.0
WTI,-0.0031245965687015658,100,3.0,10,0.7,0.5
WTI,0.0013284280653520885,100,3.0,10,0.9,-0.5
WTI,-0.02628915582893623,100,3.0,10,0.9,0.0
WTI,-0.039668823319618095,100,3.0,10,0.9,0.5
WTI,0.04316052460507149,100,3.0,10,1.0,-0.5
WTI,-0.021684467505203486,100,3.0,10,1.0,0.0
WTI,-0.006196671493919388,100,3.0,10,1.0,0.5
WTI,0.09991330921149733,100,3.0,20,0.7,-0.5
WTI,0.056888570895308285,100,3.0,20,0.7,0.0
WTI,-0.0031245965687015658,100,3.0,20,0.7,0.5
WTI,0.0013284280653520885,100,3.0,20,0.9,-0.5
WTI,-0.02628915582893623,100,3.0,20,0.9,0.0
WTI,-0.039668823319618095,100,3.0,20,0.9,0.5
WTI,0.04316052460507149,100,3.0,20,1.0,-0.5
WTI,-0.021684467505203486,100,3.0,20,1.0,0.0
WTI,-0.006196671493919388,100,3.0,20,1.0,0.5
WTI,0.08659326490441574,100,3.0,50,0.7,-0.5
WTI,0.05174792257978865,100,3.0,50,0.7,0.0
WTI,0.0040569535709407,100,3.0,50,0.7,0.5
WTI,0.010428142491017277,100,3.0,50,0.9,-0.5
WTI,-0.026337777654573135,100,3.0,50,0.9,0.0
WTI,0.03099723806755813,100,3.0,50,0.9,0.5
WTI,0.028486036275658284,100,3.0,50,1.0,-0.5
WTI,-0.026324140997356308,100,3.0,50,1.0,0.0
WTI,-0.012685959150876487,100,3.0,50,1.0,0.5
WTI,0.30243060882905354,150,1.5,10,0.7,-0.5
WTI,0.19728451931817867,150,1.5,10,0.7,0.0
WTI,0.23991941814845155,150,1.5,10,0.7,0.5
WTI,0.2953616200175958,150,1.5,10,0.9,-0.5
WTI,0.17626742748864144,150,1.5,10,0.9,0.0
WTI,0.18598722427117387,150,1.5,10,0.9,0.5
WTI,0.32724712949698054,150,1.5,10,1.0,-0.5
WTI,0.2922906278104355,150,1.5,10,1.0,0.0
WTI,0.2801462817932929,150,1.5,10,1.0,0.5
WTI,0.3752646325965297,150,1.5,20,0.7,-0.5
WTI,0.23156642874870348,150,1.5,20,0.7,0.0
WTI,0.2623466796761188,150,1.5,20,0.7,0.5
WTI,0.37159431494119954,150,1.5,20,0.9,-0.5
WTI,0.18780598732396056,150,1.5,20,0.9,0.0
WTI,0.19058018495881798,150,1.5,20,0.9,0.5
WTI,0.39606299089195884,150,1.5,20,1.0,-0.5
WTI,0.23084226477657213,150,1.5,20,1.0,0.0
WTI,0.2047571487479683,150,1.5,20,1.0,0.5
WTI,0.09414005971263412,150,1.5,50,0.7,-0.5
WTI,-0.028108525037511937,150,1.5,50,0.7,0.0
WTI,0.00524613697914917,150,1.5,50,0.7,0.5
WTI,0.05850972346480519,150,1.5,50,0.9,-0.5
WTI,-0.09714994845940443,150,1.5,50,0.9,0.0
WTI,-0.0854257275411972,150,1.5,50,0.9,0.5
WTI,0.08678488405518121,150,1.5,50,1.0,-0.5
WTI,-0.06457853674403377,150,1.5,50,1.0,0.0
WTI,-0.07741875699910598,150,1.5,50,1.0,0.5
WTI,0.19756250827673458,150,2.0,10,0.7,-0.5
WTI,0.028028449640140323,150,2.0,10,0.7,0.0
WTI,0.03894314026194234,150,2.0,10,0.7,0.5
WTI,0.22558130562514928,150,2.0,10,0.9,-0.5
WTI,0.019094175319089173,150,2.0,10,0.9,0.0
WTI,0.05328364044768182,150,2.0,10,0.9,0.5
WTI,0.2483614828806093,150,2.0,10,1.0,-0.5
WTI,0.07617950844918982,150,2.0,10,1.0,0.0
WTI,0.05877942583019668,150,2.0,10,1.0,0.5
WTI,0.02378199384360584,150,2.0,20,0.7,-0.5
WTI,-0.14039666546081592,150,2.0,20,0.7,0.0
WTI,-0.11900408968856084,150,2.0,20,0.7,0.5
WTI,0.016424402803176606,150,2.0,20,0.9,-0.5
WTI,-0.16287933849817138,150,2.0,20,0.9,0.0
WTI,-0.1124666699354915,150,2.0,20,0.9,0.5
WTI,0.015449533351120688,150,2.0,20,1.0,-0.5
WTI,-0.14831215822377272,150,2.0,20,1.0,0.0
WTI,-0.14096226794911426,150,2.0,20,1.0,0.5
WTI,0.0918191631179449,150,2.0,50,0.7,-0.5
WTI,-0.07926190673418476,150,2.0,50,0.7,0.0
WTI,-0.06168997525293484,150,2.0,50,0.7,0.5
WTI,0.08550100174119123,150,2.0,50,0.9,-0.5
WTI,-0.1007228376598666,150,2.0,50,0.9,0.0
WTI,-0.054796457454180374,150,2.0,50,0.9,0.5
WTI,0.07621470244567136,150,2.0,50,1.0,-0.5
WTI,-0.0939130839382242,150,2.0,50,1.0,0.0
WTI,-0.0904408683437444,150,2.0,50,1.0,0.5
WTI,0.17496255148634907,150,2.5,10,0.7,-0.5
WTI,-0.025424040307464237,150,2.5,10,0.7,0.0
WTI,0.0068565432196427065,150,2.5,10,0.7,0.5
WTI,0.16213978408271415,150,2.5,10,0.9,-0.5
WTI,-0.11623245712759107,150,2.5,10,0.9,0.0
WTI,-0.07205368689484844,150,2.5,10,0.9,0.5
WTI,0.16120155841133635,150,2.5,10,1.0,-0.5
WTI,-0.06180493048067783,150,2.5,10,1.0,0.0
WTI,-0.012149624007793347,150,2.5,10,1.0,0.5
WTI,0.07525290322781601,150,2.5,20,0.7,-0.5
WTI,-0.1137193278342036,150,2.5,20,0.7,0.0
WTI,-0.07530981534268923,150,2.5,20,0.7,0.5
WTI,0.048064092085649754,150,2.5,20,0.9,-0.5
WTI,-0.2140109004344757,150,2.5,20,0.9,0.0
WTI,-0.1635655659884831,150,2.5,20,0.9,0.5
WTI,0.021650761177655346,150,2.5,20,1.0,-0.5
WTI,-0.17550062563125374,150,2.5,20,1.0,0.0
WTI,-0.11868148175021863,150,2.5,20,1.0,0.5
WTI,0.08562944023916784,150,2.5,50,0.7,-0.5
WTI,-0.10418709930765155,150,2.5,50,0.7,0.0
WTI,-0.06650652611314292,150,2.5,50,0.7,0.5
WTI,0.052213982460101185,150,2.5,50,0.9,-0.5
WTI,-0.20965614418762576,150,2.5,50,0.9,0.0
WTI,-0.15965599420794363,150,2.5,50,0.9,0.5
WTI,0.10725367101283827,150,2.5,50,1.0,-0.5
WTI,-0.1181171433185047,150,2.5,50,1.0,0.0
WTI,-0.0651588717748626,150,2.5,50,1.0,0.5
WTI,0.023324194683954535,150,3.0,10,0.7,-0.5
WTI,-0.17445663316683713,150,3.0,10,0.7,0.0
WTI,-0.14266135219428994,150,3.0,10,0.7,0.5
WTI,-0.018661788501677823,150,3.0,10,0.9,-0.5
WTI,-0.20750609481971272,150,3.0,10,0.9,0.0
WTI,-0.12763878629518036,150,3.0,10,0.9,0.5
WTI,0.06950534142854813,150,3.0,10,1.0,-0.5
WTI,-0.2525883106874027,150,3.0,10,1.0,0.0
WTI,-0.16766470190382043,150,3.0,10,1.0,0.5
WTI,0.023324194683954535,150,3.0,20,0.7,-0.5
WTI,-0.17445663316683713,150,3.0,20,0.7,0.0
WTI,-0.14266135219428994,150,3.0,20,0.7,0.5
WTI,-0.018661788501677823,150,3.0,20,0.9,-0.5
WTI,-0.20750609481971272,150,3.0,20,0.9,0.0
WTI,-0.12763878629518036,150,3.0,20,0.9,0.5
WTI,0.06950534142854813,150,3.0,20,1.0,-0.5
WTI,-0.2525883106874027,150,3.0,20,1.0,0.0
WTI,-0.16766470190382043,150,3.0,20,1.0,0.5
WTI,0.023324194683954535,150,3.0,50,0.7,-0.5
WTI,-0.17445663316683713,150,3.0,50,0.7,0.0
WTI,-0.14266135219428994,150,3.0,50,0.7,0.5
WTI,-0.018661788501677823,150,3.0,50,0.9,-0.5
WTI,-0.20750609481971272,150,3.0,50,0.9,0.0
WTI,-0.12763878629518036,150,3.0,50,0.9,0.5
WTI,0.06950534142854813,150,3.0,50,1.0,-0.5
WTI,-0.2525883106874027,150,3.0,50,1.0,0.0
WTI,-0.16766470190382043,150,3.0,50,1.0,0.5
WTI,0.23236191212391272,200,1.5,10,0.7,-0.5
WTI,0.17539000959190282,200,1.5,10,0.7,0.0
WTI,0.22674819987185996,200,1.5,10,0.7,0.5
WTI,0.26912152030274283,200,1.5,10,0.9,-0.5
WTI,0.28388924943757926,200,1.5,10,0.9,0.0
WTI,0.3470880573315215,200,1.5,10,0.9,0.5
WTI,0.30783089510622397,200,1.5,10,1.0,-0.5
WTI,0.281790028450218,200,1.5,10,1.0,0.0
WTI,0.33050626654733506,200,1.5,10,1.0,0.5
WTI,0.22794170583613702,200,1.5,20,0.7,-0.5
WTI,0.17377105618517702,200,1.5,20,0.7,0.0
WTI,0.22141402892855447,200,1.5,20,0.7,0.5
WTI,0.2145643798069938,200,1.5,20,0.9,-0.5
WTI,0.16231092699524105,200,1.5,20,0.9,0.0
WTI,0.20835673837172206,200,1.5,20,0.9,0.5
WTI,0.2360561211879025,200,1.5,20,1.0,-0.5
WTI,0.17603878848188362,200,1.5,20,1.0,0.0
WTI,0.22590551026654546,200,1.5,20,1.0,0.5
WTI,0.015440894707109297,200,1.5,50,0.7,-0.5
WTI,-0.022688655123463006,200,1.5,50,0.7,0.0
WTI,0.030857936814313782,200,1.5,50,0.7,0.5
WTI,-0.008795885073544235,200,1.5,50,0.9,-0.5
WTI,-0.04217070546626188,200,1.5,50,0.9,0.0
WTI,0.030154374746865078,200,1.5,50,0.9,0.5
WTI,-0.0010402966235368931,200,1.5,50,1.0,-0.5
WTI,-0.045972141271684745,200,1.5,50,1.0,0.0
WTI,0.03500072518663968,200,1.5,50,1.0,0.5
WTI,-0.011837469484757682,200,2.0,10,0.7,-0.5
WTI,-0.049165347791768586,200,2.0,10,0.7,0.0
WTI,0.0197283805976305,200,2.0,10,0.7,0.5
WTI,-0.0058836225214877426,200,2.0,10,0.9,-0.5
WTI,0.009617717745216078,200,2.0,10,0.9,0.0
WTI,0.043409650938283535,200,2.0,10,0.9,0.5
WTI,0.08954502183259107,200,2.0,10,1.0,-0.5
WTI,0.05774337252818736,200,2.0,10,1.0,0.0
WTI,0.08448961602293718,200,2.0,10,1.0,0.5
WTI,-0.02148388538011878,200,2.0,20,0.7,-0.5
WTI,-0.06083707709707613,200,2.0,20,0.7,0.0
WTI,0.014287555804033986,200,2.0,20,0.7,0.5
WTI,-0.07792174802968564,200,2.0,20,0.9,-0.5
WTI,-0.04963697026026687,200,2.0,20,0.9,0.0
WTI,-0.004193217115105204,200,2.0,20,0.9,0.5
WTI,-0.014557406012300846,200,2.0,20,1.0,-0.5
WTI,-0.02042575359270908,200,2.0,20,1.0,0.0
WTI,0.024574618307212637,200,2.0,20,1.0,0.5
WTI,-0.0851538740619691,200,2.0,50,0.7,-0.5
WTI,-0.120022239218363,200,2.0,50,0.7,0.0
WTI,-0.04159737079558176,200,2.0,50,0.7,0.5
WTI,-0.1366261842574234,200,2.0,50,0.9,-0.5
WTI,-0.10164528110429878,200,2.0,50,0.9,0.0
WTI,-0.047087586197767095,200,2.0,50,0.9,0.5
WTI,-0.09326344016742248,200,2.0,50,1.0,-0.5
WTI,-0.09056986125250366,200,2.0,50,1.0,0.0
WTI,-0.03535779160315847,200,2.0,50,1.0,0.5
WTI,-0.07791521337459434,200,2.5,10,0.7,-0.5
WTI,-0.07281238696266593,200,2.5,10,0.7,0.0
WTI,-0.011786070061099786,200,2.5,10,0.7,0.5
WTI,-0.06571200371662357,200,2.5,10,0.9,-0.5
WTI,-0.05340628350494399,200,2.5,10,0.9,0.0
WTI,-0.013250084134439101,200,2.5,10,0.9,0.5
WTI,-0.0031525090725666983,200,2.5,10,1.0,-0.5
WTI,0.003903646977309076,200,2.5,10,1.0,0.0
WTI,0.0812495285270739,200,2.5,10,1.0,0.5
WTI,-0.11742614050331858,200,2.5,20,0.7,-0.5
WTI,-0.10943600187258809,200,2.5,20,0.7,0.0
WTI,-0.046424459156731754,200,2.5,20,0.7,0.5
WTI,-0.13506052820726805,200,2.5,20,0.9,-0.5
WTI,-0.11492608791225749,200,2.5,20,0.9,0.0
WTI,-0.06858854558195503,200,2.5,20,0.9,0.5
WTI,-0.09953276904244186,200,2.5,20,1.0,-0.5
WTI,-0.08121459325562426,200,2.5,20,1.0,0.0
WTI,0.003303704978147941,200,2.5,20,1.0,0.5
WTI,-0.11742614050331858,200,2.5,50,0.7,-0.5
WTI,-0.10943600187258809,200,2.5,50,0.7,0.0
WTI,-0.046424459156731754,200,2.5,50,0.7,0.5
WTI,-0.13506052820726805,200,2.5,50,0.9,-0.5
WTI,-0.11492608791225749,200,2.5,50,0.9,0.0
WTI,-0.06858854558195503,200,2.5,50,0.9,0.5
WTI,-0.09953276904244186,200,2.5,50,1.0,-0.5
WTI,-0.08121459325562426,200,2.5,50,1.0,0.0
WTI,0.003303704978147941,200,2.5,50,1.0,0.5
WTI,-0.13827112844163902,200,3.0,10,0.7,-0.5
WTI,-0.14081321276216746,200,3.0,10,0.7,0.0
WTI,-0.09947921296083952,200,3.0,10,0.7,0.5
WTI,-0.054037498661330986,200,3.0,10,0.9,-0.5
WTI,-0.04107079882638079,200,3.0,10,0.9,0.0
WTI,0.034547978557254104,200,3.0,10,0.9,0.5
WTI,-0.04843468612526478,200,3.0,10,1.0,-0.5
WTI,0.027416415248796486,200,3.0,10,1.0,0.0
WTI,0.075451145739398,200,3.0,10,1.0,0.5
WTI,-0.15629237659756595,200,3.0,20,0.7,-0.5
WTI,-0.15741534672600457,200,3.0,20,0.7,0.0
WTI,-0.11519945678095812,200,3.0,20,0.7,0.5
WTI,-0.07404878214508746,200,3.0,20,0.9,-0.5
WTI,-0.05922377498426131,200,3.0,20,0.9,0.0
WTI,0.017388626644188002,200,3.0,20,0.9,0.5
WTI,-0.07190859389696151,200,3.0,20,1.0,-0.5
WTI,0.005639966374664344,200,3.0,20,1.0,0.0
WTI,0.05509767992060049,200,3.0,20,1.0,0.5
WTI,-0.15629237659756595,200,3.0,50,0.7,-0.5
WTI,-0.15741534672600457,200,3.0,50,0.7,0.0
WTI,-0.11519945678095812,200,3.0,50,0.7,0.5
WTI,-0.07404878214508746,200,3.0,50,0.9,-0.5
WTI,-0.05922377498426131,200,3.0,50,0.9,0.0
WTI,0.017388626644188002,200,3.0,50,0.9,0.5
WTI,-0.07190859389696151,200,3.0,50,1.0,-0.5
WTI,0.005639966374664344,200,3.0,50,1.0,0.0
WTI,0.05509767992060049,200,3.0,50,1.0,0.5
WTI,0.18299460357224662,250,1.5,10,0.7,-0.5
WTI,0.06533197360548813,250,1.5,10,0.7,0.0
WTI,0.1876243179987074,250,1.5,10,0.7,0.5
WTI,0.11874675437969395,250,1.5,10,0.9,-0.5
WTI,0.06125554265973557,250,1.5,10,0.9,0.0
WTI,0.17864689943055176,250,1.5,10,0.9,0.5
WTI,0.1287990128282119,250,1.5,10,1.0,-0.5
WTI,0.1320473869172396,250,1.5,10,1.0,0.0
WTI,0.214510136256021,250,1.5,10,1.0,0.5
WTI,0.2664057945250938,250,1.5,20,0.7,-0.5
WTI,0.12105800422676534,250,1.5,20,0.7,0.0
WTI,0.21338466758298866,250,1.5,20,0.7,0.5
WTI,0.21839052385296268,250,1.5,20,0.9,-0.5
WTI,0.1348705648967067,250,1.5,20,0.9,0.0
WTI,0.24599190162706117,250,1.5,20,0.9,0.5
WTI,0.23705658870981056,250,1.5,20,1.0,-0.5
WTI,0.20532340174491825,250,1.5,20,1.0,0.0
WTI,0.2761201654741002,250,1.5,20,1.0,0.5
WTI,0.1697970840481269,250,1.5,50,0.7,-0.5
WTI,-0.034402050247121355,250,1.5,50,0.7,0.0
WTI,0.0825892954479533,250,1.5,50,0.7,0.5
WTI,0.12792607457059696,250,1.5,50,0.9,-0.5
WTI,-0.008612529415493907,250,1.5,50,0.9,0.0
WTI,0.14016975621569994,250,1.5,50,0.9,0.5
WTI,0.15953522136305487,250,1.5,50,1.0,-0.5
WTI,0.05362193821117254,250,1.5,50,1.0,0.0
WTI,0.1806476866314925,250,1.5,50,1.0,0.5
WTI,0.17196015837335996,250,2.0,10,0.7,-0.5
WTI,0.07038593055496341,250,2.0,10,0.7,0.0
WTI,0.1973890442310644,250,2.0,10,0.7,0.5
WTI,0.2919273482970794,250,2.0,10,0.9,-0.5
WTI,0.2007913671062136,250,2.0,10,0.9,0.0
WTI,0.31627881441624633,250,2.0,10,0.9,0.5
WTI,0.2697589005070327,250,2.0,10,1.0,-0.5
WTI,0.19826736396934277,250,2.0,10,1.0,0.0
WTI,0.2955297173668901,250,2.0,10,1.0,0.5
WTI,0.2180907724231525,250,2.0,20,0.7,-0.5
WTI,0.08942030897507373,250,2.0,20,0.7,0.0
WTI,0.2178957824548286,250,2.0,20,0.7,0.5
WTI,0.2593271367895869,250,2.0,20,0.9,-0.5
WTI,0.15111113432454193,250,2.0,20,0.9,0.0
WTI,0.273486995158057,250,2.0,20,0.9,0.5
WTI,0.25070505857238007,250,2.0,20,1.0,-0.5
WTI,0.14875126634790553,250,2.0,20,1.0,0.0
WTI,0.26433120416076894,250,2.0,20,1.0,0.5
WTI,0.07699122497211455,250,2.0,50,0.7,-0.5
WTI,-0.02459558242693993,250,2.0,50,0.7,0.0
WTI,0.11184572985894263,250,2.0,50,0.7,0.5
WTI,0.14725466770483492,250,2.0,50,0.9,-0.5
WTI,0.059363593687569445,250,2.0,50,0.9,0.0
WTI,0.1937756460827512,250,2.0,50,0.9,0.5
WTI,0.14299878877303163,250,2.0,50,1.0,-0.5
WTI,0.06206350027755405,250,2.0,50,1.0,0.0
WTI,0.1923491988840431,250,2.0,50,1.0,0.5
WTI,0.16618714542309732,250,2.5,10,0.7,-0.5
WTI,0.06631541702029747,250,2.5,10,0.7,0.0
WTI,0.20913783663515792,250,2.5,10,0.7,0.5
WTI,0.04475660302290585,250,2.5,10,0.9,-0.5
WTI,-0.03950182739974529,250,2.5,10,0.9,0.0
WTI,0.0665621815635755,250,2.5,10,0.9,0.5
WTI,0.1785695480381588,250,2.5,10,1.0,-0.5
WTI,0.150565534977281,250,2.5,10,1.0,0.0
WTI,0.23155610931600273,250,2.5,10,1.0,0.5
WTI,0.1802880440528704,250,2.5,20,0.7,-0.5
WTI,0.07908236634633692,250,2.5,20,0.7,0.0
WTI,0.22111962941083263,250,2.5,20,0.7,0.5
WTI,0.03241686416560391,250,2.5,20,0.9,-0.5
WTI,-0.04042814063144025,250,2.5,20,0.9,0.0
WTI,0.07124424715220437,250,2.5,20,0.9,0.5
WTI,0.11892251738207611,250,2.5,20,1.0,-0.5
WTI,0.08173630858636938,250,2.5,20,1.0,0.0
WTI,0.17582997520471277,250,2.5,20,1.0,0.5
WTI,0.1802880440528704,250,2.5,50,0.7,-0.5
WTI,0.07908236634633692,250,2.5,50,0.7,0.0
WTI,0.22111962941083263,250,2.5,50,0.7,0.5
WTI,0.03241686416560391,250,2.5,50,0.9,-0.5
WTI,-0.04042814063144025,250,2.5,50,0.9,0.0
WTI,0.07124424715220437,250,2.5,50,0.9,0.5
WTI,0.11892251738207611,250,2.5,50,1.0,-0.5
WTI,0.08173630858636938,250,2.5,50,1.0,0.0
WTI,0.17582997520471277,250,2.5,50,1.0,0.5
WTI,0.10493779368376782,250,3.0,10,0.7,-0.5
WTI,-0.001391352418656214,250,3.0,10,0.7,0.0
WTI,0.1245441392279611,250,3.0,10,0.7,0.5
WTI,0.11059543744623641,250,3.0,10,0.9,-0.5
WTI,0.035319104818746345,250,3.0,10,0.9,0.0
WTI,0.12384620258192018,250,3.0,10,0.9,0.5
WTI,0.07016994689833715,250,3.0,10,1.0,-0.5
WTI,0.006235632711668916,250,3.0,10,1.0,0.0
WTI,0.0939811212294689,250,3.0,10,1.0,0.5
WTI,0.06842859437509355,250,3.0,20,0.7,-0.5
WTI,-0.03428376855468256,250,3.0,20,0.7,0.0
WTI,0.09365744882242405,250,3.0,20,0.7,0.5
WTI,0.06760765245674581,250,3.0,20,0.9,-0.5
WTI,-0.0028303596781426256,250,3.0,20,0.9,0.0
WTI,0.08806449371007306,250,3.0,20,0.9,0.5
WTI,0.021990354414341485,250,3.0,20,1.0,-0.5
WTI,-0.03681378150443714,250,3.0,20,1.0,0.0
WTI,0.05260556649194669,250,3.0,20,1.0,0.5
WTI,0.06842859437509355,250,3.0,50,0.7,-0.5
WTI,-0.03428376855468256,250,3.0,50,0.7,0.0
WTI,0.09365744882242405,250,3.0,50,0.7,0.5
WTI,0.06760765245674581,250,3.0,50,0.9,-0.5
WTI,-0.0028303596781426256,250,3.0,50,0.9,0.0
WTI,0.08806449371007306,250,3.0,50,0.9,0.5
WTI,0.021990354414341485,250,3.0,50,1.0,-0.5
WTI,-0.03681378150443714,250,3.0,50,1.0,0.0
WTI,0.05260556649194669,250,3.0,50,1.0,0.5
GOOG,-0.4860566345377127,50,1.5,10,0.7,-0.5
GOOG,-0.5904699556211098,50,1.5,10,0.7,0.0
GOOG,-0.4571904905334094,50,1.5,10,0.7,0.5
GOOG,-0.5264511520032222,50,1.5,10,0.9,-0.5
GOOG,-0.5879537881566335,50,1.5,10,0.9,0.0
GOOG,-0.3705630221797771,50,1.5,10,0.9,0.5
GOOG,-0.42336486856913524,50,1.5,10,1.0,-0.5
GOOG,-0.5054493027741355,50,1.5,10,1.0,0.0
GOOG,-0.30266792621259553,50,1.5,10,1.0,0.5
GOOG,-0.4872678225098839,50,1.5,20,0.7,-0.5
GOOG,-0.5931245040169313,50,1.5,20,0.7,0.0
GOOG,-0.46261969487700194,50,1.5,20,0.7,0.5
GOOG,-0.5693815887413572,50,1.5,20,0.9,-0.5
GOOG,-0.6665166642074996,50,1.5,20,0.9,0.0
GOOG,-0.46458230904752246,50,1.5,20,0.9,0.5
GOOG,-0.49452655286758995,50,1.5,20,1.0,-0.5
GOOG,-0.6096047858828895,50,1.5,20,1.0,0.0
GOOG,-0.4282326248092273,50,1.5,20,1.0,0.5
GOOG,-0.7742815832755069,50,1.5,50,0.7,-0.5
GOOG,-0.7817425035495673,50,1.5,50,0.7,0.0
GOOG,-0.7538599877636675,50,1.5,50,0.7,0.5
GOOG,-0.784011477726427,50,1.5,50,0.9,-0.5
GOOG,-0.7874844842802899,50,1.5,50,0.9,0.0
GOOG,-0.7291191330793543,50,1.5,50,0.9,0.5
GOOG,-0.6778260528017096,50,1.5,50,1.0,-0.5
GOOG,-0.7217130329434807,50,1.5,50,1.0,0.0
GOOG,-0.6751000075913598,50,1.5,50,1.0,0.5
GOOG,-0.3395898806528681,50,2.0,10,0.7,-0.5
GOOG,-0.39470466969022067,50,2.0,10,0.7,0.0
GOOG,-0.20502508439099912,50,2.0,10,0.7,0.5
GOOG,-0.516378025532846,50,2.0,10,0.9,-0.5
GOOG,-0.5341670716687187,50,2.0,10,0.9,0.0
GOOG,-0.3576493609763654,50,2.0,10,0.9,0.5
GOOG,-0.4002915928132566,50,2.0,10,1.0,-0.5
GOOG,-0.45993123132557084,50,2.0,10,1.0,0.0
GOOG,-0.3593156980246469,50,2.0,10,1.0,0.5
GOOG,-0.2933785443931242,50,2.0,20,0.7,-0.5
GOOG,-0.3819364563075968,50,2.0,20,0.7,0.0
GOOG,-0.19853089389468762,50,2.0,20,0.7,0.5
GOOG,-0.44276806321828427,50,2.0,20,0.9,-0.5
GOOG,-0.46642857087512773,50,2.0,20,0.9,0.0
GOOG,-0.28580762901978946,50,2.0,20,0.9,0.5
GOOG,-0.3800515779209452,50,2.0,20,1.0,-0.5
GOOG,-0.4488487519764769,50,2.0,20,1.0,0.0
GOOG,-0.350197666097728,50,2.0,20,1.0,0.5
GOOG,-0.8575073644783541,50,2.0,50,0.7,-0.5
GOOG,-0.9399844693603338,50,2.0,50,0.7,0.0
GOOG,-0.8321322047215586,50,2.0,50,0.7,0.5
GOOG,-0.747587310247521,50,2.0,50,0.9,-0.5
GOOG,-0.7169568685057169,50,2.0,50,0.9,0.0
GOOG,-0.6211714802173912,50,2.0,50,0.9,0.5
GOOG,-0.7023250956790696,50,2.0,50,1.0,-0.5
GOOG,-0.6900496426000499,50,2.0,50,1.0,0.0
GOOG,-0.5975610321581476,50,2.0,50,1.0,0.5
GOOG,-0.40946107406080384,50,2.5,10,0.7,-0.5
GOOG,-0.389478276203059,50,2.5,10,0.7,0.0
GOOG,-0.17230745607188874,50,2.5,10,0.7,0.5
GOOG,-0.47164494061533935,50,2.5,10,0.9,-0.5
GOOG,-0.6342955514010277,50,2.5,10,0.9,0.0
GOOG,-0.6205757325668052,50,2.5,10,0.9,0.5
GOOG,-0.26840658172603454,50,2.5,10,1.0,-0.5
GOOG,-0.3581406132826408,50,2.5,10,1.0,0.0
GOOG,-0.36152198682235026,50,2.5,10,1.0,0.5
GOOG,-0.32582124410119884,50,2.5,20,0.7,-0.5
GOOG,-0.3126531453092775,50,2.5,20,0.7,0.0
GOOG,-0.10554890220910466,50,2.5,20,0.7,0.5
GOOG,-0.389513935904598,50,2.5,20,0.9,-0.5
GOOG,-0.5562318520345567,50,2.5,20,0.9,0.0
GOOG,-0.5508244692993687,50,2.5,20,0.9,0.5
GOOG,-0.17509022859351756,50,2.5,20,1.0,-0.5
GOOG,-0.2713258871430664,50,2.5,20,1.0,0.0
GOOG,-0.285259812029398,50,2.5,20,1.0,0.5
GOOG,-0.5508332215975905,50,2.5,50,0.7,-0.5
GOOG,-0.5883998596801961,50,2.5,50,0.7,0.0
GOOG,-0.47393215860301957,50,2.5,50,0.7,0.5
GOOG,-0.4427162590747551,50,2.5,50,0.9,-0.5
GOOG,-0.5422974244824489,50,2.5,50,0.9,0.0
GOOG,-0.45586433994135145,50,2.5,50,0.9,0.5
GOOG,-0.48257044039936675,50,2.5,50,1.0,-0.5
GOOG,-0.5382719586719078,50,2.5,50,1.0,0.0
GOOG,-0.45725622147579836,50,2.5,50,1.0,0.5
GOOG,-0.4258875706887028,50,3.0,10,0.7,-0.5
GOOG,-0.566148619879943,50,3.0,10,0.7,0.0
GOOG,-0.513825133898128,50,3.0,10,0.7,0.5
GOOG,-0.41442755977306717,50,3.0,10,0.9,-0.5
GOOG,-0.45284328905749077,50,3.0,10,0.9,0.0
GOOG,-0.5351370392054381,50,3.0,10,0.9,0.5
GOOG,-0.37060988837126896,50,3.0,10,1.0,-0.5
GOOG,-0.5432619514013548,50,3.0,10,1.0,0.0
GOOG,-0.7163951247164657,50,3.0,10,1.0,0.5
GOOG,-0.42734754865154456,50,3.0,20,0.7,-0.5
GOOG,-0.5671698593258403,50,3.0,20,0.7,0.0
GOOG,-0.5150236665201676,50,3.0,20,0.7,0.5
GOOG,-0.3656626813699537,50,3.0,20,0.9,-0.5
GOOG,-0.40986400503333387,50,3.0,20,0.9,0.0
GOOG,-0.493846653052344,50,3.0,20,0.9,0.5
GOOG,-0.30899459594682666,50,3.0,20,1.0,-0.5
GOOG,-0.4839019724720881,50,3.0,20,1.0,0.0
GOOG,-0.6625841028598403,50,3.0,20,1.0,0.5
GOOG,-0.5275424098348942,50,3.0,50,0.7,-0.5
GOOG,-0.6545299778326502,50,3.0,50,0.7,0.0
GOOG,-0.638372821355098,50,3.0,50,0.7,0.5
GOOG,-0.595180229630359,50,3.0,50,0.9,-0.5
GOOG,-0.622272673090288,50,3.0,50,0.9,0.0
GOOG,-0.5880149951070361,50,3.0,50,0.9,0.5
GOOG,-0.466979522134477,50,3.0,50,1.0,-0.5
GOOG,-0.45197222840439305,50,3.0,50,1.0,0.0
GOOG,-0.42474696290523273,50,3.0,50,1.0,0.5
GOOG,-0.1789844247150187,80,1.5,10,0.7,-0.5
GOOG,-0.31440857247425624,80,1.5,10,0.7,0.0
GOOG,-0.22030012156837595,80,1.5,10,0.7,0.5
GOOG,-0.22378108206893382,80,1.5,10,0.9,-0.5
GOOG,-0.39966281706431317,80,1.5,10,0.9,0.0
GOOG,-0.3289272159326713,80,1.5,10,0.9,0.5
GOOG,-0.3118865504319153,80,1.5,10,1.0,-0.5
GOOG,-0.4405842169690619,80,1.5,10,1.0,0.0
GOOG,-0.3660253695118084,80,1.5,10,1.0,0.5
GOOG,-0.2883089530595787,80,1.5,20,0.7,-0.5
GOOG,-0.4461866340254365,80,1.5,20,0.7,0.0
GOOG,-0.3655722902359533,80,1.5,20,0.7,0.5
GOOG,-0.2960403666584138,80,1.5,20,0.9,-0.5
GOOG,-0.46891576113603173,80,1.5,20,0.9,0.0
GOOG,-0.45569718878645954,80,1.5,20,0.9,0.5
GOOG,-0.35575812534607293,80,1.5,20,1.0,-0.5
GOOG,-0.46968398228502295,80,1.5,20,1.0,0.0
GOOG,-0.4436742809071447,80,1.5,20,1.0,0.5
GOOG,-0.4815572140373144,80,1.5,50,0.7,-0.5
GOOG,-0.5209751110367128,80,1.5,50,0.7,0.0
GOOG,-0.49976101857574673,80,1.5,50,0.7,0.5
GOOG,-0.5339324154569334,80,1.5,50,0.9,-0.5
GOOG,-0.4952143474923805,80,1.5,50,0.9,0.0
GOOG,-0.5193209266727866,80,1.5,50,0.9,0.5
GOOG,-0.5241179548813023,80,1.5,50,1.0,-0.5
GOOG,-0.4978378193157995,80,1.5,50,1.0,0.0
GOOG,-0.5172066552807129,80,1.5,50,1.0,0.5
GOOG,-0.500795031646076,80,2.0,10,0.7,-0.5
GOOG,-0.6047101813766304,80,2.0,10,0.7,0.0
GOOG,-0.6065944683917806,80,2.0,10,0.7,0.5
GOOG,-0.5940132171093481,80,2.0,10,0.9,-0.5
GOOG,-0.6093957951942681,80,2.0,10,0.9,0.0
GOOG,-0.5200017135452848,80,2.0,10,0.9,0.5
GOOG,-0.5645299769432555,80,2.0,10,1.0,-0.5
GOOG,-0.6757165123816475,80,2.0,10,1.0,0.0
GOOG,-0.6069137498654269,80,2.0,10,1.0,0.5
GOOG,-0.5619206093301466,80,2.0,20,0.7,-0.5
GOOG,-0.6652213240706685,80,2.0,20,0.7,0.0
GOOG,-0.6577918056233364,80,2.0,20,0.7,0.5
GOOG,-0.6446089521124533,80,2.0,20,0.9,-0.5
GOOG,-0.6557810833811709,80,2.0,20,0.9,0.0
GOOG,-0.5641791162314302,80,2.0,20,0.9,0.5
GOOG,-0.6400890405895289,80,2.0,20,1.0,-0.5
GOOG,-0.7441711936320999,80,2.0,20,1.0,0.0
GOOG,-0.6717649088716408,80,2.0,20,1.0,0.5
GOOG,-0.7557991540541545,80,2.0,50,0.7,-0.5
GOOG,-0.6791720734762171,80,2.0,50,0.7,0.0
GOOG,-0.7171972610210665,80,2.0,50,0.7,0.5
GOOG,-0.6616693102842084,80,2.0,50,0.9,-0.5
GOOG,-0.5963687680740237,80,2.0,50,0.9,0.0
GOOG,-0.5428339167085872,80,2.0,50,0.9,0.5
GOOG,-0.6243412906024479,80,2.0,50,1.0,-0.5
GOOG,-0.5984589115088373,80,2.0,50,1.0,0.0
GOOG,-0.5702194438846472,80,2.0,50,1.0,0.5
GOOG,-0.5791794317777968,80,2.5,10,0.7,-0.5
GOOG,-0.5575690021365421,80,2.5,10,0.7,0.0
GOOG,-0.504879043235263,80,2.5,10,0.7,0.5
GOOG,-0.5848219438219715,80,2.5,10,0.9,-0.5
GOOG,-0.6884052158658981,80,2.5,10,0.9,0.0
GOOG,-0.6381531268423,80,2.5,10,0.9,0.5
GOOG,-0.5723339518253215,80,2.5,10,1.0,-0.5
GOOG,-0.6443569095785247,80,2.5,10,1.0,0.0
GOOG,-0.6193186541661195,80,2.5,10,1.0,0.5
GOOG,-0.5791794317777968,80,2.5,20,0.7,-0.5
GOOG,-0.5575690021365421,80,2.5,20,0.7,0.0
GOOG,-0.504879043235263,80,2.5,20,0.7,0.5
GOOG,-0.5848219438219715,80,2.5,20,0.9,-0.5
GOOG,-0.6884052158658981,80,2.5,20,0.9,0.0
GOOG,-0.6381531268423,80,2.5,20,0.9,0.5
GOOG,-0.5723339518253215,80,2.5,20,1.0,-0.5
GOOG,-0.6443569095785247,80,2.5,20,1.0,0.0
GOOG,-0.6193186541661195,80,2.5,20,1.0,0.5
GOOG,-0.49275406463479365,80,2.5,50,0.7,-0.5
GOOG,-0.40758361738649573,80,2.5,50,0.7,0.0
GOOG,-0.4118951887294504,80,2.5,50,0.7,0.5
GOOG,-0.45939731156546404,80,2.5,50,0.9,-0.5
GOOG,-0.43963941228973025,80,2.5,50,0.9,0.0
GOOG,-0.42240693544247077,80,2.5,50,0.9,0.5
GOOG,-0.4750658769084975,80,2.5,50,1.0,-0.5
GOOG,-0.5055422072370173,80,2.5,50,1.0,0.0
GOOG,-0.5300045850812858,80,2.5,50,1.0,0.5
GOOG,-0.5671087115125878,80,3.0,10,0.7,-0.5
GOOG,-0.6909316140573499,80,3.0,10,0.7,0.0
GOOG,-0.6321998490741002,80,3.0,10,0.7,0.5
GOOG,-0.5062805345566089,80,3.0,10,0.9,-0.5
GOOG,-0.5108730073627643,80,3.0,10,0.9,0.0
GOOG,-0.5164740642646855,80,3.0,10,0.9,0.5
GOOG,-0.8475615011550952,80,3.0,10,1.0,-0.5
GOOG,-0.8115123814824248,80,3.0,10,1.0,0.0
GOOG,-0.8132427936328911,80,3.0,10,1.0,0.5
GOOG,-0.5671087115125878,80,3.0,20,0.7,-0.5
GOOG,-0.6909316140573499,80,3.0,20,0.7,0.0
GOOG,-0.6321998490741002,80,3.0,20,0.7,0.5
GOOG,-0.5062805345566089,80,3.0,20,0.9,-0.5
GOOG,-0.5108730073627643,80,3.0,20,0.9,0.0
GOOG,-0.5164740642646855,80,3.0,20,0.9,0.5
GOOG,-0.8475615011550952,80,3.0,20,1.0,-0.5
GOOG,-0.8115123814824248,80,3.0,20,1.0,0.0
GOOG,-0.8132427936328911,80,3.0,20,1.0,0.5
GOOG,-0.43914230540559024,80,3.0,50,0.7,-0.5
GOOG,-0.5466472575615491,80,3.0,50,0.7,0.0
GOOG,-0.5041731822111023,80,3.0,50,0.7,0.5
GOOG,-0.41337684045782125,80,3.0,50,0.9,-0.5
GOOG,-0.3994968782209993,80,3.0,50,0.9,0.0
GOOG,-0.4227180264208218,80,3.0,50,0.9,0.5
GOOG,-0.6664553981199468,80,3.0,50,1.0,-0.5
GOOG,-0.629041452159022,80,3.0,50,1.0,0.0
GOOG,-0.6475682342429849,80,3.0,50,1.0,0.5
GOOG,0.19998973346738902,100,1.5,10,0.7,-0.5
GOOG,0.10227546875270196,100,1.5,10,0.7,0.0
GOOG,0.053279426925733814,100,1.5,10,0.7,0.5
GOOG,0.22661551089121648,100,1.5,10,0.9,-0.5
GOOG,0.09141133854624013,100,1.5,10,0.9,0.0
GOOG,-0.0015208403700434647,100,1.5,10,0.9,0.5
GOOG,0.44162080250542257,100,1.5,10,1.0,-0.5
GOOG,0.24050975474979908,100,1.5,10,1.0,0.0
GOOG,0.12617783256936116,100,1.5,10,1.0,0.5
GOOG,-0.2579741083627869,100,1.5,20,0.7,-0.5
GOOG,-0.3018273507603988,100,1.5,20,0.7,0.0
GOOG,-0.34773871382601945,100,1.5,20,0.7,0.5
GOOG,-0.2683285206878398,100,1.5,20,0.9,-0.5
GOOG,-0.37373963333710075,100,1.5,20,0.9,0.0
GOOG,-0.4602845166605521,100,1.5,20,0.9,0.5
GOOG,-0.14593576141367007,100,1.5,20,1.0,-0.5
GOOG,-0.29397565219816363,100,1.5,20,1.0,0.0
GOOG,-0.3688088368949515,100,1.5,20,1.0,0.5
GOOG,-0.35073436530389174,100,1.5,50,0.7,-0.5
GOOG,-0.4030402579835378,100,1.5,50,0.7,0.0
GOOG,-0.3728164137175729,100,1.5,50,0.7,0.5
GOOG,-0.3196478874287251,100,1.5,50,0.9,-0.5
GOOG,-0.3872554585718895,100,1.5,50,0.9,0.0
GOOG,-0.4049847761861132,100,1.5,50,0.9,0.5
GOOG,-0.26062821322998225,100,1.5,50,1.0,-0.5
GOOG,-0.3383576398552444,100,1.5,50,1.0,0.0
GOOG,-0.31082678313269685,100,1.5,50,1.0,0.5
GOOG,-0.3017030444707887,100,2.0,10,0.7,-0.5
GOOG,-0.39965764256367525,100,2.0,10,0.7,0.0
GOOG,-0.48351719660465337,100,2.0,10,0.7,0.5
GOOG,-0.23283722696822334,100,2.0,10,0.9,-0.5
GOOG,-0.3081483433282158,100,2.0,10,0.9,0.0
GOOG,-0.39844734164875634,100,2.0,10,0.9,0.5
GOOG,-0.1826935215565581,100,2.0,10,1.0,-0.5
GOOG,-0.21548416947181312,100,2.0,10,1.0,0.0
GOOG,-0.2604709084105899,100,2.0,10,1.0,0.5
GOOG,-0.5143903076420878,100,2.0,20,0.7,-0.5
GOOG,-0.6162198083612398,100,2.0,20,0.7,0.0
GOOG,-0.6852760918401428,100,2.0,20,0.7,0.5
GOOG,-0.41504217217455025,100,2.0,20,0.9,-0.5
GOOG,-0.4912310169013196,100,2.0,20,0.9,0.0
GOOG,-0.5167454446467125,100,2.0,20,0.9,0.5
GOOG,-0.4003711027116299,100,2.0,20,1.0,-0.5
GOOG,-0.45310180710936065,100,2.0,20,1.0,0.0
GOOG,-0.41746995916813107,100,2.0,20,1.0,0.5
GOOG,-0.22189200494462172,100,2.0,50,0.7,-0.5
GOOG,-0.28657100092246857,100,2.0,50,0.7,0.0
GOOG,-0.3701283049890427,100,2.0,50,0.7,0.5
GOOG,-0.29078549863345615,100,2.0,50,0.9,-0.5
GOOG,-0.29647271836314226,100,2.0,50,0.9,0.0
GOOG,-0.3300216671704513,100,2.0,50,0.9,0.5
GOOG,-0.2619212470179576,100,2.0,50,1.0,-0.5
GOOG,-0.2901411106768738,100,2.0,50,1.0,0.0
GOOG,-0.2672814974444781,100,2.0,50,1.0,0.5
GOOG,-0.36722644503130436,100,2.5,10,0.7,-0.5
GOOG,-0.4386697995759116,100,2.5,10,0.7,0.0
GOOG,-0.547906878859691,100,2.5,10,0.7,0.5
GOOG,-0.6183184675456747,100,2.5,10,0.9,-0.5
GOOG,-0.6565945740186001,100,2.5,10,0.9,0.0
GOOG,-0.5976554741869332,100,2.5,10,0.9,0.5
GOOG,-0.6141349872699395,100,2.5,10,1.0,-0.5
GOOG,-0.6931481335820288,100,2.5,10,1.0,0.0
GOOG,-0.5777102284195321,100,2.5,10,1.0,0.5
GOOG,-0.3756709343866182,100,2.5,20,0.7,-0.5
GOOG,-0.4464208171400207,100,2.5,20,0.7,0.0
GOOG,-0.5550494638545074,100,2.5,20,0.7,0.5
GOOG,-0.6280707749765008,100,2.5,20,0.9,-0.5
GOOG,-0.6652411350159679,100,2.5,20,0.9,0.0
GOOG,-0.6059015584035021,100,2.5,20,0.9,0.5
GOOG,-0.6367894832970485,100,2.5,20,1.0,-0.5
GOOG,-0.7132666511993621,100,2.5,20,1.0,0.0
GOOG,-0.5970370770078407,100,2.5,20,1.0,0.5
GOOG,-0.3354070804543596,100,2.5,50,0.7,-0.5
GOOG,-0.3866652698134173,100,2.5,50,0.7,0.0
GOOG,-0.47645769930579424,100,2.5,50,0.7,0.5
GOOG,-0.4811675002178423,100,2.5,50,0.9,-0.5
GOOG,-0.563103766293148,100,2.5,50,0.9,0.0
GOOG,-0.47092151585758485,100,2.5,50,0.9,0.5
GOOG,-0.4836316269901888,100,2.5,50,1.0,-0.5
GOOG,-0.6015635527544315,100,2.5,50,1.0,0.0
GOOG,-0.4576455804723696,100,2.5,50,1.0,0.5
GOOG,-0.5141963377896039,100,3.0,10,0.7,-0.5
GOOG,-0.5017361402535234,100,3.0,10,0.7,0.0
GOOG,-0.488335898578698,100,3.0,10,0.7,0.5
GOOG,-0.6657269467044298,100,3.0,10,0.9,-0.5
GOOG,-0.6187910325125034,100,3.0,10,0.9,0.0
GOOG,-0.5380301468649547,100,3.0,10,0.9,0.5
GOOG,-0.7333459608861477,100,3.0,10,1.0,-0.5
GOOG,-0.589741208519842,100,3.0,10,1.0,0.0
GOOG,-0.4665536755162648,100,3.0,10,1.0,0.5
GOOG,-0.5141963377896039,100,3.0,20,0.7,-0.5
GOOG,-0.5017361402535234,100,3.0,20,0.7,0.0
GOOG,-0.488335898578698,100,3.0,20,0.7,0.5
GOOG,-0.6657269467044298,100,3.0,20,0.9,-0.5
GOOG,-0.6187910325125034,100,3.0,20,0.9,0.0
GOOG,-0.5380301468649547,100,3.0,20,0.9,0.5
GOOG,-0.7333459608861477,100,3.0,20,1.0,-0.5
GOOG,-0.589741208519842,100,3.0,20,1.0,0.0
GOOG,-0.4665536755162648,100,3.0,20,1.0,0.5
GOOG,-0.5011332961449196,100,3.0,50,0.7,-0.5
GOOG,-0.490355609667686,100,3.0,50,0.7,0.0
GOOG,-0.4350493345381558,100,3.0,50,0.7,0.5
GOOG,-0.6607345884889768,100,3.0,50,0.9,-0.5
GOOG,-0.6152239387527557,100,3.0,50,0.9,0.0
GOOG,-0.4826896904626392,100,3.0,50,0.9,0.5
GOOG,-0.726366417014288,100,3.0,50,1.0,-0.5
GOOG,-0.5852333609755477,100,3.0,50,1.0,0.0
GOOG,-0.4638002202368216,100,3.0,50,1.0,0.5
GOOG,0.0024287664526301553,150,1.5,10,0.7,-0.5
GOOG,0.10052248099516684,150,1.5,10,0.7,0.0
GOOG,0.07830430625398989,150,1.5,10,0.7,0.5
GOOG,-0.04297245368331487,150,1.5,10,0.9,-0.5
GOOG,0.048033658629755095,150,1.5,10,0.9,0.0
GOOG,0.00260661357754604,150,1.5,10,0.9,0.5
GOOG,0.004877622903986985,150,1.5,10,1.0,-0.5
GOOG,-0.054030538957973,150,1.5,10,1.0,0.0
GOOG,-0.06691789891385655,150,1.5,10,1.0,0.5
GOOG,-0.4011868996979148,150,1.5,20,0.7,-0.5
GOOG,-0.15951957958684085,150,1.5,20,0.7,0.0
GOOG,-0.1930324990854225,150,1.5,20,0.7,0.5
GOOG,-0.29082973322176653,150,1.5,20,0.9,-0.5
GOOG,-0.09455136598405382,150,1.5,20,0.9,0.0
GOOG,-0.10235395853523524,150,1.5,20,0.9,0.5
GOOG,-0.21442589538563586,150,1.5,20,1.0,-0.5
GOOG,-0.09481052715243152,150,1.5,20,1.0,0.0
GOOG,-0.07351254864398114,150,1.5,20,1.0,0.5
GOOG,-0.5039742448380061,150,1.5,50,0.7,-0.5
GOOG,-0.335180319052119,150,1.5,50,0.7,0.0
GOOG,-0.3796946556512299,150,1.5,50,0.7,0.5
GOOG,-0.3887960996075324,150,1.5,50,0.9,-0.5
GOOG,-0.23827216761538017,150,1.5,50,0.9,0.0
GOOG,-0.2962495643270607,150,1.5,50,0.9,0.5
GOOG,-0.3472989699775226,150,1.5,50,1.0,-0.5
GOOG,-0.2949132125766023,150,1.5,50,1.0,0.0
GOOG,-0.3398073870911107,150,1.5,50,1.0,0.5
GOOG,-0.2632397097804963,150,2.0,10,0.7,-0.5
GOOG,-0.1227636748720387,150,2.0,10,0.7,0.0
GOOG,-0.15155602310510166,150,2.0,10,0.7,0.5
GOOG,-0.3701985007862678,150,2.0,10,0.9,-0.5
GOOG,-0.15542462762487647,150,2.0,10,0.9,0.0
GOOG,-0.14999435881258127,150,2.0,10,0.9,0.5
GOOG,-0.3643567852518213,150,2.0,10,1.0,-0.5
GOOG,-0.2578496542303015,150,2.0,10,1.0,0.0
GOOG,-0.23879421559259487,150,2.0,10,1.0,0.5
GOOG,-0.29747302325788744,150,2.0,20,0.7,-0.5
GOOG,-0.15459250878515082,150,2.0,20,0.7,0.0
GOOG,-0.21453188394298775,150,2.0,20,0.7,0.5
GOOG,-0.32412179024883475,150,2.0,20,0.9,-0.5
GOOG,-0.24975153116340162,150,2.0,20,0.9,0.0
GOOG,-0.266334918650642,150,2.0,20,0.9,0.5
GOOG,-0.41150556361570356,150,2.0,20,1.0,-0.5
GOOG,-0.4363804822194012,150,2.0,20,1.0,0.0
GOOG,-0.43814800293158507,150,2.0,20,1.0,0.5
GOOG,-0.12802589808004597,150,2.0,50,0.7,-0.5
GOOG,-0.0015633304124244513,150,2.0,50,0.7,0.0
GOOG,-0.07870193705943798,150,2.0,50,0.7,0.5
GOOG,-0.14422720044018325,150,2.0,50,0.9,-0.5
GOOG,-0.09384031567496769,150,2.0,50,0.9,0.0
GOOG,-0.12709805097851906,150,2.0,50,0.9,0.5
GOOG,-0.22214404747855043,150,2.0,50,1.0,-0.5
GOOG,-0.271439578314225,150,2.0,50,1.0,0.0
GOOG,-0.2899846633461586,150,2.0,50,1.0,0.5
GOOG,-0.3065794938719525,150,2.5,10,0.7,-0.5
GOOG,-0.3436819348944753,150,2.5,10,0.7,0.0
GOOG,-0.33170089611746495,150,2.5,10,0.7,0.5
GOOG,-0.5692496537593782,150,2.5,10,0.9,-0.5
GOOG,-0.5038857756613855,150,2.5,10,0.9,0.0
GOOG,-0.4155877419532361,150,2.5,10,0.9,0.5
GOOG,-0.48943111859942995,150,2.5,10,1.0,-0.5
GOOG,-0.4687081601704389,150,2.5,10,1.0,0.0
GOOG,-0.3753955622469563,150,2.5,10,1.0,0.5
GOOG,-0.21929399166434127,150,2.5,20,0.7,-0.5
GOOG,-0.2385274331239919,150,2.5,20,0.7,0.0
GOOG,-0.23174545168648752,150,2.5,20,0.7,0.5
GOOG,-0.39832359716207266,150,2.5,20,0.9,-0.5
GOOG,-0.3130001621063431,150,2.5,20,0.9,0.0
GOOG,-0.31445236353394046,150,2.5,20,0.9,0.5
GOOG,-0.3065107765034811,150,2.5,20,1.0,-0.5
GOOG,-0.26619281207883755,150,2.5,20,1.0,0.0
GOOG,-0.26998770214095347,150,2.5,20,1.0,0.5
GOOG,-0.20332761163316498,150,2.5,50,0.7,-0.5
GOOG,-0.2244565909507813,150,2.5,50,0.7,0.0
GOOG,-0.21833539324473766,150,2.5,50,0.7,0.5
GOOG,-0.38076900025795973,150,2.5,50,0.9,-0.5
GOOG,-0.29783701241704535,150,2.5,50,0.9,0.0
GOOG,-0.3003235817378728,150,2.5,50,0.9,0.5
GOOG,-0.287627545247004,150,2.5,50,1.0,-0.5
GOOG,-0.2500957980829854,150,2.5,50,1.0,0.0
GOOG,-0.25511290519577495,150,2.5,50,1.0,0.5
GOOG,-0.29187161153306534,150,3.0,10,0.7,-0.5
GOOG,-0.33209770639495473,150,3.0,10,0.7,0.0
GOOG,-0.351480528295878,150,3.0,10,0.7,0.5
GOOG,-0.28839857541062724,150,3.0,10,0.9,-0.5
GOOG,-0.24649573536203043,150,3.0,10,0.9,0.0
GOOG,-0.2965553033933233,150,3.0,10,0.9,0.5
GOOG,0.0846749222829244,150,3.0,10,1.0,-0.5
GOOG,0.06902080858095826,150,3.0,10,1.0,0.0
GOOG,-0.0221638942294853,150,3.0,10,1.0,0.5
GOOG,-0.31042334949439054,150,3.0,20,0.7,-0.5
GOOG,-0.3479014592632254,150,3.0,20,0.7,0.0
GOOG,-0.36651777499251165,150,3.0,20,0.7,0.5
GOOG,-0.3123090558011442,150,3.0,20,0.9,-0.5
GOOG,-0.2669268223864684,150,3.0,20,0.9,0.0
GOOG,-0.3155658569340679,150,3.0,20,0.9,0.5
GOOG,0.056920039251330524,150,3.0,20,1.0,-0.5
GOOG,0.04634397349538099,150,3.0,20,1.0,0.0
GOOG,-0.042949216479378785,150,3.0,20,1.0,0.5
GOOG,-0.31042334949439054,150,3.0,50,0.7,-0.5
GOOG,-0.3479014592632254,150,3.0,50,0.7,0.0
GOOG,-0.36651777499251165,150,3.0,50,0.7,0.5
GOOG,-0.3123090558011442,150,3.0,50,0.9,-0.5
GOOG,-0.2669268223864684,150,3.0,50,0.9,0.0
GOOG,-0.3155658569340679,150,3.0,50,0.9,0.5
GOOG,0.056920039251330524,150,3.0,50,1.0,-0.5
GOOG,0.04634397349538099,150,3.0,50,1.0,0.0
GOOG,-0.042949216479378785,150,3.0,50,1.0,0.5
GOOG,-0.1499157507557477,200,1.5,10,0.7,-0.5
GOOG,-0.1418482755169118,200,1.5,10,0.7,0.0
GOOG,-0.057612476142407734,200,1.5,10,0.7,0.5
GOOG,-0.23928450692018033,200,1.5,10,0.9,-0.5
GOOG,-0.16996831566637902,200,1.5,10,0.9,0.0
GOOG,-0.1021697093518069,200,1.5,10,0.9,0.5
GOOG,-0.30296988050124873,200,1.5,10,1.0,-0.5
GOOG,-0.30021731227905774,200,1.5,10,1.0,0.0
GOOG,-0.17043295625508803,200,1.5,10,1.0,0.5
GOOG,-0.36085432839718484,200,1.5,20,0.7,-0.5
GOOG,-0.36002812327247397,200,1.5,20,0.7,0.0
GOOG,-0.2620262154594694,200,1.5,20,0.7,0.5
GOOG,-0.4865112218108966,200,1.5,20,0.9,-0.5
GOOG,-0.43584579367634246,200,1.5,20,0.9,0.0
GOOG,-0.3572882695375647,200,1.5,20,0.9,0.5
GOOG,-0.6039413392875626,200,1.5,20,1.0,-0.5
GOOG,-0.6168973426904799,200,1.5,20,1.0,0.0
GOOG,-0.47742604057088467,200,1.5,20,1.0,0.5
GOOG,-0.3711123471674973,200,1.5,50,0.7,-0.5
GOOG,-0.3406232727831208,200,1.5,50,0.7,0.0
GOOG,-0.30312032541122397,200,1.5,50,0.7,0.5
GOOG,-0.39941961553433153,200,1.5,50,0.9,-0.5
GOOG,-0.30577623396149883,200,1.5,50,0.9,0.0
GOOG,-0.2642423801612474,200,1.5,50,0.9,0.5
GOOG,-0.5082019005649016,200,1.5,50,1.0,-0.5
GOOG,-0.47124162525133334,200,1.5,50,1.0,0.0
GOOG,-0.3405311962403411,200,1.5,50,1.0,0.5
GOOG,-0.2917361578906525,200,2.0,10,0.7,-0.5
GOOG,-0.2741465222250771,200,2.0,10,0.7,0.0
GOOG,-0.13282206879988445,200,2.0,10,0.7,0.5
GOOG,-0.14417901844710057,200,2.0,10,0.9,-0.5
GOOG,-0.13436741123896415,200,2.0,10,0.9,0.0
GOOG,-0.015524477676699034,200,2.0,10,0.9,0.5
GOOG,-0.23501560303105704,200,2.0,10,1.0,-0.5
GOOG,-0.22296053932634957,200,2.0,10,1.0,0.0
GOOG,-0.13021196197239884,200,2.0,10,1.0,0.5
GOOG,-0.573846680126095,200,2.0,20,0.7,-0.5
GOOG,-0.5397530485973523,200,2.0,20,0.7,0.0
GOOG,-0.3841846733447547,200,2.0,20,0.7,0.5
GOOG,-0.4131949050153924,200,2.0,20,0.9,-0.5
GOOG,-0.36516066610235154,200,2.0,20,0.9,0.0
GOOG,-0.21791197124968148,200,2.0,20,0.9,0.5
GOOG,-0.35406553140312597,200,2.0,20,1.0,-0.5
GOOG,-0.25379376235600953,200,2.0,20,1.0,0.0
GOOG,-0.1036931932217633,200,2.0,20,1.0,0.5
GOOG,-0.4493103174333782,200,2.0,50,0.7,-0.5
GOOG,-0.42507050225368975,200,2.0,50,0.7,0.0
GOOG,-0.2772062192365592,200,2.0,50,0.7,0.5
GOOG,-0.25830090025450203,200,2.0,50,0.9,-0.5
GOOG,-0.3038589484165664,200,2.0,50,0.9,0.0
GOOG,-0.17145149017636613,200,2.0,50,0.9,0.5
GOOG,-0.2017772573206103,200,2.0,50,1.0,-0.5
GOOG,-0.2326173993968375,200,2.0,50,1.0,0.0
GOOG,-0.09744147243320035,200,2.0,50,1.0,0.5
GOOG,-0.4221220717902102,200,2.5,10,0.7,-0.5
GOOG,-0.42901063315656796,200,2.5,10,0.7,0.0
GOOG,-0.29591907636346126,200,2.5,10,0.7,0.5
GOOG,-0.29172332512907045,200,2.5,10,0.9,-0.5
GOOG,-0.26623364628101437,200,2.5,10,0.9,0.0
GOOG,-0.1486920404920328,200,2.5,10,0.9,0.5
GOOG,-0.3102654533034967,200,2.5,10,1.0,-0.5
GOOG,-0.34234700243562044,200,2.5,10,1.0,0.0
GOOG,-0.23285306094017533,200,2.5,10,1.0,0.5
GOOG,-0.279124037015843,200,2.5,20,0.7,-0.5
GOOG,-0.32289912966953493,200,2.5,20,0.7,0.0
GOOG,-0.18955272132786757,200,2.5,20,0.7,0.5
GOOG,-0.1648774349587804,200,2.5,20,0.9,-0.5
GOOG,-0.18982260849685328,200,2.5,20,0.9,0.0
GOOG,-0.09220347328032227,200,2.5,20,0.9,0.5
GOOG,-0.18608185849569742,200,2.5,20,1.0,-0.5
GOOG,-0.26322507333583484,200,2.5,20,1.0,0.0
GOOG,-0.17660860449212998,200,2.5,20,1.0,0.5
GOOG,-0.279124037015843,200,2.5,50,0.7,-0.5
GOOG,-0.32289912966953493,200,2.5,50,0.7,0.0
GOOG,-0.18955272132786757,200,2.5,50,0.7,0.5
GOOG,-0.1648774349587804,200,2.5,50,0.9,-0.5
GOOG,-0.18982260849685328,200,2.5,50,0.9,0.0
GOOG,-0.09220347328032227,200,2.5,50,0.9,0.5
GOOG,-0.18608185849569742,200,2.5,50,1.0,-0.5
GOOG,-0.26322507333583484,200,2.5,50,1.0,0.0
GOOG,-0.17660860449212998,200,2.5,50,1.0,0.5
GOOG,-0.29505123868504657,200,3.0,10,0.7,-0.5
GOOG,-0.3053455085283994,200,3.0,10,0.7,0.0
GOOG,-0.20052387499180888,200,3.0,10,0.7,0.5
GOOG,-0.10446851822091602,200,3.0,10,0.9,-0.5
GOOG,-0.1977061228458678,200,3.0,10,0.9,0.0
GOOG,-0.12419151918591904,200,3.0,10,0.9,0.5
GOOG,0.22613284825600002,200,3.0,10,1.0,-0.5
GOOG,0.03194825029961938,200,3.0,10,1.0,0.0
GOOG,0.015193441770442835,200,3.0,10,1.0,0.5
GOOG,-0.28366550402999613,200,3.0,20,0.7,-0.5
GOOG,-0.29523775725661183,200,3.0,20,0.7,0.0
GOOG,-0.19112915512363732,200,3.0,20,0.7,0.5
GOOG,-0.09137921228942249,200,3.0,20,0.9,-0.5
GOOG,-0.18615839675227583,200,3.0,20,0.9,0.0
GOOG,-0.11364625649305259,200,3.0,20,0.9,0.5
GOOG,0.24092401048658238,200,3.0,20,1.0,-0.5
GOOG,0.04464138907013097,200,3.0,20,1.0,0.0
GOOG,0.027121684932641003,200,3.0,20,1.0,0.5
GOOG,-0.28366550402999613,200,3.0,50,0.7,-0.5
GOOG,-0.29523775725661183,200,3.0,50,0.7,0.0
GOOG,-0.19112915512363732,200,3.0,50,0.7,0.5
GOOG,-0.09137921228942249,200,3.0,50,0.9,-0.5
GOOG,-0.18615839675227583,200,3.0,50,0.9,0.0
GOOG,-0.11364625649305259,200,3.0,50,0.9,0.5
GOOG,0.24092401048658238,200,3.0,50,1.0,-0.5
GOOG,0.04464138907013097,200,3.0,50,1.0,0.0
GOOG,0.027121684932641003,200,3.0,50,1.0,0.5
GOOG,0.09522508596710934,250,1.5,10,0.7,-0.5
GOOG,0.006557243172611371,250,1.5,10,0.7,0.0
GOOG,-0.09936179614922164,250,1.5,10,0.7,0.5
GOOG,0.10795327828337085,250,1.5,10,0.9,-0.5
GOOG,-0.028731551546639443,250,1.5,10,0.9,0.0
GOOG,-0.12187255194075339,250,1.5,10,0.9,0.5
GOOG,0.3251555372019883,250,1.5,10,1.0,-0.5
GOOG,0.18942990825129874,250,1.5,10,1.0,0.0
GOOG,0.015242305688788158,250,1.5,10,1.0,0.5
GOOG,-0.06305735183078935,250,1.5,20,0.7,-0.5
GOOG,-0.09416639792088106,250,1.5,20,0.7,0.0
GOOG,-0.18861953709853987,250,1.5,20,0.7,0.5
GOOG,-0.03434255827407296,250,1.5,20,0.9,-0.5
GOOG,-0.08947560221046165,250,1.5,20,0.9,0.0
GOOG,-0.18499281830715592,250,1.5,20,0.9,0.5
GOOG,0.11711383721338957,250,1.5,20,1.0,-0.5
GOOG,0.09495454828947202,250,1.5,20,1.0,0.0
GOOG,-0.057810851712577556,250,1.5,20,1.0,0.5
GOOG,-0.23099052161199193,250,1.5,50,0.7,-0.5
GOOG,-0.23565545221136558,250,1.5,50,0.7,0.0
GOOG,-0.301361586565837,250,1.5,50,0.7,0.5
GOOG,-0.26009529880142795,250,1.5,50,0.9,-0.5
GOOG,-0.298780989176275,250,1.5,50,0.9,0.0
GOOG,-0.3448506328242655,250,1.5,50,0.9,0.5
GOOG,-0.19917973192181856,250,1.5,50,1.0,-0.5
GOOG,-0.2265310482565183,250,1.5,50,1.0,0.0
GOOG,-0.29943244402229996,250,1.5,50,1.0,0.5
GOOG,-0.08845542723326695,250,2.0,10,0.7,-0.5
GOOG,-0.09923348331768908,250,2.0,10,0.7,0.0
GOOG,-0.1749249550431428,250,2.0,10,0.7,0.5
GOOG,-0.16577670403249853,250,2.0,10,0.9,-0.5
GOOG,-0.07064246012015954,250,2.0,10,0.9,0.0
GOOG,-0.15974974137521497,250,2.0,10,0.9,0.5
GOOG,-0.052381011644620945,250,2.0,10,1.0,-0.5
GOOG,-0.025901334398268853,250,2.0,10,1.0,0.0
GOOG,-0.1632763557556867,250,2.0,10,1.0,0.5
GOOG,-0.3797602091821684,250,2.0,20,0.7,-0.5
GOOG,-0.35684444522570763,250,2.0,20,0.7,0.0
GOOG,-0.40671675547105846,250,2.0,20,0.7,0.5
GOOG,-0.4785795106845119,250,2.0,20,0.9,-0.5
GOOG,-0.38247516617686556,250,2.0,20,0.9,0.0
GOOG,-0.38833403148485485,250,2.0,20,0.9,0.5
GOOG,-0.3909290879076279,250,2.0,20,1.0,-0.5
GOOG,-0.3483283112129901,250,2.0,20,1.0,0.0
GOOG,-0.37828169172275544,250,2.0,20,1.0,0.5
GOOG,-0.3000014616810193,250,2.0,50,0.7,-0.5
GOOG,-0.25622293907261884,250,2.0,50,0.7,0.0
GOOG,-0.3763722714187926,250,2.0,50,0.7,0.5
GOOG,-0.42926288267052215,250,2.0,50,0.9,-0.5
GOOG,-0.3022553558845914,250,2.0,50,0.9,0.0
GOOG,-0.3202150718357899,250,2.0,50,0.9,0.5
GOOG,-0.3821500892625047,250,2.0,50,1.0,-0.5
GOOG,-0.30466847686493564,250,2.0,50,1.0,0.0
GOOG,-0.3385706518700758,250,2.0,50,1.0,0.5
GOOG,-0.25999529788052855,250,2.5,10,0.7,-0.5
GOOG,-0.14658751194544578,250,2.5,10,0.7,0.0
GOOG,-0.20073415191344587,250,2.5,10,0.7,0.5
GOOG,-0.238949421043157,250,2.5,10,0.9,-0.5
GOOG,-0.18141911597087923,250,2.5,10,0.9,0.0
GOOG,-0.26612510004191864,250,2.5,10,0.9,0.5
GOOG,0.03582876356300513,250,2.5,10,1.0,-0.5
GOOG,0.02074926337259104,250,2.5,10,1.0,0.0
GOOG,-0.11951460592149676,250,2.5,10,1.0,0.5
GOOG,-0.4626272644322208,250,2.5,20,0.7,-0.5
GOOG,-0.33291217279536134,250,2.5,20,0.7,0.0
GOOG,-0.3437899784677948,250,2.5,20,0.7,0.5
GOOG,-0.44317767668878105,250,2.5,20,0.9,-0.5
GOOG,-0.3448960205870037,250,2.5,20,0.9,0.0
GOOG,-0.37302221100008626,250,2.5,20,0.9,0.5
GOOG,-0.1422269750421689,250,2.5,20,1.0,-0.5
GOOG,-0.11161666949999002,250,2.5,20,1.0,0.0
GOOG,-0.18231562038282798,250,2.5,20,1.0,0.5
GOOG,-0.4430988172990593,250,2.5,50,0.7,-0.5
GOOG,-0.3150378508889759,250,2.5,50,0.7,0.0
GOOG,-0.33006264921550355,250,2.5,50,0.7,0.5
GOOG,-0.42292692840371787,250,2.5,50,0.9,-0.5
GOOG,-0.3264280208302874,250,2.5,50,0.9,0.0
GOOG,-0.35901720325927733,250,2.5,50,0.9,0.5
GOOG,-0.1567178240400147,250,2.5,50,1.0,-0.5
GOOG,-0.12551289445310257,250,2.5,50,1.0,0.0
GOOG,-0.19226900890844306,250,2.5,50,1.0,0.5
GOOG,-0.38040394663009913,250,3.0,10,0.7,-0.5
GOOG,-0.30288283061623156,250,3.0,10,0.7,0.0
GOOG,-0.33715065062073374,250,3.0,10,0.7,0.5
GOOG,0.03729799648984496,250,3.0,10,0.9,-0.5
GOOG,0.12456610867924091,250,3.0,10,0.9,0.0
GOOG,-0.020195920754732664,250,3.0,10,0.9,0.5
GOOG,0.022768861731386508,250,3.0,10,1.0,-0.5
GOOG,0.12128799599583279,250,3.0,10,1.0,0.0
GOOG,-0.08606139276813281,250,3.0,10,1.0,0.5
GOOG,-0.3604257023329157,250,3.0,20,0.7,-0.5
GOOG,-0.28457426461631297,250,3.0,20,0.7,0.0
GOOG,-0.3231927456200173,250,3.0,20,0.7,0.5
GOOG,0.0613345831569796,250,3.0,20,0.9,-0.5
GOOG,0.14669082454675347,250,3.0,20,0.9,0.0
GOOG,-0.004619868552970218,250,3.0,20,0.9,0.5
GOOG,0.021004811630701913,250,3.0,20,1.0,-0.5
GOOG,0.07602276543272385,250,3.0,20,1.0,0.0
GOOG,-0.07771824970388429,250,3.0,20,1.0,0.5
GOOG,-0.3604257023329157,250,3.0,50,0.7,-0.5
GOOG,-0.28457426461631297,250,3.0,50,0.7,0.0
GOOG,-0.3231927456200173,250,3.0,50,0.7,0.5
GOOG,0.0613345831569796,250,3.0,50,0.9,-0.5
GOOG,0.14669082454675347,250,3.0,50,0.9,0.0
GOOG,-0.004619868552970218,250,3.0,50,0.9,0.5
GOOG,0.021004811630701913,250,3.0,50,1.0,-0.5
GOOG,0.07602276543272385,250,3.0,50,1.0,0.0
GOOG,-0.07771824970388429,250,3.0,50,1.0,0.5
EURUSD,-7.3243361244327385,50,1.5,10,0.7,-0.5
EURUSD,-5.97324366144671,50,1.5,10,0.7,0.0
EURUSD,-5.140560129482144,50,1.5,10,0.7,0.5
EURUSD,-6.3687719605259465,50,1.5,10,0.9,-0.5
EURUSD,-5.0815945307277826,50,1.5,10,0.9,0.0
EURUSD,-4.679149365159441,50,1.5,10,0.9,0.5
EURUSD,-6.611705638360821,50,1.5,10,1.0,-0.5
EURUSD,-5.502269804100391,50,1.5,10,1.0,0.0
EURUSD,-5.11720357340459,50,1.5,10,1.0,0.5
EURUSD,-7.420992054611876,50,1.5,20,0.7,-0.5
EURUSD,-6.417644583584082,50,1.5,20,0.7,0.0
EURUSD,-5.45407568580948,50,1.5,20,0.7,0.5
EURUSD,-6.8443765694518195,50,1.5,20,0.9,-0.5
EURUSD,-5.95954377526716,50,1.5,20,0.9,0.0
EURUSD,-5.31660401454339,50,1.5,20,0.9,0.5
EURUSD,-6.9407462644857745,50,1.5,20,1.0,-0.5
EURUSD,-6.235803567697832,50,1.5,20,1.0,0.0
EURUSD,-5.596938312117633,50,1.5,20,1.0,0.5
EURUSD,-4.936475050390305,50,1.5,50,0.7,-0.5
EURUSD,-4.25393286111807,50,1.5,50,0.7,0.0
EURUSD,-3.6513313966237013,50,1.5,50,0.7,0.5
EURUSD,-4.281110134902778,50,1.5,50,0.9,-0.5
EURUSD,-3.5532025722359517,50,1.5,50,0.9,0.0
EURUSD,-3.041623304486286,50,1.5,50,0.9,0.5
EURUSD,-4.146760686470325,50,1.5,50,1.0,-0.5
EURUSD,-3.4438074398260747,50,1.5,50,1.0,0.0
EURUSD,-3.1652528411352905,50,1.5,50,1.0,0.5
EURUSD,-5.608281104024708,50,2.0,10,0.7,-0.5
EURUSD,-4.415546496840854,50,2.0,10,0.7,0.0
EURUSD,-4.066506783360533,50,2.0,10,0.7,0.5
EURUSD,-5.250188769510459,50,2.0,10,0.9,-0.5
EURUSD,-4.786912551645418,50,2.0,10,0.9,0.0
EURUSD,-4.469943632028024,50,2.0,10,0.9,0.5
EURUSD,-4.936260084319732,50,2.0,10,1.0,-0.5
EURUSD,-4.734906696709601,50,2.0,10,1.0,0.0
EURUSD,-4.442923671688493,50,2.0,10,1.0,0.5
EURUSD,-5.5607996764799,50,2.0,20,0.7,-0.5
EURUSD,-4.684795556196349,50,2.0,20,0.7,0.0
EURUSD,-4.242543135917959,50,2.0,20,0.7,0.5
EURUSD,-5.345812167242805,50,2.0,20,0.9,-0.5
EURUSD,-5.220578496991699,50,2.0,20,0.9,0.0
EURUSD,-4.827031246417279,50,2.0,20,0.9,0.5
EURUSD,-5.040350016346427,50,2.0,20,1.0,-0.5
EURUSD,-5.1849080354375845,50,2.0,20,1.0,0.0
EURUSD,-4.80281019067047,50,2.0,20,1.0,0.5
EURUSD,-4.840298013627145,50,2.0,50,0.7,-0.5
EURUSD,-4.114396124958396,50,2.0,50,0.7,0.0
EURUSD,-3.4479442329820085,50,2.0,50,0.7,0.5
EURUSD,-4.0161867607221025,50,2.0,50,0.9,-0.5
EURUSD,-3.670452367860597,50,2.0,50,0.9,0.0
EURUSD,-3.0646087398948327,50,2.0,50,0.9,0.5
EURUSD,-3.768686647301835,50,2.0,50,1.0,-0.5
EURUSD,-3.484590443492576,50,2.0,50,1.0,0.0
EURUSD,-3.1863548608770027,50,2.0,50,1.0,0.5
EURUSD,-5.507999721814381,50,2.5,10,0.7,-0.5
EURUSD,-4.953344961831585,50,2.5,10,0.7,0.0
EURUSD,-4.5510626142304424,50,2.5,10,0.7,0.5
EURUSD,-4.567463192741362,50,2.5,10,0.9,-0.5
EURUSD,-4.578125162187729,50,2.5,10,0.9,0.0
EURUSD,-4.541947994895837,50,2.5,10,0.9,0.5
EURUSD,-3.797736617421017,50,2.5,10,1.0,-0.5
EURUSD,-4.114257932484456,50,2.5,10,1.0,0.0
EURUSD,-4.242087709148499,50,2.5,10,1.0,0.5
EURUSD,-5.362997284997808,50,2.5,20,0.7,-0.5
EURUSD,-4.830605998903523,50,2.5,20,0.7,0.0
EURUSD,-4.471083068086732,50,2.5,20,0.7,0.5
EURUSD,-4.410237240494076,50,2.5,20,0.9,-0.5
EURUSD,-4.450108231774913,50,2.5,20,0.9,0.0
EURUSD,-4.459996381309558,50,2.5,20,0.9,0.5
EURUSD,-3.616963478807179,50,2.5,20,1.0,-0.5
EURUSD,-3.9560510164703797,50,2.5,20,1.0,0.0
EURUSD,-4.138541276243629,50,2.5,20,1.0,0.5
EURUSD,-4.613506491479807,50,2.5,50,0.7,-0.5
EURUSD,-4.309028491178759,50,2.5,50,0.7,0.0
EURUSD,-3.8134644853984203,50,2.5,50,0.7,0.5
EURUSD,-3.8968768253025243,50,2.5,50,0.9,-0.5
EURUSD,-3.7810274959651387,50,2.5,50,0.9,0.0
EURUSD,-3.474565839754105,50,2.5,50,0.9,0.5
EURUSD,-3.4836668426394968,50,2.5,50,1.0,-0.5
EURUSD,-3.493233122491653,50,2.5,50,1.0,0.0
EURUSD,-3.3028027345564404,50,2.5,50,1.0,0.5
EURUSD,-5.065479028515304,50,3.0,10,0.7,-0.5
EURUSD,-4.826969537828288,50,3.0,10,0.7,0.0
EURUSD,-4.734463437830927,50,3.0,10,0.7,0.5
EURUSD,-2.962551425052957,50,3.0,10,0.9,-0.5
EURUSD,-3.242894993401133,50,3.0,10,0.9,0.0
EURUSD,-3.4062164795093937,50,3.0,10,0.9,0.5
EURUSD,-2.8334338799472785,50,3.0,10,1.0,-0.5
EURUSD,-2.899474238059292,50,3.0,10,1.0,0.0
EURUSD,-3.0158369365032196,50,3.0,10,1.0,0.5
EURUSD,-5.079622173573528,50,3.0,20,0.7,-0.5
EURUSD,-4.839342254776986,50,3.0,20,0.7,0.0
EURUSD,-4.7458821341995785,50,3.0,20,0.7,0.5
EURUSD,-2.977835165016631,50,3.0,20,0.9,-0.5
EURUSD,-3.2563098032822424,50,3.0,20,0.9,0.0
EURUSD,-3.418467807261907,50,3.0,20,0.9,0.5
EURUSD,-2.8504379278989016,50,3.0,20,1.0,-0.5
EURUSD,-2.9150416057629793,50,3.0,20,1.0,0.0
EURUSD,-3.0302358969796583,50,3.0,20,1.0,0.5
EURUSD,-4.676528633253245,50,3.0,50,0.7,-0.5
EURUSD,-4.726729584388973,50,3.0,50,0.7,0.0
EURUSD,-4.691932893278048,50,3.0,50,0.7,0.5
EURUSD,-3.252443600840479,50,3.0,50,0.9,-0.5
EURUSD,-3.2439228904609587,50,3.0,50,0.9,0.0
EURUSD,-3.328130778653192,50,3.0,50,0.9,0.5
EURUSD,-3.2675398973436938,50,3.0,50,1.0,-0.5
EURUSD,-3.1339040087923995,50,3.0,50,1.0,0.0
EURUSD,-3.146197924162667,50,3.0,50,1.0,0.5
EURUSD,-7.9940516185452415,80,1.5,10,0.7,-0.5
EURUSD,-6.306644448437047,80,1.5,10,0.7,0.0
EURUSD,-5.689687769930736,80,1.5,10,0.7,0.5
EURUSD,-7.6692303534065625,80,1.5,10,0.9,-0.5
EURUSD,-6.31754456088882,80,1.5,10,0.9,0.0
EURUSD,-5.675128598892266,80,1.5,10,0.9,0.5
EURUSD,-7.291142118365487,80,1.5,10,1.0,-0.5
EURUSD,-6.289147021485175,80,1.5,10,1.0,0.0
EURUSD,-5.772384232260198,80,1.5,10,1.0,0.5
EURUSD,-5.190276392968186,80,1.5,20,0.7,-0.5
EURUSD,-3.7925884407713255,80,1.5,20,0.7,0.0
EURUSD,-3.325748479464086,80,1.5,20,0.7,0.5
EURUSD,-4.828190962293966,80,1.5,20,0.9,-0.5
EURUSD,-3.698302641890507,80,1.5,20,0.9,0.0
EURUSD,-3.17628245471044,80,1.5,20,0.9,0.5
EURUSD,-4.555963377100796,80,1.5,20,1.0,-0.5
EURUSD,-3.6948727452469674,80,1.5,20,1.0,0.0
EURUSD,-3.40499476533203,80,1.5,20,1.0,0.5
EURUSD,-4.352009827114132,80,1.5,50,0.7,-0.5
EURUSD,-3.288428978996632,80,1.5,50,0.7,0.0
EURUSD,-3.0239549476400236,80,1.5,50,0.7,0.5
EURUSD,-4.039403965478975,80,1.5,50,0.9,-0.5
EURUSD,-3.087081385620208,80,1.5,50,0.9,0.0
EURUSD,-2.8702116195630207,80,1.5,50,0.9,0.5
EURUSD,-3.7730656394267696,80,1.5,50,1.0,-0.5
EURUSD,-3.0010683039162007,80,1.5,50,1.0,0.0
EURUSD,-2.98392026925693,80,1.5,50,1.0,0.5
EURUSD,-5.379343977135242,80,2.0,10,0.7,-0.5
EURUSD,-4.056158861381148,80,2.0,10,0.7,0.0
EURUSD,-3.51822017593468,80,2.0,10,0.7,0.5
EURUSD,-4.417019970472836,80,2.0,10,0.9,-0.5
EURUSD,-3.60541528131515,80,2.0,10,0.9,0.0
EURUSD,-3.518986463342583,80,2.0,10,0.9,0.5
EURUSD,-4.274389982648065,80,2.0,10,1.0,-0.5
EURUSD,-3.6199987881351934,80,2.0,10,1.0,0.0
EURUSD,-3.6076793781366097,80,2.0,10,1.0,0.5
EURUSD,-5.103095773171987,80,2.0,20,0.7,-0.5
EURUSD,-3.919941931424558,80,2.0,20,0.7,0.0
EURUSD,-3.3983351628195675,80,2.0,20,0.7,0.5
EURUSD,-4.120244824463402,80,2.0,20,0.9,-0.5
EURUSD,-3.541561377292907,80,2.0,20,0.9,0.0
EURUSD,-3.4648257328907044,80,2.0,20,0.9,0.5
EURUSD,-3.8925346265616367,80,2.0,20,1.0,-0.5
EURUSD,-3.5452992374580345,80,2.0,20,1.0,0.0
EURUSD,-3.5528201528112135,80,2.0,20,1.0,0.5
EURUSD,-4.830825020937691,80,2.0,50,0.7,-0.5
EURUSD,-3.770119271586175,80,2.0,50,0.7,0.0
EURUSD,-3.0838119892503846,80,2.0,50,0.7,0.5
EURUSD,-4.069820505618225,80,2.0,50,0.9,-0.5
EURUSD,-3.343994521411051,80,2.0,50,0.9,0.0
EURUSD,-3.0157694336805196,80,2.0,50,0.9,0.5
EURUSD,-4.14486597204776,80,2.0,50,1.0,-0.5
EURUSD,-3.4426772745413,80,2.0,50,1.0,0.0
EURUSD,-3.157397598497151,80,2.0,50,1.0,0.5
EURUSD,-4.468118448409957,80,2.5,10,0.7,-0.5
EURUSD,-3.7881911968102107,80,2.5,10,0.7,0.0
EURUSD,-3.6781917258245733,80,2.5,10,0.7,0.5
EURUSD,-4.068432786645123,80,2.5,10,0.9,-0.5
EURUSD,-3.460775273817022,80,2.5,10,0.9,0.0
EURUSD,-3.410884024472994,80,2.5,10,0.9,0.5
EURUSD,-4.021491961105285,80,2.5,10,1.0,-0.5
EURUSD,-3.5893730761590796,80,2.5,10,1.0,0.0
EURUSD,-3.6183807483721924,80,2.5,10,1.0,0.5
EURUSD,-4.504001558341161,80,2.5,20,0.7,-0.5
EURUSD,-3.821097519173852,80,2.5,20,0.7,0.0
EURUSD,-3.7082837888761664,80,2.5,20,0.7,0.5
EURUSD,-4.110556286280004,80,2.5,20,0.9,-0.5
EURUSD,-3.4982680218723496,80,2.5,20,0.9,0.0
EURUSD,-3.445592063808185,80,2.5,20,0.9,0.5
EURUSD,-4.068303285521746,80,2.5,20,1.0,-0.5
EURUSD,-3.6313224590710313,80,2.5,20,1.0,0.0
EURUSD,-3.6574596679051266,80,2.5,20,1.0,0.5
EURUSD,-4.107117408574217,80,2.5,50,0.7,-0.5
EURUSD,-3.438278002598387,80,2.5,50,0.7,0.0
EURUSD,-3.195988064128488,80,2.5,50,0.7,0.5
EURUSD,-3.8618715417781053,80,2.5,50,0.9,-0.5
EURUSD,-3.3127352099789515,80,2.5,50,0.9,0.0
EURUSD,-3.104350519763979,80,2.5,50,0.9,0.5
EURUSD,-3.9310387581107222,80,2.5,50,1.0,-0.5
EURUSD,-3.234550717438026,80,2.5,50,1.0,0.0
EURUSD,-3.1382236100218255,80,2.5,50,1.0,0.5
EURUSD,-4.290513017364364,80,3.0,10,0.7,-0.5
EURUSD,-3.7516191524911076,80,3.0,10,0.7,0.0
EURUSD,-3.655975764652469,80,3.0,10,0.7,0.5
EURUSD,-3.2143838870168087,80,3.0,10,0.9,-0.5
EURUSD,-2.981914595258854,80,3.0,10,0.9,0.0
EURUSD,-3.027512896848513,80,3.0,10,0.9,0.5
EURUSD,-2.4767118817050076,80,3.0,10,1.0,-0.5
EURUSD,-2.542906366433658,80,3.0,10,1.0,0.0
EURUSD,-2.5313932240555634,80,3.0,10,1.0,0.5
EURUSD,-4.290513017364364,80,3.0,20,0.7,-0.5
EURUSD,-3.7516191524911076,80,3.0,20,0.7,0.0
EURUSD,-3.655975764652469,80,3.0,20,0.7,0.5
EURUSD,-3.2143838870168087,80,3.0,20,0.9,-0.5
EURUSD,-2.981914595258854,80,3.0,20,0.9,0.0
EURUSD,-3.027512896848513,80,3.0,20,0.9,0.5
EURUSD,-2.4767118817050076,80,3.0,20,1.0,-0.5
EURUSD,-2.542906366433658,80,3.0,20,1.0,0.0
EURUSD,-2.5313932240555634,80,3.0,20,1.0,0.5
EURUSD,-4.277474542962599,80,3.0,50,0.7,-0.5
EURUSD,-3.7372648076142214,80,3.0,50,0.7,0.0
EURUSD,-3.576521176082717,80,3.0,50,0.7,0.5
EURUSD,-3.388122825908953,80,3.0,50,0.9,-0.5
EURUSD,-3.117736648188233,80,3.0,50,0.9,0.0
EURUSD,-3.0271293185770336,80,3.0,50,0.9,0.5
EURUSD,-3.1509013933752583,80,3.0,50,1.0,-0.5
EURUSD,-2.97559192743652,80,3.0,50,1.0,0.0
EURUSD,-2.5918305581717953,80,3.0,50,1.0,0.5
EURUSD,-7.048652858256028,100,1.5,10,0.7,-0.5
EURUSD,-5.989024256950858,100,1.5,10,0.7,0.0
EURUSD,-5.2180104926122475,100,1.5,10,0.7,0.5
EURUSD,-6.28717466433092,100,1.5,10,0.9,-0.5
EURUSD,-5.623839780377833,100,1.5,10,0.9,0.0
EURUSD,-4.942639535632406,100,1.5,10,0.9,0.5
EURUSD,-6.486524116213089,100,1.5,10,1.0,-0.5
EURUSD,-6.158505013490882,100,1.5,10,1.0,0.0
EURUSD,-5.5253974879464725,100,1.5,10,1.0,0.5
EURUSD,-4.981212328850933,100,1.5,20,0.7,-0.5
EURUSD,-3.9619906854446048,100,1.5,20,0.7,0.0
EURUSD,-3.338634565519327,100,1.5,20,0.7,0.5
EURUSD,-4.382725060001036,100,1.5,20,0.9,-0.5
EURUSD,-3.903302630484863,100,1.5,20,0.9,0.0
EURUSD,-3.3534101511867953,100,1.5,20,0.9,0.5
EURUSD,-4.271763746219846,100,1.5,20,1.0,-0.5
EURUSD,-4.002252787500743,100,1.5,20,1.0,0.0
EURUSD,-3.291697795943085,100,1.5,20,1.0,0.5
EURUSD,-4.24247244626672,100,1.5,50,0.7,-0.5
EURUSD,-3.199501397737425,100,1.5,50,0.7,0.0
EURUSD,-2.5550522391326824,100,1.5,50,0.7,0.5
EURUSD,-3.7612086092780963,100,1.5,50,0.9,-0.5
EURUSD,-3.1233275042932274,100,1.5,50,0.9,0.0
EURUSD,-2.4415733308053014,100,1.5,50,0.9,0.5
EURUSD,-3.6973492007338304,100,1.5,50,1.0,-0.5
EURUSD,-3.1795454774231846,100,1.5,50,1.0,0.0
EURUSD,-2.514920797046663,100,1.5,50,1.0,0.5
EURUSD,-5.5583649394757355,100,2.0,10,0.7,-0.5
EURUSD,-5.066256614678938,100,2.0,10,0.7,0.0
EURUSD,-4.2186697341936386,100,2.0,10,0.7,0.5
EURUSD,-4.9364530323022136,100,2.0,10,0.9,-0.5
EURUSD,-4.699486546051678,100,2.0,10,0.9,0.0
EURUSD,-3.9172380522646497,100,2.0,10,0.9,0.5
EURUSD,-4.7501093174013596,100,2.0,10,1.0,-0.5
EURUSD,-4.4099110251363065,100,2.0,10,1.0,0.0
EURUSD,-3.828529493039611,100,2.0,10,1.0,0.5
EURUSD,-4.413390752189736,100,2.0,20,0.7,-0.5
EURUSD,-4.018128698149389,100,2.0,20,0.7,0.0
EURUSD,-3.214567274513672,100,2.0,20,0.7,0.5
EURUSD,-3.6490956915474113,100,2.0,20,0.9,-0.5
EURUSD,-3.431315071951303,100,2.0,20,0.9,0.0
EURUSD,-2.7055788983666056,100,2.0,20,0.9,0.5
EURUSD,-3.532851774894501,100,2.0,20,1.0,-0.5
EURUSD,-3.166867114646381,100,2.0,20,1.0,0.0
EURUSD,-2.5770164408501675,100,2.0,20,1.0,0.5
EURUSD,-3.9259018802167613,100,2.0,50,0.7,-0.5
EURUSD,-3.517460841607227,100,2.0,50,0.7,0.0
EURUSD,-2.809034361802258,100,2.0,50,0.7,0.5
EURUSD,-3.197503256243169,100,2.0,50,0.9,-0.5
EURUSD,-2.87598006893117,100,2.0,50,0.9,0.0
EURUSD,-2.241083573729369,100,2.0,50,0.9,0.5
EURUSD,-3.0522841150859117,100,2.0,50,1.0,-0.5
EURUSD,-2.565599482751628,100,2.0,50,1.0,0.0
EURUSD,-2.0471027690894874,100,2.0,50,1.0,0.5
EURUSD,-3.9932045121420954,100,2.5,10,0.7,-0.5
EURUSD,-3.6593138226917343,100,2.5,10,0.7,0.0
EURUSD,-2.931530836049633,100,2.5,10,0.7,0.5
EURUSD,-3.788917214293842,100,2.5,10,0.9,-0.5
EURUSD,-3.6659963124273443,100,2.5,10,0.9,0.0
EURUSD,-3.0857336468596923,100,2.5,10,0.9,0.5
EURUSD,-3.5668636370496576,100,2.5,10,1.0,-0.5
EURUSD,-3.739756038397041,100,2.5,10,1.0,0.0
EURUSD,-3.253771349494702,100,2.5,10,1.0,0.5
EURUSD,-3.9932045121420954,100,2.5,20,0.7,-0.5
EURUSD,-3.6593138226917343,100,2.5,20,0.7,0.0
EURUSD,-2.931530836049633,100,2.5,20,0.7,0.5
EURUSD,-3.788917214293842,100,2.5,20,0.9,-0.5
EURUSD,-3.6659963124273443,100,2.5,20,0.9,0.0
EURUSD,-3.0857336468596923,100,2.5,20,0.9,0.5
EURUSD,-3.5668636370496576,100,2.5,20,1.0,-0.5
EURUSD,-3.739756038397041,100,2.5,20,1.0,0.0
EURUSD,-3.253771349494702,100,2.5,20,1.0,0.5
EURUSD,-3.557822894194831,100,2.5,50,0.7,-0.5
EURUSD,-3.2025624914054407,100,2.5,50,0.7,0.0
EURUSD,-2.530316076009218,100,2.5,50,0.7,0.5
EURUSD,-3.542895499604209,100,2.5,50,0.9,-0.5
EURUSD,-3.32291133292889,100,2.5,50,0.9,0.0
EURUSD,-2.724826183898339,100,2.5,50,0.9,0.5
EURUSD,-3.286533685150696,100,2.5,50,1.0,-0.5
EURUSD,-3.356520206129645,100,2.5,50,1.0,0.0
EURUSD,-2.8406511774541503,100,2.5,50,1.0,0.5
EURUSD,-3.455895080476332,100,3.0,10,0.7,-0.5
EURUSD,-3.314427415933417,100,3.0,10,0.7,0.0
EURUSD,-2.8308455957498477,100,3.0,10,0.7,0.5
EURUSD,-3.042784758633085,100,3.0,10,0.9,-0.5
EURUSD,-3.414028555106407,100,3.0,10,0.9,0.0
EURUSD,-2.857585115177905,100,3.0,10,0.9,0.5
EURUSD,-2.879766021236075,100,3.0,10,1.0,-0.5
EURUSD,-2.8978883562933713,100,3.0,10,1.0,0.0
EURUSD,-2.393419047871134,100,3.0,10,1.0,0.5
EURUSD,-3.455895080476332,100,3.0,20,0.7,-0.5
EURUSD,-3.314427415933417,100,3.0,20,0.7,0.0
EURUSD,-2.8308455957498477,100,3.0,20,0.7,0.5
EURUSD,-3.042784758633085,100,3.0,20,0.9,-0.5
EURUSD,-3.414028555106407,100,3.0,20,0.9,0.0
EURUSD,-2.857585115177905,100,3.0,20,0.9,0.5
EURUSD,-2.879766021236075,100,3.0,20,1.0,-0.5
EURUSD,-2.8978883562933713,100,3.0,20,1.0,0.0
EURUSD,-2.393419047871134,100,3.0,20,1.0,0.5
EURUSD,-3.1404952393471057,100,3.0,50,0.7,-0.5
EURUSD,-2.9687935530267477,100,3.0,50,0.7,0.0
EURUSD,-2.4809283455744287,100,3.0,50,0.7,0.5
EURUSD,-2.897958756232925,100,3.0,50,0.9,-0.5
EURUSD,-3.2053347425231054,100,3.0,50,0.9,0.0
EURUSD,-2.6148620577383217,100,3.0,50,0.9,0.5
EURUSD,-2.7490811359123417,100,3.0,50,1.0,-0.5
EURUSD,-2.7108487539241684,100,3.0,50,1.0,0.0
EURUSD,-2.1687408276130005,100,3.0,50,1.0,0.5
EURUSD,-5.105313226412095,150,1.5,10,0.7,-0.5
EURUSD,-4.45114742759047,150,1.5,10,0.7,0.0
EURUSD,-3.5804430031680785,150,1.5,10,0.7,0.5
EURUSD,-4.4628662652652045,150,1.5,10,0.9,-0.5
EURUSD,-4.243595368759359,150,1.5,10,0.9,0.0
EURUSD,-3.7222562937516854,150,1.5,10,0.9,0.5
EURUSD,-4.26888690918375,150,1.5,10,1.0,-0.5
EURUSD,-4.134113612555545,150,1.5,10,1.0,0.0
EURUSD,-3.655716762405715,150,1.5,10,1.0,0.5
EURUSD,-5.331524745765248,150,1.5,20,0.7,-0.5
EURUSD,-4.544099393871673,150,1.5,20,0.7,0.0
EURUSD,-3.638614212481053,150,1.5,20,0.7,0.5
EURUSD,-4.763407083761565,150,1.5,20,0.9,-0.5
EURUSD,-4.277366480503942,150,1.5,20,0.9,0.0
EURUSD,-3.60319029557122,150,1.5,20,0.9,0.5
EURUSD,-4.705629302917374,150,1.5,20,1.0,-0.5
EURUSD,-4.095216342249362,150,1.5,20,1.0,0.0
EURUSD,-3.4936375600044816,150,1.5,20,1.0,0.5
EURUSD,-3.750767110424324,150,1.5,50,0.7,-0.5
EURUSD,-3.1131128496891294,150,1.5,50,0.7,0.0
EURUSD,-2.2143964921163706,150,1.5,50,0.7,0.5
EURUSD,-3.13695409341637,150,1.5,50,0.9,-0.5
EURUSD,-2.7391138950875815,150,1.5,50,0.9,0.0
EURUSD,-2.1148154879055157,150,1.5,50,0.9,0.5
EURUSD,-2.896653315378479,150,1.5,50,1.0,-0.5
EURUSD,-2.5547929471742425,150,1.5,50,1.0,0.0
EURUSD,-1.9932875198224578,150,1.5,50,1.0,0.5
EURUSD,-5.433843380547361,150,2.0,10,0.7,-0.5
EURUSD,-4.824021142005895,150,2.0,10,0.7,0.0
EURUSD,-4.124636274190809,150,2.0,10,0.7,0.5
EURUSD,-5.440487048917126,150,2.0,10,0.9,-0.5
EURUSD,-4.755056434141379,150,2.0,10,0.9,0.0
EURUSD,-4.111261734233971,150,2.0,10,0.9,0.5
EURUSD,-4.95030588625166,150,2.0,10,1.0,-0.5
EURUSD,-4.077543060304447,150,2.0,10,1.0,0.0
EURUSD,-3.542284207947999,150,2.0,10,1.0,0.5
EURUSD,-3.9872057419840474,150,2.0,20,0.7,-0.5
EURUSD,-3.4663458501040374,150,2.0,20,0.7,0.0
EURUSD,-2.771508876326479,150,2.0,20,0.7,0.5
EURUSD,-3.7584873474170637,150,2.0,20,0.9,-0.5
EURUSD,-3.1918393927934523,150,2.0,20,0.9,0.0
EURUSD,-2.513039119649941,150,2.0,20,0.9,0.5
EURUSD,-3.6981360576713973,150,2.0,20,1.0,-0.5
EURUSD,-2.978043757430124,150,2.0,20,1.0,0.0
EURUSD,-2.392723739826156,150,2.0,20,1.0,0.5
EURUSD,-3.6178065398117147,150,2.0,50,0.7,-0.5
EURUSD,-3.068633414628514,150,2.0,50,0.7,0.0
EURUSD,-2.459704067501474,150,2.0,50,0.7,0.5
EURUSD,-3.243424296650373,150,2.0,50,0.9,-0.5
EURUSD,-2.6520346743812744,150,2.0,50,0.9,0.0
EURUSD,-2.0717046508467654,150,2.0,50,0.9,0.5
EURUSD,-3.1609175954748525,150,2.0,50,1.0,-0.5
EURUSD,-2.4131343626306436,150,2.0,50,1.0,0.0
EURUSD,-1.9312037541980547,150,2.0,50,1.0,0.5
EURUSD,-3.6016377306491214,150,2.5,10,0.7,-0.5
EURUSD,-2.9858926264111845,150,2.5,10,0.7,0.0
EURUSD,-2.2756826814708466,150,2.5,10,0.7,0.5
EURUSD,-3.0614363969396203,150,2.5,10,0.9,-0.5
EURUSD,-1.9767477348467,150,2.5,10,0.9,0.0
EURUSD,-1.5065842010844654,150,2.5,10,0.9,0.5
EURUSD,-2.320069263936289,150,2.5,10,1.0,-0.5
EURUSD,-1.353284711309507,150,2.5,10,1.0,0.0
EURUSD,-0.8892151179939767,150,2.5,10,1.0,0.5
EURUSD,-3.3749177672880784,150,2.5,20,0.7,-0.5
EURUSD,-2.7845273606219507,150,2.5,20,0.7,0.0
EURUSD,-2.0847255976915635,150,2.5,20,0.7,0.5
EURUSD,-2.6785925445825813,150,2.5,20,0.9,-0.5
EURUSD,-1.7887655555090238,150,2.5,20,0.9,0.0
EURUSD,-1.313350997448778,150,2.5,20,0.9,0.5
EURUSD,-1.9944749031651003,150,2.5,20,1.0,-0.5
EURUSD,-1.174892930321797,150,2.5,20,1.0,0.0
EURUSD,-0.7228617266700051,150,2.5,20,1.0,0.5
EURUSD,-3.3749177672880784,150,2.5,50,0.7,-0.5
EURUSD,-2.7845273606219507,150,2.5,50,0.7,0.0
EURUSD,-2.0847255976915635,150,2.5,50,0.7,0.5
EURUSD,-2.6785925445825813,150,2.5,50,0.9,-0.5
EURUSD,-1.7887655555090238,150,2.5,50,0.9,0.0
EURUSD,-1.313350997448778,150,2.5,50,0.9,0.5
EURUSD,-1.9944749031651003,150,2.5,50,1.0,-0.5
EURUSD,-1.174892930321797,150,2.5,50,1.0,0.0
EURUSD,-0.7228617266700051,150,2.5,50,1.0,0.5
EURUSD,-3.1969609159680865,150,3.0,10,0.7,-0.5
EURUSD,-2.325841189844663,150,3.0,10,0.7,0.0
EURUSD,-1.8992914326270462,150,3.0,10,0.7,0.5
EURUSD,-2.401137981161289,150,3.0,10,0.9,-0.5
EURUSD,-1.8278456338886995,150,3.0,10,0.9,0.0
EURUSD,-1.4168562912943203,150,3.0,10,0.9,0.5
EURUSD,-2.4304695510386876,150,3.0,10,1.0,-0.5
EURUSD,-2.3932711500557335,150,3.0,10,1.0,0.0
EURUSD,-2.088296728781739,150,3.0,10,1.0,0.5
EURUSD,-3.1969609159680865,150,3.0,20,0.7,-0.5
EURUSD,-2.325841189844663,150,3.0,20,0.7,0.0
EURUSD,-1.8992914326270462,150,3.0,20,0.7,0.5
EURUSD,-2.401137981161289,150,3.0,20,0.9,-0.5
EURUSD,-1.8278456338886995,150,3.0,20,0.9,0.0
EURUSD,-1.4168562912943203,150,3.0,20,0.9,0.5
EURUSD,-2.4304695510386876,150,3.0,20,1.0,-0.5
EURUSD,-2.3932711500557335,150,3.0,20,1.0,0.0
EURUSD,-2.088296728781739,150,3.0,20,1.0,0.5
EURUSD,-3.1969609159680865,150,3.0,50,0.7,-0.5
EURUSD,-2.325841189844663,150,3.0,50,0.7,0.0
EURUSD,-1.8992914326270462,150,3.0,50,0.7,0.5
EURUSD,-2.401137981161289,150,3.0,50,0.9,-0.5
EURUSD,-1.8278456338886995,150,3.0,50,0.9,0.0
EURUSD,-1.4168562912943203,150,3.0,50,0.9,0.5
EURUSD,-2.4304695510386876,150,3.0,50,1.0,-0.5
EURUSD,-2.3932711500557335,150,3.0,50,1.0,0.0
EURUSD,-2.088296728781739,150,3.0,50,1.0,0.5
EURUSD,-3.330776715476019,200,1.5,10,0.7,-0.5
EURUSD,-2.75761835985793,200,1.5,10,0.7,0.0
EURUSD,-1.548933675833965,200,1.5,10,0.7,0.5
EURUSD,-3.173682292333907,200,1.5,10,0.9,-0.5
EURUSD,-2.5803449384038144,200,1.5,10,0.9,0.0
EURUSD,-1.8129654623027989,200,1.5,10,0.9,0.5
EURUSD,-3.4724002449056837,200,1.5,10,1.0,-0.5
EURUSD,-2.9763640090781314,200,1.5,10,1.0,0.0
EURUSD,-2.477206998975369,200,1.5,10,1.0,0.5
EURUSD,-2.5021966598235648,200,1.5,20,0.7,-0.5
EURUSD,-1.9498791488627938,200,1.5,20,0.7,0.0
EURUSD,-0.8795195543022075,200,1.5,20,0.7,0.5
EURUSD,-2.022150046481181,200,1.5,20,0.9,-0.5
EURUSD,-1.428944366512106,200,1.5,20,0.9,0.0
EURUSD,-0.6145559826251817,200,1.5,20,0.9,0.5
EURUSD,-2.1936644341969234,200,1.5,20,1.0,-0.5
EURUSD,-1.627612271654353,200,1.5,20,1.0,0.0
EURUSD,-0.9557320518284855,200,1.5,20,1.0,0.5
EURUSD,-1.886994764995767,200,1.5,50,0.7,-0.5
EURUSD,-1.5159433370815552,200,1.5,50,0.7,0.0
EURUSD,-0.40212344074169576,200,1.5,50,0.7,0.5
EURUSD,-1.3511990768862583,200,1.5,50,0.9,-0.5
EURUSD,-1.0016838741022633,200,1.5,50,0.9,0.0
EURUSD,-0.10123972130518495,200,1.5,50,0.9,0.5
EURUSD,-1.524424212104332,200,1.5,50,1.0,-0.5
EURUSD,-1.0118998324089459,200,1.5,50,1.0,0.0
EURUSD,-0.19436876480060283,200,1.5,50,1.0,0.5
EURUSD,-2.6258844285213363,200,2.0,10,0.7,-0.5
EURUSD,-2.0790896914194885,200,2.0,10,0.7,0.0
EURUSD,-1.177613830043223,200,2.0,10,0.7,0.5
EURUSD,-2.7353030275777312,200,2.0,10,0.9,-0.5
EURUSD,-2.201301089368423,200,2.0,10,0.9,0.0
EURUSD,-1.43992921963186,200,2.0,10,0.9,0.5
EURUSD,-2.9250007346605478,200,2.0,10,1.0,-0.5
EURUSD,-2.352657627725196,200,2.0,10,1.0,0.0
EURUSD,-1.6796643356039929,200,2.0,10,1.0,0.5
EURUSD,-2.2934438909122825,200,2.0,20,0.7,-0.5
EURUSD,-1.7649308302947049,200,2.0,20,0.7,0.0
EURUSD,-0.8378987768694294,200,2.0,20,0.7,0.5
EURUSD,-2.4772101858039086,200,2.0,20,0.9,-0.5
EURUSD,-1.9225719393871805,200,2.0,20,0.9,0.0
EURUSD,-1.0925255080390364,200,2.0,20,0.9,0.5
EURUSD,-2.4262399052875803,200,2.0,20,1.0,-0.5
EURUSD,-1.8024663108236305,200,2.0,20,1.0,0.0
EURUSD,-1.0321059187635355,200,2.0,20,1.0,0.5
EURUSD,-1.8767156495416657,200,2.0,50,0.7,-0.5
EURUSD,-1.3743755771513313,200,2.0,50,0.7,0.0
EURUSD,-0.4567775864077838,200,2.0,50,0.7,0.5
EURUSD,-2.060832930140163,200,2.0,50,0.9,-0.5
EURUSD,-1.5350822704429463,200,2.0,50,0.9,0.0
EURUSD,-0.7182312648021368,200,2.0,50,0.9,0.5
EURUSD,-2.103911898913519,200,2.0,50,1.0,-0.5
EURUSD,-1.509306476936397,200,2.0,50,1.0,0.0
EURUSD,-0.748204183923106,200,2.0,50,1.0,0.5
EURUSD,-2.1770720665502643,200,2.5,10,0.7,-0.5
EURUSD,-1.6016199186629618,200,2.5,10,0.7,0.0
EURUSD,-0.7381086732496317,200,2.5,10,0.7,0.5
EURUSD,-2.067122281118675,200,2.5,10,0.9,-0.5
EURUSD,-1.3817422210320307,200,2.5,10,0.9,0.0
EURUSD,-0.6116997151187491,200,2.5,10,0.9,0.5
EURUSD,-1.8451217211129203,200,2.5,10,1.0,-0.5
EURUSD,-1.3000407734861006,200,2.5,10,1.0,0.0
EURUSD,-0.5243908979017566,200,2.5,10,1.0,0.5
EURUSD,-2.025025290103008,200,2.5,20,0.7,-0.5
EURUSD,-1.459290796423487,200,2.5,20,0.7,0.0
EURUSD,-0.6018050108572229,200,2.5,20,0.7,0.5
EURUSD,-2.003291264319579,200,2.5,20,0.9,-0.5
EURUSD,-1.3306760459478328,200,2.5,20,0.9,0.0
EURUSD,-0.5695978714323517,200,2.5,20,0.9,0.5
EURUSD,-2.054240685594558,200,2.5,20,1.0,-0.5
EURUSD,-1.5035138366425167,200,2.5,20,1.0,0.0
EURUSD,-0.7312284552887314,200,2.5,20,1.0,0.5
EURUSD,-2.025025290103008,200,2.5,50,0.7,-0.5
EURUSD,-1.459290796423487,200,2.5,50,0.7,0.0
EURUSD,-0.6018050108572229,200,2.5,50,0.7,0.5
EURUSD,-2.003291264319579,200,2.5,50,0.9,-0.5
EURUSD,-1.3306760459478328,200,2.5,50,0.9,0.0
EURUSD,-0.5695978714323517,200,2.5,50,0.9,0.5
EURUSD,-2.054240685594558,200,2.5,50,1.0,-0.5
EURUSD,-1.5035138366425167,200,2.5,50,1.0,0.0
EURUSD,-0.7312284552887314,200,2.5,50,1.0,0.5
EURUSD,-2.4125385705496027,200,3.0,10,0.7,-0.5
EURUSD,-1.7101412806296497,200,3.0,10,0.7,0.0
EURUSD,-0.9091878415859707,200,3.0,10,0.7,0.5
EURUSD,-1.7299413360571407,200,3.0,10,0.9,-0.5
EURUSD,-1.1052649275535396,200,3.0,10,0.9,0.0
EURUSD,-0.3487881350955041,200,3.0,10,0.9,0.5
EURUSD,-1.65497380207098,200,3.0,10,1.0,-0.5
EURUSD,-1.2169952085757225,200,3.0,10,1.0,0.0
EURUSD,-0.638699323212381,200,3.0,10,1.0,0.5
EURUSD,-2.322911335570137,200,3.0,20,0.7,-0.5
EURUSD,-1.6277655291359336,200,3.0,20,0.7,0.0
EURUSD,-0.8310028420495956,200,3.0,20,0.7,0.5
EURUSD,-1.6172552237568771,200,3.0,20,0.9,-0.5
EURUSD,-1.0002734851897783,200,3.0,20,0.9,0.0
EURUSD,-0.24915829635867787,200,3.0,20,0.9,0.5
EURUSD,-1.3395134111995035,200,3.0,20,1.0,-0.5
EURUSD,-0.9583421368302432,200,3.0,20,1.0,0.0
EURUSD,-0.3627527453275957,200,3.0,20,1.0,0.5
EURUSD,-2.322911335570137,200,3.0,50,0.7,-0.5
EURUSD,-1.6277655291359336,200,3.0,50,0.7,0.0
EURUSD,-0.8310028420495956,200,3.0,50,0.7,0.5
EURUSD,-1.6172552237568771,200,3.0,50,0.9,-0.5
EURUSD,-1.0002734851897783,200,3.0,50,0.9,0.0
EURUSD,-0.24915829635867787,200,3.0,50,0.9,0.5
EURUSD,-1.3395134111995035,200,3.0,50,1.0,-0.5
EURUSD,-0.9583421368302432,200,3.0,50,1.0,0.0
EURUSD,-0.3627527453275957,200,3.0,50,1.0,0.5
EURUSD,-2.20454441168656,250,1.5,10,0.7,-0.5
EURUSD,-1.0816166318087805,250,1.5,10,0.7,0.0
EURUSD,-0.721570698971908,250,1.5,10,0.7,0.5
EURUSD,-1.8547891103432836,250,1.5,10,0.9,-0.5
EURUSD,-0.595652367580263,250,1.5,10,0.9,0.0
EURUSD,-0.34676460761481465,250,1.5,10,0.9,0.5
EURUSD,-1.7981145515971242,250,1.5,10,1.0,-0.5
EURUSD,-0.7286156180259624,250,1.5,10,1.0,0.0
EURUSD,-0.7841878962370675,250,1.5,10,1.0,0.5
EURUSD,-1.7677850698193398,250,1.5,20,0.7,-0.5
EURUSD,-0.6846340524967197,250,1.5,20,0.7,0.0
EURUSD,-0.3620296973887399,250,1.5,20,0.7,0.5
EURUSD,-1.4845737903531577,250,1.5,20,0.9,-0.5
EURUSD,-0.19988491150472257,250,1.5,20,0.9,0.0
EURUSD,-0.21739121087696034,250,1.5,20,0.9,0.5
EURUSD,-1.6063022389225179,250,1.5,20,1.0,-0.5
EURUSD,-0.46439164406782135,250,1.5,20,1.0,0.0
EURUSD,-0.6601940471436633,250,1.5,20,1.0,0.5
EURUSD,-1.0507426369182726,250,1.5,50,0.7,-0.5
EURUSD,0.10889013778174114,250,1.5,50,0.7,0.0
EURUSD,0.45069559656810254,250,1.5,50,0.7,0.5
EURUSD,-0.7217338790787137,250,1.5,50,0.9,-0.5
EURUSD,0.5221065936902397,250,1.5,50,0.9,0.0
EURUSD,0.8707024688685153,250,1.5,50,0.9,0.5
EURUSD,-0.973540556702564,250,1.5,50,1.0,-0.5
EURUSD,0.2212897342786269,250,1.5,50,1.0,0.0
EURUSD,0.4873303634670961,250,1.5,50,1.0,0.5
EURUSD,-1.5698705599149951,250,2.0,10,0.7,-0.5
EURUSD,-0.3305739976478944,250,2.0,10,0.7,0.0
EURUSD,-0.024301428105784888,250,2.0,10,0.7,0.5
EURUSD,-2.5866699239196316,250,2.0,10,0.9,-0.5
EURUSD,-1.7640138928103901,250,2.0,10,0.9,0.0
EURUSD,-1.118783236934261,250,2.0,10,0.9,0.5
EURUSD,-2.256090639033478,250,2.0,10,1.0,-0.5
EURUSD,-1.5580035347131753,250,2.0,10,1.0,0.0
EURUSD,-1.081707528850077,250,2.0,10,1.0,0.5
EURUSD,-0.8407840155444027,250,2.0,20,0.7,-0.5
EURUSD,0.3820539896607364,250,2.0,20,0.7,0.0
EURUSD,0.6644038476443198,250,2.0,20,0.7,0.5
EURUSD,-1.6756534221753685,250,2.0,20,0.9,-0.5
EURUSD,-0.8902747384833547,250,2.0,20,0.9,0.0
EURUSD,-0.14553523471301752,250,2.0,20,0.9,0.5
EURUSD,-1.399165336936596,250,2.0,20,1.0,-0.5
EURUSD,-0.6216724604655319,250,2.0,20,1.0,0.0
EURUSD,0.0401053544540976,250,2.0,20,1.0,0.5
EURUSD,-0.9214733553173617,250,2.0,50,0.7,-0.5
EURUSD,0.3093770611152504,250,2.0,50,0.7,0.0
EURUSD,0.5993412664705567,250,2.0,50,0.7,0.5
EURUSD,-1.7118417433671491,250,2.0,50,0.9,-0.5
EURUSD,-0.9426684449380113,250,2.0,50,0.9,0.0
EURUSD,-0.28117026064248607,250,2.0,50,0.9,0.5
EURUSD,-1.3706162783214833,250,2.0,50,1.0,-0.5
EURUSD,-0.6214280162309693,250,2.0,50,1.0,0.0
EURUSD,-0.040240799193770695,250,2.0,50,1.0,0.5
EURUSD,-1.837849233529978,250,2.5,10,0.7,-0.5
EURUSD,-0.992344148788096,250,2.5,10,0.7,0.0
EURUSD,-0.41342976519037006,250,2.5,10,0.7,0.5
EURUSD,-1.0302114216247344,250,2.5,10,0.9,-0.5
EURUSD,-0.45741176528714084,250,2.5,10,0.9,0.0
EURUSD,0.07083446181468611,250,2.5,10,0.9,0.5
EURUSD,-1.5993433642390296,250,2.5,10,1.0,-0.5
EURUSD,-1.2735828538162595,250,2.5,10,1.0,0.0
EURUSD,-1.0419809588444147,250,2.5,10,1.0,0.5
EURUSD,-1.6298313183087318,250,2.5,20,0.7,-0.5
EURUSD,-0.7987825569569991,250,2.5,20,0.7,0.0
EURUSD,-0.23709057338679196,250,2.5,20,0.7,0.5
EURUSD,-0.8106247393817952,250,2.5,20,0.9,-0.5
EURUSD,-0.25685345518364916,250,2.5,20,0.9,0.0
EURUSD,0.25556313365778516,250,2.5,20,0.9,0.5
EURUSD,-1.670277821852632,250,2.5,20,1.0,-0.5
EURUSD,-1.347703560545974,250,2.5,20,1.0,0.0
EURUSD,-1.114540843868996,250,2.5,20,1.0,0.5
EURUSD,-1.6298313183087318,250,2.5,50,0.7,-0.5
EURUSD,-0.7987825569569991,250,2.5,50,0.7,0.0
EURUSD,-0.23709057338679196,250,2.5,50,0.7,0.5
EURUSD,-0.8106247393817952,250,2.5,50,0.9,-0.5
EURUSD,-0.25685345518364916,250,2.5,50,0.9,0.0
EURUSD,0.25556313365778516,250,2.5,50,0.9,0.5
EURUSD,-1.670277821852632,250,2.5,50,1.0,-0.5
EURUSD,-1.347703560545974,250,2.5,50,1.0,0.0
EURUSD,-1.114540843868996,250,2.5,50,1.0,0.5
EURUSD,-1.362277941447927,250,3.0,10,0.7,-0.5
EURUSD,-0.7213371913534694,250,3.0,10,0.7,0.0
EURUSD,-0.15258283360016203,250,3.0,10,0.7,0.5
EURUSD,-1.779307193259682,250,3.0,10,0.9,-0.5
EURUSD,-1.548944829733853,250,3.0,10,0.9,0.0
EURUSD,-1.079155168901637,250,3.0,10,0.9,0.5
EURUSD,-1.0978897371781204,250,3.0,10,1.0,-0.5
EURUSD,-1.0580178043343047,250,3.0,10,1.0,0.0
EURUSD,-0.7747456854141872,250,3.0,10,1.0,0.5
EURUSD,-1.317175336552,250,3.0,20,0.7,-0.5
EURUSD,-0.679846856607046,250,3.0,20,0.7,0.0
EURUSD,-0.11419125504085731,250,3.0,20,0.7,0.5
EURUSD,-1.7189459084608694,250,3.0,20,0.9,-0.5
EURUSD,-1.495059325383112,250,3.0,20,0.9,0.0
EURUSD,-1.0294863457040808,250,3.0,20,0.9,0.5
EURUSD,-1.0291880875239536,250,3.0,20,1.0,-0.5
EURUSD,-0.9981471462747298,250,3.0,20,1.0,0.0
EURUSD,-0.7189172296452605,250,3.0,20,1.0,0.5
EURUSD,-1.317175336552,250,3.0,50,0.7,-0.5
EURUSD,-0.679846856607046,250,3.0,50,0.7,0.0
EURUSD,-0.11419125504085731,250,3.0,50,0.7,0.5
EURUSD,-1.7189459084608694,250,3.0,50,0.9,-0.5
EURUSD,-1.495059325383112,250,3.0,50,0.9,0.0
EURUSD,-1.0294863457040808,250,3.0,50,0.9,0.5
EURUSD,-1.0291880875239536,250,3.0,50,1.0,-0.5
EURUSD,-0.9981471462747298,250,3.0,50,1.0,0.0
EURUSD,-0.7189172296452605,250,3.0,50,1.0,0.5
