sharpe,cagr,exposure,trades,win_rate,avg_bars,max_bars,avg_win,avg_loss,long_pnl,short_pnl,bars,inst,group,lrc_dev,gate,bps,inside_pct
-1.971414977434001,-0.11948238070737983,0.1861087939588181,355,0.504225352112676,11.940845070422535,61,0.004134691544534183,-0.013534867648900002,-0.6402595583346793,-1.0017673614001024,22777,NIFTY,NSE 1h,0.5,True,0.0,0.22794924704746017
-2.149771124858415,-0.12902681804247124,0.1861087939588181,355,0.49577464788732395,11.940845070422535,61,0.003801323489057498,-0.013704244993345818,-0.7122595583346794,-1.0717673614001026,22777,NIFTY,NSE 1h,0.5,True,2.0,0.22794924704746017
-2.4170030838307257,-0.14315334116752126,0.1861087939588181,355,0.4591549295774648,11.940845070422535,61,0.0034739710169969257,-0.013350438518256671,-0.8202595583346792,-1.1767673614001026,22777,NIFTY,NSE 1h,0.5,True,5.0,0.22794924704746017
-2.4811229984138206,-0.26206905880344644,0.5828686833208939,1252,0.5670926517571885,10.601437699680512,61,0.00431178139599992,-0.01276717774165203,-1.4336175190335947,-2.424828025781862,22777,NIFTY,NSE 1h,0.5,False,0.0,0.22794924704746017
-2.8129185339393405,-0.28990405396660557,0.5828686833208939,1252,0.5535143769968051,10.601437699680512,61,0.004013001796867292,-0.012773266171814832,-1.6820175190335949,-2.6772280257818624,22777,NIFTY,NSE 1h,0.5,False,2.0,0.22794924704746017
-3.3120804456348916,-0.3297099919335967,0.5828686833208939,1252,0.5199680511182109,10.601437699680512,61,0.0036502636015792824,-0.012457183276944377,-2.0546175190335947,-3.055828025781862,22777,NIFTY,NSE 1h,0.5,False,5.0,0.22794924704746017
-2.123749564435074,-0.16436861944910805,0.3261184528252184,664,0.536144578313253,11.18222891566265,61,0.004456424386734234,-0.012656973973317786,-0.8712605722118454,-1.4406003298926453,22777,NIFTY,NSE 1h,1.0,True,0.0,0.4797383325284278
-2.3792697632041633,-0.18124093276341152,0.3261184528252184,664,0.5286144578313253,11.18222891566265,61,0.004116888119219912,-0.012851401380034119,-1.0076605722118455,-1.5698003298926453,22777,NIFTY,NSE 1h,1.0,True,2.0,0.4797383325284278
-2.7634376609813263,-0.20591886911795373,0.3261184528252184,664,0.49849397590361444,11.18222891566265,61,0.003741879276886129,-0.012655924753014412,-1.2122605722118454,-1.7636003298926453,22777,NIFTY,NSE 1h,1.0,True,5.0,0.4797383325284278
-2.4811229984138206,-0.26206905880344644,0.5828686833208939,1252,0.5670926517571885,10.601437699680512,61,0.00431178139599992,-0.01276717774165203,-1.4336175190335947,-2.424828025781862,22777,NIFTY,NSE 1h,1.0,False,0.0,0.4797383325284278
-2.8129185339393405,-0.28990405396660557,0.5828686833208939,1252,0.5535143769968051,10.601437699680512,61,0.004013001796867292,-0.012773266171814832,-1.6820175190335949,-2.6772280257818624,22777,NIFTY,NSE 1h,1.0,False,2.0,0.4797383325284278
-3.3120804456348916,-0.3297099919335967,0.5828686833208939,1252,0.5199680511182109,10.601437699680512,61,0.0036502636015792824,-0.012457183276944377,-2.0546175190335947,-3.055828025781862,22777,NIFTY,NSE 1h,1.0,False,5.0,0.4797383325284278
-2.2672917602530216,-0.20389155744641965,0.4532203538657418,951,0.5573080967402734,10.85173501577287,61,0.004235043147806311,-0.012279216293912577,-1.0018396247569457,-1.9231375666429051,22777,NIFTY,NSE 1h,1.5,True,0.0,0.7178732932344031
-2.5740702820357875,-0.22680984675253565,0.4532203538657418,951,0.5425867507886435,10.85173501577287,61,0.003945428551765106,-0.012278662814047459,-1.1938396247569454,-2.1115375666429053,22777,NIFTY,NSE 1h,1.5,True,2.0,0.7178732932344031
-3.035470530082196,-0.25996426985839693,0.4532203538657418,951,0.5099894847528917,10.85173501577287,61,0.0035736050632245997,-0.012036857611724851,-1.4818396247569456,-2.3941375666429052,22777,NIFTY,NSE 1h,1.5,True,5.0,0.7178732932344031
-2.4811229984138206,-0.26206905880344644,0.5828686833208939,1252,0.5670926517571885,10.601437699680512,61,0.00431178139599992,-0.01276717774165203,-1.4336175190335947,-2.424828025781862,22777,NIFTY,NSE 1h,1.5,False,0.0,0.7178732932344031
-2.8129185339393405,-0.28990405396660557,0.5828686833208939,1252,0.5535143769968051,10.601437699680512,61,0.004013001796867292,-0.012773266171814832,-1.6820175190335949,-2.6772280257818624,22777,NIFTY,NSE 1h,1.5,False,2.0,0.7178732932344031
-3.3120804456348916,-0.3297099919335967,0.5828686833208939,1252,0.5199680511182109,10.601437699680512,61,0.0036502636015792824,-0.012457183276944377,-2.0546175190335947,-3.055828025781862,22777,NIFTY,NSE 1h,1.5,False,5.0,0.7178732932344031
-2.2996756755207652,-0.22762044094317016,0.5465162225051587,1173,0.5694799658994032,10.609548167092925,61,0.004307917817500588,-0.012237290638808917,-1.1284951760437498,-2.1736474944643613,22777,NIFTY,NSE 1h,2.0,True,0.0,0.9034113359968389
-2.6386689072505862,-0.2549500182383063,0.5465162225051587,1173,0.5575447570332481,10.609548167092925,61,0.00399619633937149,-0.012302225580842128,-1.36169517604375,-2.409647494464361,22777,NIFTY,NSE 1h,2.0,True,2.0,0.9034113359968389
-3.148960609865606,-0.2941514915053727,0.5465162225051587,1173,0.526001705029838,10.609548167092925,61,0.0036150552976230784,-0.012060488829391279,-1.71149517604375,-2.763647494464361,22777,NIFTY,NSE 1h,2.0,True,5.0,0.9034113359968389
-2.4811229984138206,-0.26206905880344644,0.5828686833208939,1252,0.5670926517571885,10.601437699680512,61,0.00431178139599992,-0.01276717774165203,-1.4336175190335947,-2.424828025781862,22777,NIFTY,NSE 1h,2.0,False,0.0,0.9034113359968389
-2.8129185339393405,-0.28990405396660557,0.5828686833208939,1252,0.5535143769968051,10.601437699680512,61,0.004013001796867292,-0.012773266171814832,-1.6820175190335949,-2.6772280257818624,22777,NIFTY,NSE 1h,2.0,False,2.0,0.9034113359968389
-3.3120804456348916,-0.3297099919335967,0.5828686833208939,1252,0.5199680511182109,10.601437699680512,61,0.0036502636015792824,-0.012457183276944377,-2.0546175190335947,-3.055828025781862,22777,NIFTY,NSE 1h,2.0,False,5.0,0.9034113359968389
-2.4169408728076953,-0.2536063369819956,0.573253720858761,1231,0.5662063363119415,10.604386677497969,61,0.00431374177242515,-0.0125809447984666,-1.3691538868901545,-2.3423926201106804,22777,NIFTY,NSE 1h,3.0,True,0.0,0.9810774026430171
-2.7470978165982056,-0.2812972720518864,0.573253720858761,1231,0.5523964256701869,10.604386677497969,61,0.004016946278602088,-0.012587059848367067,-1.6143538868901548,-2.5895926201106807,22777,NIFTY,NSE 1h,3.0,True,2.0,0.9810774026430171
-3.243836493176,-0.3209290283098022,0.573253720858761,1231,0.5182778229082047,10.604386677497969,61,0.0036593022395744507,-0.01227180663718269,-1.9821538868901545,-2.9603926201106803,22777,NIFTY,NSE 1h,3.0,True,5.0,0.9810774026430171
-2.4811229984138206,-0.26206905880344644,0.5828686833208939,1252,0.5670926517571885,10.601437699680512,61,0.00431178139599992,-0.01276717774165203,-1.4336175190335947,-2.424828025781862,22777,NIFTY,NSE 1h,3.0,False,0.0,0.9810774026430171
-2.8129185339393405,-0.28990405396660557,0.5828686833208939,1252,0.5535143769968051,10.601437699680512,61,0.004013001796867292,-0.012773266171814832,-1.6820175190335949,-2.6772280257818624,22777,NIFTY,NSE 1h,3.0,False,2.0,0.9810774026430171
-3.3120804456348916,-0.3297099919335967,0.5828686833208939,1252,0.5199680511182109,10.601437699680512,61,0.0036502636015792824,-0.012457183276944377,-2.0546175190335947,-3.055828025781862,22777,NIFTY,NSE 1h,3.0,False,5.0,0.9810774026430171
-1.6399374694849975,-0.14648065082077166,0.1801817857779362,362,0.580110497237569,11.171270718232044,82,0.006385950613780996,-0.02203397446478971,-0.5571716304585155,-1.4509428592955114,22444,BANKNIFTY,NSE 1h,0.5,True,0.0,0.23231153092140439
-1.764280626772713,-0.15604702098514392,0.1801817857779362,362,0.5718232044198895,11.171270718232044,82,0.0060742923096547986,-0.02200189030872626,-0.6335716304585154,-1.5193428592955116,22444,BANKNIFTY,NSE 1h,0.5,True,2.0,0.23231153092140439
-1.9509812673171167,-0.1701994149854137,0.1801817857779362,362,0.5386740331491713,11.171270718232044,82,0.0058300664710613315,-0.020999864979706507,-0.7481716304585155,-1.6219428592955114,22444,BANKNIFTY,NSE 1h,0.5,True,5.0,0.23231153092140439
-2.232785564085108,-0.3356580817026403,0.5650507930850116,1254,0.5988835725677831,10.113237639553429,84,0.0059867313833182265,-0.01901021212990319,-1.5716625645499975,-3.49443886791932,22444,BANKNIFTY,NSE 1h,0.5,False,0.0,0.23231153092140439
-2.4599855483899975,-0.36110490044195076,0.5650507930850116,1254,0.5869218500797448,10.113237639553429,84,0.005704364577708473,-0.018853501470391415,-1.8288625645499974,-3.73883886791932,22444,BANKNIFTY,NSE 1h,0.5,False,2.0,0.23231153092140439
-2.8014147724262375,-0.3974680868270619,0.5650507930850116,1254,0.5582137161084529,10.113237639553429,84,0.005386067133107203,-0.018213625317047583,-2.2146625645499975,-4.10543886791932,22444,BANKNIFTY,NSE 1h,0.5,False,5.0,0.23231153092140439
-1.8835951124567971,-0.21713340538095893,0.32886294778114417,689,0.5732946298984035,10.712626995645863,84,0.005998912419247518,-0.018497799613596783,-0.9775579066393407,-2.091224774155344,22444,BANKNIFTY,NSE 1h,1.0,True,0.0,0.49193548387096775
-2.0590849426931563,-0.2337531101212178,0.32886294778114417,689,0.5631349782293179,10.712626995645863,84,0.005702311309139674,-0.018461393583856737,-1.1171579066393407,-2.227224774155344,22444,BANKNIFTY,NSE 1h,1.0,True,2.0,0.49193548387096775
-2.3226882135728926,-0.2580294316739665,0.32886294778114417,689,0.5312046444121916,10.712626995645863,84,0.005432212755298242,-0.017789388697318394,-1.3265579066393407,-2.431224774155344,22444,BANKNIFTY,NSE 1h,1.0,True,5.0,0.49193548387096775
-2.232785564085108,-0.3356580817026403,0.5650507930850116,1254,0.5988835725677831,10.113237639553429,84,0.0059867313833182265,-0.01901021212990319,-1.5716625645499975,-3.49443886791932,22444,BANKNIFTY,NSE 1h,1.0,False,0.0,0.49193548387096775
-2.4599855483899975,-0.36110490044195076,0.5650507930850116,1254,0.5869218500797448,10.113237639553429,84,0.005704364577708473,-0.018853501470391415,-1.8288625645499974,-3.73883886791932,22444,BANKNIFTY,NSE 1h,1.0,False,2.0,0.49193548387096775
-2.8014147724262375,-0.3974680868270619,0.5650507930850116,1254,0.5582137161084529,10.113237639553429,84,0.005386067133107203,-0.018213625317047583,-2.2146625645499975,-4.10543886791932,22444,BANKNIFTY,NSE 1h,1.0,False,5.0,0.49193548387096775
-2.005333526701266,-0.2617189505624106,0.45049901978256995,980,0.6030612244897959,10.31734693877551,84,0.005949222037075347,-0.018806972177542233,-1.1121307525239015,-2.6877912006284967,22444,BANKNIFTY,NSE 1h,1.5,True,0.0,0.7326234182855106
-2.219993346365144,-0.2839117740430998,0.45049901978256995,980,0.5928571428571429,10.31734693877551,84,0.005648118133628916,-0.018730522778924303,-1.3089307525239016,-2.8829912006284966,22444,BANKNIFTY,NSE 1h,1.5,True,2.0,0.7326234182855106
-2.542661435369241,-0.3159642717269108,0.45049901978256995,980,0.563265306122449,10.31734693877551,84,0.005333135411828402,-0.0180462913562656,-1.6041307525239017,-3.1757912006284967,22444,BANKNIFTY,NSE 1h,1.5,True,5.0,0.7326234182855106
-2.232785564085108,-0.3356580817026403,0.5650507930850116,1254,0.5988835725677831,10.113237639553429,84,0.0059867313833182265,-0.01901021212990319,-1.5716625645499975,-3.49443886791932,22444,BANKNIFTY,NSE 1h,1.5,False,0.0,0.7326234182855106
-2.4599855483899975,-0.36110490044195076,0.5650507930850116,1254,0.5869218500797448,10.113237639553429,84,0.005704364577708473,-0.018853501470391415,-1.8288625645499974,-3.73883886791932,22444,BANKNIFTY,NSE 1h,1.5,False,2.0,0.7326234182855106
-2.8014147724262375,-0.3974680868270619,0.5650507930850116,1254,0.5582137161084529,10.113237639553429,84,0.005386067133107203,-0.018213625317047583,-2.2146625645499975,-4.10543886791932,22444,BANKNIFTY,NSE 1h,1.5,False,5.0,0.7326234182855106
-2.162903079224235,-0.30783145345422375,0.5281144181072892,1164,0.5979381443298969,10.18298969072165,84,0.005997779214420776,-0.01867616707539846,-1.4597910553328592,-3.1062008027167582,22444,BANKNIFTY,NSE 1h,2.0,True,0.0,0.8985029406522902
-2.3900073206061,-0.3324737030325179,0.5281144181072892,1164,0.5867697594501718,10.18298969072165,84,0.005707858920869054,-0.018565612268197883,-1.6985910553328591,-3.333000802716758,22444,BANKNIFTY,NSE 1h,2.0,True,2.0,0.8985029406522902
-2.731418945544086,-0.3678105255977916,0.5281144181072892,1164,0.5567010309278351,10.18298969072165,84,0.00540358380891696,-0.017890531329898852,-2.056791055332859,-3.6732008027167584,22444,BANKNIFTY,NSE 1h,2.0,True,5.0,0.8985029406522902
-2.232785564085108,-0.3356580817026403,0.5650507930850116,1254,0.5988835725677831,10.113237639553429,84,0.0059867313833182265,-0.01901021212990319,-1.5716625645499975,-3.49443886791932,22444,BANKNIFTY,NSE 1h,2.0,False,0.0,0.8985029406522902
-2.4599855483899975,-0.36110490044195076,0.5650507930850116,1254,0.5869218500797448,10.113237639553429,84,0.005704364577708473,-0.018853501470391415,-1.8288625645499974,-3.73883886791932,22444,BANKNIFTY,NSE 1h,2.0,False,2.0,0.8985029406522902
-2.8014147724262375,-0.3974680868270619,0.5650507930850116,1254,0.5582137161084529,10.113237639553429,84,0.005386067133107203,-0.018213625317047583,-2.2146625645499975,-4.10543886791932,22444,BANKNIFTY,NSE 1h,2.0,False,5.0,0.8985029406522902
-2.2086088907974326,-0.3311054049501347,0.5554713954731777,1234,0.5996758508914101,10.10291734197731,84,0.0060165687597552265,-0.01909248489141626,-1.5447807446511683,-3.434645909489595,22444,BANKNIFTY,NSE 1h,3.0,True,0.0,0.9790144359294244
-2.4335336933729033,-0.3563257230196212,0.5554713954731777,1234,0.5883306320907618,10.10291734197731,84,0.005728543508672848,-0.018960530002829233,-1.7971807446511683,-3.6758459094895954,22444,BANKNIFTY,NSE 1h,3.0,True,2.0,0.9790144359294244
-2.7715383903907282,-0.3923932330013218,0.5554713954731777,1234,0.559967585089141,10.10291734197731,84,0.005406913534762827,-0.018323395776541213,-2.1757807446511683,-4.037645909489595,22444,BANKNIFTY,NSE 1h,3.0,True,5.0,0.9790144359294244
-2.232785564085108,-0.3356580817026403,0.5650507930850116,1254,0.5988835725677831,10.113237639553429,84,0.0059867313833182265,-0.01901021212990319,-1.5716625645499975,-3.49443886791932,22444,BANKNIFTY,NSE 1h,3.0,False,0.0,0.9790144359294244
-2.4599855483899975,-0.36110490044195076,0.5650507930850116,1254,0.5869218500797448,10.113237639553429,84,0.005704364577708473,-0.018853501470391415,-1.8288625645499974,-3.73883886791932,22444,BANKNIFTY,NSE 1h,3.0,False,2.0,0.9790144359294244
-2.8014147724262375,-0.3974680868270619,0.5650507930850116,1254,0.5582137161084529,10.113237639553429,84,0.005386067133107203,-0.018213625317047583,-2.2146625645499975,-4.10543886791932,22444,BANKNIFTY,NSE 1h,3.0,False,5.0,0.9790144359294244
-1.7914456436810253,-0.18967319513086028,0.19845893629017103,198,0.5707070707070707,10.666666666666666,55,0.007380705454875502,-0.02450220162914658,-0.3514389241657904,-0.8972284979107371,10642,RELIANCE,NSE 1h,0.5,True,0.0,0.2632024055628641
-1.9108651559858394,-0.20013350582514025,0.19845893629017103,198,0.5656565656565656,10.666666666666666,55,0.007044420284739425,-0.024614447604271433,-0.39143892416579046,-0.9364284979107368,10642,RELIANCE,NSE 1h,0.5,True,2.0,0.2632024055628641
-2.0904175409091397,-0.2155751510369481,0.19845893629017103,198,0.5404040404040404,10.666666666666666,55,0.006761142137734444,-0.02384735858037487,-0.45143892416579046,-0.995228497910737,10642,RELIANCE,NSE 1h,0.5,True,5.0,0.2632024055628641
-2.5900027260779925,-0.4349831716260073,0.5825972561548581,626,0.5942492012779552,9.89297124600639,73,0.007127086270323854,-0.02359963597632769,-0.941444223914449,-2.401587221512311,10642,RELIANCE,NSE 1h,0.5,False,0.0,0.2632024055628641
-2.7917128887961833,-0.45774148264706827,0.5825972561548581,626,0.5910543130990416,9.89297124600639,73,0.006764200671516672,-0.023813225366749718,-1.065444223914449,-2.5279872215123103,10642,RELIANCE,NSE 1h,0.5,False,2.0,0.2632024055628641
-3.0952704826565185,-0.4901796118923522,0.5825972561548581,626,0.5686900958466453,9.89297124600639,73,0.006418953164142745,-0.023163625080968805,-1.251444223914449,-2.7175872215123107,10642,RELIANCE,NSE 1h,0.5,False,5.0,0.2632024055628641
-2.223435407768707,-0.2811976040197622,0.33997368915617365,344,0.5784883720930233,10.511627906976743,69,0.007265388183607584,-0.023452955899720476,-0.6368487338915259,-1.318017623030034,10642,RELIANCE,NSE 1h,1.0,True,0.0,0.4968051118210863
-2.3878921489708,-0.2972646506012332,0.33997368915617365,344,0.5784883720930233,10.511627906976743,69,0.006865388183607582,-0.023852955899720477,-0.7032487338915259,-1.3892176230300342,10642,RELIANCE,NSE 1h,1.0,True,2.0,0.4968051118210863
-2.6353841686701736,-0.3207000972280732,0.33997368915617365,344,0.5552325581395349,10.511627906976743,69,0.0065427936956714535,-0.023193071586894164,-0.802848733891526,-1.496017623030034,10642,RELIANCE,NSE 1h,1.0,True,5.0,0.4968051118210863
-2.5900027260779925,-0.4349831716260073,0.5825972561548581,626,0.5942492012779552,9.89297124600639,73,0.007127086270323854,-0.02359963597632769,-0.941444223914449,-2.401587221512311,10642,RELIANCE,NSE 1h,1.0,False,0.0,0.4968051118210863
-2.7917128887961833,-0.45774148264706827,0.5825972561548581,626,0.5910543130990416,9.89297124600639,73,0.006764200671516672,-0.023813225366749718,-1.065444223914449,-2.5279872215123103,10642,RELIANCE,NSE 1h,1.0,False,2.0,0.4968051118210863
-3.0952704826565185,-0.4901796118923522,0.5825972561548581,626,0.5686900958466453,9.89297124600639,73,0.006418953164142745,-0.023163625080968805,-1.251444223914449,-2.7175872215123107,10642,RELIANCE,NSE 1h,1.0,False,5.0,0.4968051118210863
-2.410540765111889,-0.35807847936557496,0.44925765833489945,468,0.5811965811965812,10.2008547008547,69,0.0074124199038317126,-0.02348068759542875,-0.8902214697158604,-1.6958150851459488,10642,RELIANCE,NSE 1h,1.5,True,0.0,0.7017477917684646
-2.590888096901323,-0.3775151186275752,0.44925765833489945,468,0.5790598290598291,10.2008547008547,69,0.007038640373346608,-0.023759939573800713,-0.9814214697158601,-1.7918150851459491,10642,RELIANCE,NSE 1h,1.5,True,2.0,0.7017477917684646
-2.8621929000579565,-0.4055790348573108,0.44925765833489945,468,0.5534188034188035,10.2008547008547,69,0.006751332371068417,-0.022979098751045597,-1.1182214697158603,-1.9358150851459488,10642,RELIANCE,NSE 1h,1.5,True,5.0,0.7017477917684646
-2.5900027260779925,-0.4349831716260073,0.5825972561548581,626,0.5942492012779552,9.89297124600639,73,0.007127086270323854,-0.02359963597632769,-0.941444223914449,-2.401587221512311,10642,RELIANCE,NSE 1h,1.5,False,0.0,0.7017477917684646
-2.7917128887961833,-0.45774148264706827,0.5825972561548581,626,0.5910543130990416,9.89297124600639,73,0.006764200671516672,-0.023813225366749718,-1.065444223914449,-2.5279872215123103,10642,RELIANCE,NSE 1h,1.5,False,2.0,0.7017477917684646
-3.0952704826565185,-0.4901796118923522,0.5825972561548581,626,0.5686900958466453,9.89297124600639,73,0.006418953164142745,-0.023163625080968805,-1.251444223914449,-2.7175872215123107,10642,RELIANCE,NSE 1h,1.5,False,5.0,0.7017477917684646
-2.5836868663156407,-0.41439248467599377,0.5293177974065025,557,0.5763016157989228,10.100538599640933,69,0.007352397135057396,-0.02322589582115387,-0.9624432736595616,-2.1587486597793273,10642,RELIANCE,NSE 1h,2.0,True,0.0,0.8671302386769404
-2.774623987963261,-0.4354294840217037,0.5293177974065025,557,0.5727109515260324,10.100538599640933,69,0.006996857793900061,-0.023428527603752136,-1.0716432736595616,-2.272348659779327,10642,RELIANCE,NSE 1h,2.0,True,2.0,0.8671302386769404
-3.061910844771763,-0.46558384708175143,0.5293177974065025,557,0.5493716337522442,10.100538599640933,69,0.006681784526256323,-0.022800071707065037,-1.2354432736595615,-2.442748659779327,10642,RELIANCE,NSE 1h,2.0,True,5.0,0.8671302386769404
-2.5900027260779925,-0.4349831716260073,0.5825972561548581,626,0.5942492012779552,9.89297124600639,73,0.007127086270323854,-0.02359963597632769,-0.941444223914449,-2.401587221512311,10642,RELIANCE,NSE 1h,2.0,False,0.0,0.8671302386769404
-2.7917128887961833,-0.45774148264706827,0.5825972561548581,626,0.5910543130990416,9.89297124600639,73,0.006764200671516672,-0.023813225366749718,-1.065444223914449,-2.5279872215123103,10642,RELIANCE,NSE 1h,2.0,False,2.0,0.8671302386769404
-3.0952704826565185,-0.4901796118923522,0.5825972561548581,626,0.5686900958466453,9.89297124600639,73,0.006418953164142745,-0.023163625080968805,-1.251444223914449,-2.7175872215123107,10642,RELIANCE,NSE 1h,2.0,False,5.0,0.8671302386769404
-2.490778049166448,-0.41567855764695816,0.5599511370043225,600,0.5883333333333334,9.92,69,0.0072580352981138655,-0.023055255611673986,-0.9313835726079929,-2.201178103241287,10642,RELIANCE,NSE 1h,3.0,True,0.0,0.9625070475474535
-2.688398399683096,-0.43825603584231143,0.5599511370043225,600,0.585,9.92,69,0.006897904889273188,-0.02326797707624164,-1.0497835726079927,-2.322778103241287,10642,RELIANCE,NSE 1h,3.0,True,2.0,0.9625070475474535
-2.985824550807363,-0.4705049588638904,0.5599511370043225,600,0.5616666666666666,9.92,69,0.006572574759965988,-0.02261414209109436,-1.227383572607993,-2.505178103241287,10642,RELIANCE,NSE 1h,3.0,True,5.0,0.9625070475474535
-2.5900027260779925,-0.4349831716260073,0.5825972561548581,626,0.5942492012779552,9.89297124600639,73,0.007127086270323854,-0.02359963597632769,-0.941444223914449,-2.401587221512311,10642,RELIANCE,NSE 1h,3.0,False,0.0,0.9625070475474535
-2.7917128887961833,-0.45774148264706827,0.5825972561548581,626,0.5910543130990416,9.89297124600639,73,0.006764200671516672,-0.023813225366749718,-1.065444223914449,-2.5279872215123103,10642,RELIANCE,NSE 1h,3.0,False,2.0,0.9625070475474535
-3.0952704826565185,-0.4901796118923522,0.5825972561548581,626,0.5686900958466453,9.89297124600639,73,0.006418953164142745,-0.023163625080968805,-1.251444223914449,-2.7175872215123107,10642,RELIANCE,NSE 1h,3.0,False,5.0,0.9625070475474535
-0.7349100434521908,-0.07583390345609196,0.17874259937975753,219,0.6894977168949772,8.684931506849315,55,0.005903668024981201,-0.01999878380189699,-0.04439601229262565,-0.4240674144642079,10641,HDFCBANK,NSE 1h,0.5,True,0.0,0.26275725965604735
-0.8806103004779472,-0.08903030382411113,0.17874259937975753,219,0.684931506849315,8.684931506849315,55,0.0055404510663697205,-0.020103349082786836,-0.08839601229262566,-0.4676674144642078,10641,HDFCBANK,NSE 1h,0.5,True,2.0,0.26275725965604735
-1.0999923033324945,-0.10847723318215104,0.17874259937975753,219,0.6621004566210046,8.684931506849315,55,0.005122067675168332,-0.019326530265624885,-0.15439601229262562,-0.5330674144642077,10641,HDFCBANK,NSE 1h,0.5,True,5.0,0.26275725965604735
-1.1564633603603798,-0.216382402911473,0.5355699652288318,668,0.6631736526946108,8.529940119760479,55,0.005975311211957438,-0.017901115118012612,-0.12996014864233424,-1.2507278860133577,10641,HDFCBANK,NSE 1h,0.5,False,0.0,0.26275725965604735
-1.3861637727102232,-0.2500337967191453,0.5355699652288318,668,0.6541916167664671,8.529940119760479,55,0.0056543279044361855,-0.01783042999521344,-0.26236014864233437,-1.3855278860133577,10641,HDFCBANK,NSE 1h,0.5,False,2.0,0.26275725965604735
-1.7321507714439772,-0.29783233774675627,0.5355699652288318,668,0.6362275449101796,8.529940119760479,55,0.005205867530443868,-0.017535727304914962,-0.46096014864233437,-1.587727886013358,10641,HDFCBANK,NSE 1h,0.5,False,5.0,0.26275725965604735
-0.9930138432590124,-0.14534606014626425,0.33793816370641855,414,0.6714975845410628,8.68599033816425,55,0.005965731912697643,-0.01886530473615748,0.013919595448675104,-0.9211275678361477,10641,HDFCBANK,NSE 1h,1.0,True,0.0,0.5411145569025467
-1.1809690573204294,-0.16826854639733038,0.33793816370641855,414,0.6594202898550725,8.68599033816425,55,0.005671439971494713,-0.018589440316351274,-0.06528040455132486,-1.0075275678361477,10641,HDFCBANK,NSE 1h,1.0,True,2.0,0.5411145569025467
-1.4639336290150895,-0.20151282702282453,0.33793816370641855,414,0.642512077294686,8.68599033816425,55,0.005213308126668582,-0.018296945500549427,-0.1840804045513249,-1.1371275678361479,10641,HDFCBANK,NSE 1h,1.0,True,5.0,0.5411145569025467
-1.1564633603603798,-0.216382402911473,0.5355699652288318,668,0.6631736526946108,8.529940119760479,55,0.005975311211957438,-0.017901115118012612,-0.12996014864233424,-1.2507278860133577,10641,HDFCBANK,NSE 1h,1.0,False,0.0,0.5411145569025467
-1.3861637727102232,-0.2500337967191453,0.5355699652288318,668,0.6541916167664671,8.529940119760479,55,0.0056543279044361855,-0.01783042999521344,-0.26236014864233437,-1.3855278860133577,10641,HDFCBANK,NSE 1h,1.0,False,2.0,0.5411145569025467
-1.7321507714439772,-0.29783233774675627,0.5355699652288318,668,0.6362275449101796,8.529940119760479,55,0.005205867530443868,-0.017535727304914962,-0.46096014864233437,-1.587727886013358,10641,HDFCBANK,NSE 1h,1.0,False,5.0,0.5411145569025467
-1.0134331988504128,-0.1628231884390016,0.4325721266798233,540,0.6722222222222223,8.522222222222222,55,0.005996237670756772,-0.018081492991419725,-0.0991550327054419,-0.9246349522911415,10641,HDFCBANK,NSE 1h,1.5,True,0.0,0.7592331547786862
-1.2360923657567382,-0.1920121161447817,0.4325721266798233,540,0.6611111111111111,8.522222222222222,55,0.005693312890269401,-0.0178814354471189,-0.2051550327054419,-1.0346349522911416,10641,HDFCBANK,NSE 1h,1.5,True,2.0,0.7592331547786862
-1.5716981122344003,-0.23390863935138465,0.4325721266798233,540,0.6444444444444445,8.522222222222222,55,0.0052332049223625075,-0.017629923426972584,-0.3641550327054419,-1.1996349522911416,10641,HDFCBANK,NSE 1h,1.5,True,5.0,0.7592331547786862
-1.1564633603603798,-0.216382402911473,0.5355699652288318,668,0.6631736526946108,8.529940119760479,55,0.005975311211957438,-0.017901115118012612,-0.12996014864233424,-1.2507278860133577,10641,HDFCBANK,NSE 1h,1.5,False,0.0,0.7592331547786862
-1.3861637727102232,-0.2500337967191453,0.5355699652288318,668,0.6541916167664671,8.529940119760479,55,0.0056543279044361855,-0.01783042999521344,-0.26236014864233437,-1.3855278860133577,10641,HDFCBANK,NSE 1h,1.5,False,2.0,0.7592331547786862
-1.7321507714439772,-0.29783233774675627,0.5355699652288318,668,0.6362275449101796,8.529940119760479,55,0.005205867530443868,-0.017535727304914962,-0.46096014864233437,-1.587727886013358,10641,HDFCBANK,NSE 1h,1.5,False,5.0,0.7592331547786862
-0.832397045405621,-0.149135215012259,0.4913072079691758,621,0.6763285024154589,8.417069243156199,55,0.0062252897280710255,-0.01753416577864096,0.08641487651573895,-0.9961605122327418,10641,HDFCBANK,NSE 1h,2.0,True,0.0,0.8907057607367729
-1.0685601220155057,-0.18315592582606324,0.4913072079691758,621,0.6666666666666666,8.417069243156199,55,0.005912319113843716,-0.017419544680426575,-0.03798512348426092,-1.1201605122327418,10641,HDFCBANK,NSE 1h,2.0,True,2.0,0.8907057607367729
-1.424647652828484,-0.23166529955207435,0.4913072079691758,621,0.6489533011272142,8.417069243156199,55,0.005466038062356812,-0.017126417315811,-0.22458512348426107,-1.3061605122327418,10641,HDFCBANK,NSE 1h,2.0,True,5.0,0.8907057607367729
-1.1564633603603798,-0.216382402911473,0.5355699652288318,668,0.6631736526946108,8.529940119760479,55,0.005975311211957438,-0.017901115118012612,-0.12996014864233424,-1.2507278860133577,10641,HDFCBANK,NSE 1h,2.0,False,0.0,0.8907057607367729
-1.3861637727102232,-0.2500337967191453,0.5355699652288318,668,0.6541916167664671,8.529940119760479,55,0.0056543279044361855,-0.01783042999521344,-0.26236014864233437,-1.3855278860133577,10641,HDFCBANK,NSE 1h,2.0,False,2.0,0.8907057607367729
-1.7321507714439772,-0.29783233774675627,0.5355699652288318,668,0.6362275449101796,8.529940119760479,55,0.005205867530443868,-0.017535727304914962,-0.46096014864233437,-1.587727886013358,10641,HDFCBANK,NSE 1h,2.0,False,5.0,0.8907057607367729
-1.1044379128232165,-0.2055521840746268,0.5159289540456724,647,0.6676970633693973,8.483771251931994,55,0.006001296175692834,-0.018113842853457615,-0.14386639612821156,-1.1580498694658719,10641,HDFCBANK,NSE 1h,3.0,True,0.0,0.9612818344140588
-1.3300628145837199,-0.23861935876174148,0.5159289540456724,647,0.6584234930448223,8.483771251931994,55,0.005682719190706037,-0.018016084347669024,-0.2734663961282115,-1.2872498694658718,10641,HDFCBANK,NSE 1h,3.0,True,2.0,0.9612818344140588
-1.6699147453232868,-0.28566883196257487,0.5159289540456724,647,0.6398763523956723,8.483771251931994,55,0.00523940072841748,-0.017673940631583347,-0.46786639612821157,-1.4810498694658716,10641,HDFCBANK,NSE 1h,3.0,True,5.0,0.9612818344140588
-1.1564633603603798,-0.216382402911473,0.5355699652288318,668,0.6631736526946108,8.529940119760479,55,0.005975311211957438,-0.017901115118012612,-0.12996014864233424,-1.2507278860133577,10641,HDFCBANK,NSE 1h,3.0,False,0.0,0.9612818344140588
-1.3861637727102232,-0.2500337967191453,0.5355699652288318,668,0.6541916167664671,8.529940119760479,55,0.0056543279044361855,-0.01783042999521344,-0.26236014864233437,-1.3855278860133577,10641,HDFCBANK,NSE 1h,3.0,False,2.0,0.9612818344140588
-1.7321507714439772,-0.29783233774675627,0.5355699652288318,668,0.6362275449101796,8.529940119760479,55,0.005205867530443868,-0.017535727304914962,-0.46096014864233437,-1.587727886013358,10641,HDFCBANK,NSE 1h,3.0,False,5.0,0.9612818344140588
-0.4382240062276472,-0.05892443586854042,0.15055403070041679,183,0.7049180327868853,8.027322404371585,37,0.00800128862712599,-0.02453374870806049,0.03379591302112375,-0.3264521103571373,9837,ICICIBANK,NSE 1h,0.5,True,0.0,0.2199857680187049
-0.5467218349984087,-0.07110622687557452,0.15055403070041679,183,0.6994535519125683,8.027322404371585,37,0.007662235421034273,-0.024484042385970916,-0.0006040869788762129,-0.3652521103571374,9837,ICICIBANK,NSE 1h,0.5,True,2.0,0.2199857680187049
-0.7100770033508682,-0.08908833012513807,0.15055403070041679,183,0.6939890710382514,8.027322404371585,37,0.0071206334575675285,-0.0246424401151266,-0.05220408697887629,-0.4234521103571373,9837,ICICIBANK,NSE 1h,0.5,True,5.0,0.2199857680187049
-0.6512514724055878,-0.1785399028150264,0.5272949069838365,627,0.6650717703349283,8.253588516746412,49,0.0082591579967004,-0.020872659032391883,0.02722333725921744,-0.9664128494374444,9837,ICICIBANK,NSE 1h,0.5,False,0.0,0.2199857680187049
-0.829592399647217,-0.21432866145482832,0.5272949069838365,627,0.6523125996810207,8.253588516746412,49,0.00801739417759546,-0.02050047582942555,-0.09637666274078252,-1.0936128494374444,9837,ICICIBANK,NSE 1h,0.5,False,2.0,0.2199857680187049
-1.098087831949452,-0.26512186177967606,0.5272949069838365,627,0.645933014354067,8.253588516746412,49,0.007493514391848654,-0.020725508292238435,-0.2817766627407827,-1.2844128494374445,9837,ICICIBANK,NSE 1h,0.5,False,5.0,0.2199857680187049
-0.7339022276258665,-0.13226663316534257,0.2832164277726949,331,0.6616314199395771,8.380664652567976,49,0.00798342526528331,-0.021986071378257175,-0.07311777911476361,-0.6409520821529952,9837,ICICIBANK,NSE 1h,1.0,True,0.0,0.4727050930161635
-0.8719654488520844,-0.1524538481664476,0.2832164277726949,331,0.6555891238670695,8.380664652567976,49,0.007655377234534311,-0.021997251940014947,-0.13871777911476357,-0.7077520821529949,9837,ICICIBANK,NSE 1h,1.0,True,2.0,0.4727050930161635
-1.0797068895552082,-0.18186472599460388,0.2832164277726949,331,0.6525679758308157,8.380664652567976,49,0.007090512836573637,-0.022405396817110124,-0.23711777911476362,-0.8079520821529951,9837,ICICIBANK,NSE 1h,1.0,True,5.0,0.4727050930161635
-0.6512514724055878,-0.1785399028150264,0.5272949069838365,627,0.6650717703349283,8.253588516746412,49,0.0082591579967004,-0.020872659032391883,0.02722333725921744,-0.9664128494374444,9837,ICICIBANK,NSE 1h,1.0,False,0.0,0.4727050930161635
-0.829592399647217,-0.21432866145482832,0.5272949069838365,627,0.6523125996810207,8.253588516746412,49,0.00801739417759546,-0.02050047582942555,-0.09637666274078252,-1.0936128494374444,9837,ICICIBANK,NSE 1h,1.0,False,2.0,0.4727050930161635
-1.098087831949452,-0.26512186177967606,0.5272949069838365,627,0.645933014354067,8.253588516746412,49,0.007493514391848654,-0.020725508292238435,-0.2817766627407827,-1.2844128494374445,9837,ICICIBANK,NSE 1h,1.0,False,5.0,0.4727050930161635
-0.6880698141320979,-0.14485559233026782,0.39727559215207886,460,0.6630434782608695,8.469565217391304,49,0.008271703310803603,-0.02126429102120541,-0.030658464249421043,-0.7424371342423184,9837,ICICIBANK,NSE 1h,1.5,True,0.0,0.7050930161634644
-0.854824917959383,-0.17236163227584328,0.39727559215207886,460,0.65,8.469565217391304,49,0.008034681092754571,-0.0208662437591637,-0.11745846424942098,-0.8396371342423183,9837,ICICIBANK,NSE 1h,1.5,True,2.0,0.7050930161634644
-1.1059347706557132,-0.21198037257662283,0.39727559215207886,460,0.6413043478260869,8.469565217391304,49,0.007539499396036515,-0.020953017698924315,-0.24765846424942106,-0.9854371342423186,9837,ICICIBANK,NSE 1h,1.5,True,5.0,0.7050930161634644
-0.6512514724055878,-0.1785399028150264,0.5272949069838365,627,0.6650717703349283,8.253588516746412,49,0.0082591579967004,-0.020872659032391883,0.02722333725921744,-0.9664128494374444,9837,ICICIBANK,NSE 1h,1.5,False,0.0,0.7050930161634644
-0.829592399647217,-0.21432866145482832,0.5272949069838365,627,0.6523125996810207,8.253588516746412,49,0.00801739417759546,-0.02050047582942555,-0.09637666274078252,-1.0936128494374444,9837,ICICIBANK,NSE 1h,1.5,False,2.0,0.7050930161634644
-1.098087831949452,-0.26512186177967606,0.5272949069838365,627,0.645933014354067,8.253588516746412,49,0.007493514391848654,-0.020725508292238435,-0.2817766627407827,-1.2844128494374445,9837,ICICIBANK,NSE 1h,1.5,False,5.0,0.7050930161634644
-0.6729876095218263,-0.1592088632410362,0.47006201077564297,555,0.6648648648648648,8.30990990990991,49,0.008350866608517962,-0.021125436385000727,0.09547309249922975,-0.9433344815662361,9837,ICICIBANK,NSE 1h,2.0,True,0.0,0.8697773711497407
-0.8535029175647459,-0.1917232704710928,0.47006201077564297,555,0.654054054054054,8.30990990990991,49,0.008085903790574283,-0.02085960658877849,-0.014126907500770156,-1.055734481566236,9837,ICICIBANK,NSE 1h,2.0,True,2.0,0.8697773711497407
-1.1253357237525807,-0.23816382468630565,0.47006201077564297,555,0.6486486486486487,8.30990990990991,49,0.007550984033514475,-0.021134439185293424,-0.17852690750077033,-1.2243344815662365,9837,ICICIBANK,NSE 1h,2.0,True,5.0,0.8697773711497407
-0.6512514724055878,-0.1785399028150264,0.5272949069838365,627,0.6650717703349283,8.253588516746412,49,0.0082591579967004,-0.020872659032391883,0.02722333725921744,-0.9664128494374444,9837,ICICIBANK,NSE 1h,2.0,False,0.0,0.8697773711497407
-0.829592399647217,-0.21432866145482832,0.5272949069838365,627,0.6523125996810207,8.253588516746412,49,0.00801739417759546,-0.02050047582942555,-0.09637666274078252,-1.0936128494374444,9837,ICICIBANK,NSE 1h,2.0,False,2.0,0.8697773711497407
-1.098087831949452,-0.26512186177967606,0.5272949069838365,627,0.645933014354067,8.253588516746412,49,0.007493514391848654,-0.020725508292238435,-0.2817766627407827,-1.2844128494374445,9837,ICICIBANK,NSE 1h,2.0,False,5.0,0.8697773711497407
-0.7054889329661899,-0.18873699710585565,0.5070651621429297,598,0.6622073578595318,8.321070234113712,49,0.00832988224546065,-0.02133332029820281,-0.015022815479694224,-0.9956745155548552,9837,ICICIBANK,NSE 1h,3.0,True,0.0,0.9572023991054183
-0.8765418948497925,-0.22248226570220053,0.5070651621429297,598,0.6521739130434783,8.321070234113712,49,0.008055247863173728,-0.021112711527270685,-0.1322228154796942,-1.1176745155548549,9837,ICICIBANK,NSE 1h,3.0,True,2.0,0.9572023991054183
-1.1340187059169022,-0.27049823336806883,0.5070651621429297,598,0.6454849498327759,8.321070234113712,49,0.007535507193523097,-0.02130850522516257,-0.30802281547969435,-1.3006745155548551,9837,ICICIBANK,NSE 1h,3.0,True,5.0,0.9572023991054183
-0.6512514724055878,-0.1785399028150264,0.5272949069838365,627,0.6650717703349283,8.253588516746412,49,0.0082591579967004,-0.020872659032391883,0.02722333725921744,-0.9664128494374444,9837,ICICIBANK,NSE 1h,3.0,False,0.0,0.9572023991054183
-0.829592399647217,-0.21432866145482832,0.5272949069838365,627,0.6523125996810207,8.253588516746412,49,0.00801739417759546,-0.02050047582942555,-0.09637666274078252,-1.0936128494374444,9837,ICICIBANK,NSE 1h,3.0,False,2.0,0.9572023991054183
-1.098087831949452,-0.26512186177967606,0.5272949069838365,627,0.645933014354067,8.253588516746412,49,0.007493514391848654,-0.020725508292238435,-0.2817766627407827,-1.2844128494374445,9837,ICICIBANK,NSE 1h,3.0,False,5.0,0.9572023991054183
-0.5406745839253438,-0.06151258128090024,0.1799473783123473,217,0.6359447004608295,8.76036866359447,35,0.0072036972863604425,-0.01656685802875672,-0.14873899873026744,-0.16593256002377205,10642,INFY,NSE 1h,0.5,True,0.0,0.2458184551775982
-0.6764019418077641,-0.07481653427477059,0.1799473783123473,217,0.6267281105990783,8.76036866359447,35,0.006905599423374488,-0.016551025683123086,-0.18753899873026747,-0.21393256002377195,10642,INFY,NSE 1h,0.5,True,2.0,0.2458184551775982
-0.8809673663529302,-0.09442452296243646,0.1799473783123473,217,0.6175115207373272,8.76036866359447,35,0.006403515120171673,-0.016743886564542697,-0.24573899873026747,-0.28593256002377204,10642,INFY,NSE 1h,0.5,True,5.0,0.2458184551775982
-1.1023208811131273,-0.21723633272058415,0.5408757752302199,686,0.6676384839650146,8.370262390670554,53,0.006802730811798848,-0.01931162001072206,-0.38536064084585875,-0.9020380097948995,10642,INFY,NSE 1h,0.5,False,0.0,0.2458184551775982
-1.3273838374731528,-0.25173911234834073,0.5408757752302199,686,0.6603498542274052,8.370262390670554,53,0.006475846968564449,-0.019293379087555587,-0.5101606408458588,-1.0516380097948994,10642,INFY,NSE 1h,0.5,False,2.0,0.2458184551775982
-1.6661610910425428,-0.300674617389043,0.5408757752302199,686,0.6472303206997084,8.370262390670554,53,0.006001249724509156,-0.019165097224474476,-0.6973606408458588,-1.2760380097948996,10642,INFY,NSE 1h,0.5,False,5.0,0.2458184551775982
-0.3084243918849033,-0.05018262719585295,0.31328697613230594,403,0.6674937965260546,8.238213399503723,42,0.007117171268656601,-0.015909383174047807,0.056267712738699883,-0.27360598679248005,10642,INFY,NSE 1h,1.0,True,0.0,0.5055440706634091
-0.5041428404436432,-0.07501509051874306,0.31328697613230594,403,0.6600496277915633,8.238213399503723,42,0.006795560189046026,-0.015957352440438125,-0.01533228726130012,-0.36320598679248006,10642,INFY,NSE 1h,1.0,True,2.0,0.5055440706634091
-0.7993538900743417,-0.11106061632524092,0.31328697613230594,403,0.6401985111662531,8.238213399503723,42,0.006396850673593326,-0.015660177571316262,-0.12273228726130012,-0.4976059867924801,10642,INFY,NSE 1h,1.0,True,5.0,0.5055440706634091
-1.1023208811131273,-0.21723633272058415,0.5408757752302199,686,0.6676384839650146,8.370262390670554,53,0.006802730811798848,-0.01931162001072206,-0.38536064084585875,-0.9020380097948995,10642,INFY,NSE 1h,1.0,False,0.0,0.5055440706634091
-1.3273838374731528,-0.25173911234834073,0.5408757752302199,686,0.6603498542274052,8.370262390670554,53,0.006475846968564449,-0.019293379087555587,-0.5101606408458588,-1.0516380097948994,10642,INFY,NSE 1h,1.0,False,2.0,0.5055440706634091
-1.6661610910425428,-0.300674617389043,0.5408757752302199,686,0.6472303206997084,8.370262390670554,53,0.006001249724509156,-0.019165097224474476,-0.6973606408458588,-1.2760380097948996,10642,INFY,NSE 1h,1.0,False,5.0,0.5055440706634091
-0.6135001202744399,-0.11277991260067072,0.4340349558353693,558,0.6666666666666666,8.25268817204301,43,0.006791725556589379,-0.01679559605344079,0.1610156298229976,-0.7584745887117355,10642,INFY,NSE 1h,1.5,True,0.0,0.7503288855478294
-0.8305123586381569,-0.14472296673356402,0.4340349558353693,558,0.6594982078853047,8.25268817204301,43,0.006464129510659624,-0.01683925588848147,0.05821562982299765,-0.8788745887117353,10642,INFY,NSE 1h,1.5,True,2.0,0.7503288855478294
-1.1576046219221297,-0.19050529226889576,0.4340349558353693,558,0.6469534050179212,8.25268817204301,43,0.005983157315807935,-0.016829333755814226,-0.09598437017700238,-1.0594745887117356,10642,INFY,NSE 1h,1.5,True,5.0,0.7503288855478294
-1.1023208811131273,-0.21723633272058415,0.5408757752302199,686,0.6676384839650146,8.370262390670554,53,0.006802730811798848,-0.01931162001072206,-0.38536064084585875,-0.9020380097948995,10642,INFY,NSE 1h,1.5,False,0.0,0.7503288855478294
-1.3273838374731528,-0.25173911234834073,0.5408757752302199,686,0.6603498542274052,8.370262390670554,53,0.006475846968564449,-0.019293379087555587,-0.5101606408458588,-1.0516380097948994,10642,INFY,NSE 1h,1.5,False,2.0,0.7503288855478294
-1.6661610910425428,-0.300674617389043,0.5408757752302199,686,0.6472303206997084,8.370262390670554,53,0.006001249724509156,-0.019165097224474476,-0.6973606408458588,-1.2760380097948996,10642,INFY,NSE 1h,1.5,False,5.0,0.7503288855478294
-0.9643233888191737,-0.18354462656845968,0.49746288291674495,632,0.6645569620253164,8.354430379746836,43,0.006673777681568448,-0.01830024218563117,-0.16366268414552282,-0.9130020329495381,10642,INFY,NSE 1h,2.0,True,0.0,0.8884608156361586
-1.1846150525443333,-0.21676148711451626,0.49746288291674495,632,0.6566455696202531,8.354430379746836,43,0.006352035159553182,-0.018274466858569732,-0.27886268414552284,-1.050602032949538,10642,INFY,NSE 1h,2.0,True,2.0,0.8884608156361586
-1.5162310105805614,-0.2640816154308569,0.49746288291674495,632,0.6424050632911392,8.354430379746836,43,0.005886430522504781,-0.018135201368283192,-0.45166268414552285,-1.257002032949538,10642,INFY,NSE 1h,2.0,True,5.0,0.8884608156361586
-1.1023208811131273,-0.21723633272058415,0.5408757752302199,686,0.6676384839650146,8.370262390670554,53,0.006802730811798848,-0.01931162001072206,-0.38536064084585875,-0.9020380097948995,10642,INFY,NSE 1h,2.0,False,0.0,0.8884608156361586
-1.3273838374731528,-0.25173911234834073,0.5408757752302199,686,0.6603498542274052,8.370262390670554,53,0.006475846968564449,-0.019293379087555587,-0.5101606408458588,-1.0516380097948994,10642,INFY,NSE 1h,2.0,False,2.0,0.8884608156361586
-1.6661610910425428,-0.300674617389043,0.5408757752302199,686,0.6472303206997084,8.370262390670554,53,0.006001249724509156,-0.019165097224474476,-0.6973606408458588,-1.2760380097948996,10642,INFY,NSE 1h,2.0,False,5.0,0.8884608156361586
-1.1205892872206697,-0.21797963600582793,0.5242435632399924,663,0.6666666666666666,8.393665158371041,53,0.006856982801348542,-0.019574245762647696,-0.3951983174433834,-0.8999235979057014,10642,INFY,NSE 1h,3.0,True,0.0,0.957150911482804
-1.3404246501976442,-0.25131979921968417,0.5242435632399924,663,0.6591251885369532,8.393665158371041,53,0.006533396712018029,-0.019537240170358246,-0.5159983174433835,-1.0443235979057013,10642,INFY,NSE 1h,3.0,True,2.0,0.957150911482804
-1.671299063213934,-0.29869539445765403,0.5242435632399924,663,0.6455505279034691,8.393665158371041,53,0.006064697579612731,-0.019377925444354613,-0.6971983174433836,-1.2609235979057014,10642,INFY,NSE 1h,3.0,True,5.0,0.957150911482804
-1.1023208811131273,-0.21723633272058415,0.5408757752302199,686,0.6676384839650146,8.370262390670554,53,0.006802730811798848,-0.01931162001072206,-0.38536064084585875,-0.9020380097948995,10642,INFY,NSE 1h,3.0,False,0.0,0.957150911482804
-1.3273838374731528,-0.25173911234834073,0.5408757752302199,686,0.6603498542274052,8.370262390670554,53,0.006475846968564449,-0.019293379087555587,-0.5101606408458588,-1.0516380097948994,10642,INFY,NSE 1h,3.0,False,2.0,0.957150911482804
-1.6661610910425428,-0.300674617389043,0.5408757752302199,686,0.6472303206997084,8.370262390670554,53,0.006001249724509156,-0.019165097224474476,-0.6973606408458588,-1.2760380097948996,10642,INFY,NSE 1h,3.0,False,5.0,0.957150911482804
-0.7098654410127779,-0.07207985766523928,0.1472467581281714,180,0.6277777777777778,8.705555555555556,49,0.006582047499517398,-0.017422439094288776,-0.15462338290422897,-0.2689086689676533,10642,TCS,NSE 1h,0.5,True,0.0,0.22552151851155797
-0.8322081522489628,-0.08297944626934665,0.1472467581281714,180,0.6111111111111112,8.705555555555556,49,0.006355174419764198,-0.017065731972084913,-0.19142338290422894,-0.30410866896765315,10642,TCS,NSE 1h,0.5,True,2.0,0.22552151851155797
-1.016478622109746,-0.09909322971886611,0.1472467581281714,180,0.5888888888888889,8.705555555555556,49,0.0059786468489423485,-0.016719846187294208,-0.246623382904229,-0.35690866896765316,10642,TCS,NSE 1h,0.5,True,5.0,0.22552151851155797
-0.9504591307823663,-0.17126689895976188,0.5301635031009209,681,0.6461086637298091,8.284875183553599,51,0.006728932703007085,-0.016619681226792,-0.24207911696527656,-0.802533669368479,10642,TCS,NSE 1h,0.5,False,0.0,0.22552151851155797
-1.2024701532727013,-0.20749529451162002,0.5301635031009209,681,0.6372980910425844,8.284875183553599,51,0.006419387410480356,-0.016611445030292434,-0.3744791169652767,-0.9425336693684788,10642,TCS,NSE 1h,0.5,False,2.0,0.22552151851155797
-1.582771846714524,-0.2589025335335395,0.5301635031009209,681,0.618208516886931,8.284875183553599,51,0.00600670769376145,-0.01636321817464356,-0.5730791169652766,-1.152533669368479,10642,TCS,NSE 1h,0.5,False,5.0,0.22552151851155797
-0.9999459090001422,-0.130362977886811,0.28697613230595753,342,0.6286549707602339,8.929824561403509,50,0.00695386302030114,-0.018073547146818976,-0.292785985554025,-0.5074739527272396,10642,TCS,NSE 1h,1.0,True,0.0,0.46119150535613607
-1.1749011263738014,-0.14966896824386008,0.28697613230595753,342,0.6198830409356725,8.929824561403509,50,0.0066489545664780245,-0.018051063895189273,-0.359585985554025,-0.5774739527272397,10642,TCS,NSE 1h,1.0,True,2.0,0.46119150535613607
-1.4385529436844753,-0.17783423140328433,0.28697613230595753,342,0.6023391812865497,8.929824561403509,50,0.00623186668049777,-0.01783841525341033,-0.45978598555402506,-0.6824739527272395,10642,TCS,NSE 1h,1.0,True,5.0,0.46119150535613607
-0.9504591307823663,-0.17126689895976188,0.5301635031009209,681,0.6461086637298091,8.284875183553599,51,0.006728932703007085,-0.016619681226792,-0.24207911696527656,-0.802533669368479,10642,TCS,NSE 1h,1.0,False,0.0,0.46119150535613607
-1.2024701532727013,-0.20749529451162002,0.5301635031009209,681,0.6372980910425844,8.284875183553599,51,0.006419387410480356,-0.016611445030292434,-0.3744791169652767,-0.9425336693684788,10642,TCS,NSE 1h,1.0,False,2.0,0.46119150535613607
-1.582771846714524,-0.2589025335335395,0.5301635031009209,681,0.618208516886931,8.284875183553599,51,0.00600670769376145,-0.01636321817464356,-0.5730791169652766,-1.152533669368479,10642,TCS,NSE 1h,1.0,False,5.0,0.46119150535613607
-0.8708382100849702,-0.13525502107629542,0.41129486938545384,523,0.6405353728489483,8.369024856596559,50,0.006792341877940731,-0.016427723792310025,-0.2225015198278361,-0.5904760240163041,10642,TCS,NSE 1h,1.5,True,0.0,0.7133997368915618
-1.0986953507380959,-0.16443909876707946,0.41129486938545384,523,0.6328871892925431,8.369024856596559,50,0.006471801040459333,-0.016480956709563434,-0.3269015198278362,-0.6952760240163041,10642,TCS,NSE 1h,1.5,True,2.0,0.7133997368915618
-1.4425191021210497,-0.2063891091570992,0.41129486938545384,523,0.6137667304015296,8.369024856596559,50,0.00606258183175029,-0.016247853028891007,-0.4835015198278362,-0.8524760240163041,10642,TCS,NSE 1h,1.5,True,5.0,0.7133997368915618
-0.9504591307823663,-0.17126689895976188,0.5301635031009209,681,0.6461086637298091,8.284875183553599,51,0.006728932703007085,-0.016619681226792,-0.24207911696527656,-0.802533669368479,10642,TCS,NSE 1h,1.5,False,0.0,0.7133997368915618
-1.2024701532727013,-0.20749529451162002,0.5301635031009209,681,0.6372980910425844,8.284875183553599,51,0.006419387410480356,-0.016611445030292434,-0.3744791169652767,-0.9425336693684788,10642,TCS,NSE 1h,1.5,False,2.0,0.7133997368915618
-1.582771846714524,-0.2589025335335395,0.5301635031009209,681,0.618208516886931,8.284875183553599,51,0.00600670769376145,-0.01636321817464356,-0.5730791169652766,-1.152533669368479,10642,TCS,NSE 1h,1.5,False,5.0,0.7133997368915618
-1.0355432578578592,-0.17368298675589391,0.4904153354632588,629,0.6422893481717011,8.297297297297296,50,0.006582831458437387,-0.01659225711152827,-0.2690307428439493,-0.8047631980412073,10642,TCS,NSE 1h,2.0,True,0.0,0.8808494643863936
-1.28263882165098,-0.20710742806298074,0.4904153354632588,629,0.6343402225755167,8.297297297297296,50,0.006262780539564104,-0.016627145113787975,-0.39103074284394934,-0.9343631980412073,10642,TCS,NSE 1h,2.0,True,2.0,0.8808494643863936
-1.655413155366119,-0.25473775916416347,0.4904153354632588,629,0.6168521462639109,8.297297297297296,50,0.005830564105848146,-0.01645250130271468,-0.5740307428439494,-1.1287631980412074,10642,TCS,NSE 1h,2.0,True,5.0,0.8808494643863936
-0.9504591307823663,-0.17126689895976188,0.5301635031009209,681,0.6461086637298091,8.284875183553599,51,0.006728932703007085,-0.016619681226792,-0.24207911696527656,-0.802533669368479,10642,TCS,NSE 1h,2.0,False,0.0,0.8808494643863936
-1.2024701532727013,-0.20749529451162002,0.5301635031009209,681,0.6372980910425844,8.284875183553599,51,0.006419387410480356,-0.016611445030292434,-0.3744791169652767,-0.9425336693684788,10642,TCS,NSE 1h,2.0,False,2.0,0.8808494643863936
-1.582771846714524,-0.2589025335335395,0.5301635031009209,681,0.618208516886931,8.284875183553599,51,0.00600670769376145,-0.01636321817464356,-0.5730791169652766,-1.152533669368479,10642,TCS,NSE 1h,2.0,False,5.0,0.8808494643863936
-0.8620672489105882,-0.1553806453752908,0.5092087953392219,661,0.649016641452345,8.198184568835098,50,0.0066940773691906725,-0.016392054227595088,-0.20621530483803954,-0.7249820845812225,10642,TCS,NSE 1h,3.0,True,0.0,0.9610035707573764
-1.110472387027823,-0.19124198453054692,0.5092087953392219,661,0.6399394856278366,8.198184568835098,50,0.006386389924841977,-0.016374119023644614,-0.33461530483803953,-0.8609820845812224,10642,TCS,NSE 1h,3.0,True,2.0,0.9610035707573764
-1.4853745939728469,-0.2422116958922086,0.5092087953392219,661,0.6202723146747352,8.198184568835098,50,0.005977689612520126,-0.01610776944443233,-0.5272153048380397,-1.0649820845812226,10642,TCS,NSE 1h,3.0,True,5.0,0.9610035707573764
-0.9504591307823663,-0.17126689895976188,0.5301635031009209,681,0.6461086637298091,8.284875183553599,51,0.006728932703007085,-0.016619681226792,-0.24207911696527656,-0.802533669368479,10642,TCS,NSE 1h,3.0,False,0.0,0.9610035707573764
-1.2024701532727013,-0.20749529451162002,0.5301635031009209,681,0.6372980910425844,8.284875183553599,51,0.006419387410480356,-0.016611445030292434,-0.3744791169652767,-0.9425336693684788,10642,TCS,NSE 1h,3.0,False,2.0,0.9610035707573764
-1.582771846714524,-0.2589025335335395,0.5301635031009209,681,0.618208516886931,8.284875183553599,51,0.00600670769376145,-0.01636321817464356,-0.5730791169652766,-1.152533669368479,10642,TCS,NSE 1h,3.0,False,5.0,0.9610035707573764
-1.0258774409162648,-0.11996730987476266,0.1668859236985529,198,0.6515151515151515,8.944444444444445,42,0.006265334315541613,-0.022647776763301125,-0.15627337208646566,-0.5981950978764436,10642,ITC,NSE 1h,0.5,True,0.0,0.2521142642360459
-1.1385864288598853,-0.13136580642100024,0.1668859236985529,198,0.6414141414141414,8.944444444444445,42,0.005960142351548022,-0.022402909135345192,-0.19307337208646563,-0.6405950978764438,10642,ITC,NSE 1h,0.5,True,2.0,0.2521142642360459
-1.3078663822120724,-0.14819148911408947,0.1668859236985529,198,0.6161616161616161,8.944444444444445,42,0.005589771351740316,-0.02150553387993721,-0.24827337208646574,-0.7041950978764436,10642,ITC,NSE 1h,0.5,True,5.0,0.2521142642360459
-1.2213180214404034,-0.23167432437888918,0.5220823153542568,677,0.672082717872969,8.199409158050221,50,0.006109872923418844,-0.019203617697925262,-0.41606777921930455,-1.0671431695645301,10642,ITC,NSE 1h,0.5,False,0.0,0.2521142642360459
-1.4482801606594629,-0.26510090625571275,0.5220823153542568,677,0.6573116691285081,8.199409158050221,50,0.005841921125396971,-0.01876580107579951,-0.5504677792193047,-1.2035431695645298,10642,ITC,NSE 1h,0.5,False,2.0,0.2521142642360459
-1.7900777946511695,-0.31254539271880116,0.5220823153542568,677,0.6336779911373708,8.199409158050221,50,0.005447014754057704,-0.0181329849930427,-0.7520677792193046,-1.4081431695645301,10642,ITC,NSE 1h,0.5,False,5.0,0.2521142642360459
-1.092847418193205,-0.16535410481511528,0.3111257282465702,394,0.6725888324873096,8.390862944162437,50,0.0060815868139140914,-0.02052175879316032,-0.2761646541910287,-0.7595217244394185,10642,ITC,NSE 1h,1.0,True,0.0,0.5392783311407631
-1.2637157792591789,-0.18669518592455403,0.3111257282465702,394,0.6598984771573604,8.390862944162437,50,0.005793635295062499,-0.020146504144378338,-0.35456465419102867,-0.8387217244394183,10642,ITC,NSE 1h,1.0,True,2.0,0.5392783311407631
-1.520841921781343,-0.2176956363895129,0.3111257282465702,394,0.6370558375634517,8.390862944162437,50,0.005388697796094934,-0.019456290387764166,-0.4721646541910289,-0.9575217244394183,10642,ITC,NSE 1h,1.0,True,5.0,0.5392783311407631
-1.2213180214404034,-0.23167432437888918,0.5220823153542568,677,0.672082717872969,8.199409158050221,50,0.006109872923418844,-0.019203617697925262,-0.41606777921930455,-1.0671431695645301,10642,ITC,NSE 1h,1.0,False,0.0,0.5392783311407631
-1.4482801606594629,-0.26510090625571275,0.5220823153542568,677,0.6573116691285081,8.199409158050221,50,0.005841921125396971,-0.01876580107579951,-0.5504677792193047,-1.2035431695645298,10642,ITC,NSE 1h,1.0,False,2.0,0.5392783311407631
-1.7900777946511695,-0.31254539271880116,0.5220823153542568,677,0.6336779911373708,8.199409158050221,50,0.005447014754057704,-0.0181329849930427,-0.7520677792193046,-1.4081431695645301,10642,ITC,NSE 1h,1.0,False,5.0,0.5392783311407631
-1.228373402269279,-0.20386842587588272,0.41345611727118964,533,0.6735459662288931,8.24577861163227,50,0.005955546070559333,-0.019745130255339718,-0.5579737001868555,-0.7396379249114549,10642,ITC,NSE 1h,1.5,True,0.0,0.7379252020296937
-1.434404830229855,-0.23127096257702426,0.41345611727118964,533,0.6604127579737336,8.24577861163227,50,0.005669513913241577,-0.019372820566626214,-0.6615737001868555,-0.8492379249114548,10642,ITC,NSE 1h,1.5,True,2.0,0.7379252020296937
-1.7446518125496917,-0.27062605074076507,0.41345611727118964,533,0.6397748592870544,8.24577861163227,50,0.0052402738729414354,-0.018841380290475728,-0.8169737001868556,-1.013637924911455,10642,ITC,NSE 1h,1.5,True,5.0,0.7379252020296937
-1.2213180214404034,-0.23167432437888918,0.5220823153542568,677,0.672082717872969,8.199409158050221,50,0.006109872923418844,-0.019203617697925262,-0.41606777921930455,-1.0671431695645301,10642,ITC,NSE 1h,1.5,False,0.0,0.7379252020296937
-1.4482801606594629,-0.26510090625571275,0.5220823153542568,677,0.6573116691285081,8.199409158050221,50,0.005841921125396971,-0.01876580107579951,-0.5504677792193047,-1.2035431695645298,10642,ITC,NSE 1h,1.5,False,2.0,0.7379252020296937
-1.7900777946511695,-0.31254539271880116,0.5220823153542568,677,0.6336779911373708,8.199409158050221,50,0.005447014754057704,-0.0181329849930427,-0.7520677792193046,-1.4081431695645301,10642,ITC,NSE 1h,1.5,False,5.0,0.7379252020296937
-1.366744140445578,-0.23759126492036597,0.47895132493892123,611,0.662847790507365,8.333878887070377,50,0.005819377714696294,-0.01893788687247959,-0.5559292059253083,-0.988427515353488,10642,ITC,NSE 1h,2.0,True,0.0,0.8752114264236046
-1.587288215192858,-0.26759205627153854,0.47895132493892123,611,0.646481178396072,8.333878887070377,50,0.0055607865698685515,-0.018450312112855898,-0.6791292059253083,-1.109627515353488,10642,ITC,NSE 1h,2.0,True,2.0,0.8752114264236046
-1.9194446704623322,-0.3104047006781401,0.47895132493892123,611,0.6252045826513911,8.333878887070377,50,0.005136606921219267,-0.01798052648552208,-0.8639292059253084,-1.2914275153534882,10642,ITC,NSE 1h,2.0,True,5.0,0.8752114264236046
-1.2213180214404034,-0.23167432437888918,0.5220823153542568,677,0.672082717872969,8.199409158050221,50,0.006109872923418844,-0.019203617697925262,-0.41606777921930455,-1.0671431695645301,10642,ITC,NSE 1h,2.0,False,0.0,0.8752114264236046
-1.4482801606594629,-0.26510090625571275,0.5220823153542568,677,0.6573116691285081,8.199409158050221,50,0.005841921125396971,-0.01876580107579951,-0.5504677792193047,-1.2035431695645298,10642,ITC,NSE 1h,2.0,False,2.0,0.8752114264236046
-1.7900777946511695,-0.31254539271880116,0.5220823153542568,677,0.6336779911373708,8.199409158050221,50,0.005447014754057704,-0.0181329849930427,-0.7520677792193046,-1.4081431695645301,10642,ITC,NSE 1h,2.0,False,5.0,0.8752114264236046
-1.319252878692958,-0.24143038592709773,0.5056380379627889,650,0.6692307692307692,8.27076923076923,50,0.005979303394175247,-0.01938835625962509,-0.4839677106834303,-1.0835319086697328,10642,ITC,NSE 1h,3.0,True,0.0,0.9586543882728811
-1.5424646009748055,-0.2731446793541378,0.5056380379627889,650,0.6538461538461539,8.27076923076923,50,0.005714493404970143,-0.018916263628735438,-0.6139677106834305,-1.213531908669733,10642,ITC,NSE 1h,3.0,True,2.0,0.9586543882728811
-1.8785936586917762,-0.31825835067855623,0.5056380379627889,650,0.6292307692307693,8.27076923076923,50,0.0053246311144288854,-0.018237650394832272,-0.8089677106834304,-1.4085319086697328,10642,ITC,NSE 1h,3.0,True,5.0,0.9586543882728811
-1.2213180214404034,-0.23167432437888918,0.5220823153542568,677,0.672082717872969,8.199409158050221,50,0.006109872923418844,-0.019203617697925262,-0.41606777921930455,-1.0671431695645301,10642,ITC,NSE 1h,3.0,False,0.0,0.9586543882728811
-1.4482801606594629,-0.26510090625571275,0.5220823153542568,677,0.6573116691285081,8.199409158050221,50,0.005841921125396971,-0.01876580107579951,-0.5504677792193047,-1.2035431695645298,10642,ITC,NSE 1h,3.0,False,2.0,0.9586543882728811
-1.7900777946511695,-0.31254539271880116,0.5220823153542568,677,0.6336779911373708,8.199409158050221,50,0.005447014754057704,-0.0181329849930427,-0.7520677792193046,-1.4081431695645301,10642,ITC,NSE 1h,3.0,False,5.0,0.9586543882728811
-0.2466090196932515,-0.03007429087747307,0.1509356364384125,182,0.6593406593406593,8.065934065934066,34,0.006463783663740345,-0.014904934099696239,0.23099591979795525,-0.3794477943302807,9726,LT,NSE 1h,0.5,True,0.0,0.23349784083898828
-0.3752695070498231,-0.04267620734465194,0.1509356364384125,182,0.6538461538461539,8.065934065934066,34,0.006117998799973844,-0.015068154471892263,0.1941959197979552,-0.41544779433028056,9726,LT,NSE 1h,0.5,True,2.0,0.23349784083898828
-0.5690252975896397,-0.061277347309334575,0.1509356364384125,182,0.6373626373626373,8.065934065934066,34,0.005668948243670621,-0.014970452587850265,0.1389959197979552,-0.46944779433028067,9726,LT,NSE 1h,0.5,True,5.0,0.23349784083898828
-1.1776758760934716,-0.23751534369464675,0.5251902118034135,622,0.684887459807074,8.212218649517684,42,0.006644711318354005,-0.021515996520076613,-0.3758455621793196,-1.0106427341368907,9726,LT,NSE 1h,0.5,False,0.0,0.23349784083898828
-1.3927538565849105,-0.2708318478463013,0.5251902118034135,622,0.6768488745980707,8.212218649517684,42,0.0063216683133231685,-0.021376669931468972,-0.49904556217931956,-1.1362427341368906,9726,LT,NSE 1h,0.5,False,2.0,0.23349784083898828
-1.7165981989193941,-0.3181084602662374,0.5251902118034135,622,0.6559485530546624,8.212218649517684,42,0.005912715908759106,-0.02065830087425199,-0.6838455621793197,-1.3246427341368907,9726,LT,NSE 1h,0.5,False,5.0,0.23349784083898828
-0.520384251756632,-0.08334409546927657,0.28326136129960927,342,0.6754385964912281,8.055555555555555,38,0.006932907655749333,-0.018379453650547672,0.2582070060323375,-0.696824692765033,9726,LT,NSE 1h,1.0,True,0.0,0.4771745835903763
-0.6899477664250173,-0.10559231538701383,0.28326136129960927,342,0.672514619883041,8.055555555555555,38,0.006562824113415814,-0.01861488600730654,0.19380700603233753,-0.7692246927650329,9726,LT,NSE 1h,1.0,True,2.0,0.4771745835903763
-0.9453079692512824,-0.13796420682545224,0.28326136129960927,342,0.652046783625731,8.055555555555555,38,0.006161307957458557,-0.01810579295164667,0.09720700603233749,-0.877824692765033,9726,LT,NSE 1h,1.0,True,5.0,0.4771745835903763
-1.1776758760934716,-0.23751534369464675,0.5251902118034135,622,0.684887459807074,8.212218649517684,42,0.006644711318354005,-0.021515996520076613,-0.3758455621793196,-1.0106427341368907,9726,LT,NSE 1h,1.0,False,0.0,0.4771745835903763
-1.3927538565849105,-0.2708318478463013,0.5251902118034135,622,0.6768488745980707,8.212218649517684,42,0.0063216683133231685,-0.021376669931468972,-0.49904556217931956,-1.1362427341368906,9726,LT,NSE 1h,1.0,False,2.0,0.4771745835903763
-1.7165981989193941,-0.3181084602662374,0.5251902118034135,622,0.6559485530546624,8.212218649517684,42,0.005912715908759106,-0.02065830087425199,-0.6838455621793197,-1.3246427341368907,9726,LT,NSE 1h,1.0,False,5.0,0.4771745835903763
-0.9647901443075451,-0.16880206147666443,0.3942011104256632,464,0.6681034482758621,8.262931034482758,42,0.006672429347597566,-0.019653999224013556,-0.07777113545663844,-0.8804916472862037,9726,LT,NSE 1h,1.5,True,0.0,0.7057371992597162
-1.1578595809082393,-0.19604564935438498,0.3942011104256632,464,0.6616379310344828,8.262931034482758,42,0.006336354901518454,-0.019675947372668836,-0.16937113545663843,-0.9744916472862037,9726,LT,NSE 1h,1.5,True,2.0,0.7057371992597162
-1.4487128690422528,-0.23525548557833648,0.3942011104256632,464,0.6422413793103449,8.262931034482758,42,0.005919251716983419,-0.01919397466508374,-0.3067711354566385,-1.1154916472862038,9726,LT,NSE 1h,1.5,True,5.0,0.7057371992597162
-1.1776758760934716,-0.23751534369464675,0.5251902118034135,622,0.684887459807074,8.212218649517684,42,0.006644711318354005,-0.021515996520076613,-0.3758455621793196,-1.0106427341368907,9726,LT,NSE 1h,1.5,False,0.0,0.7057371992597162
-1.3927538565849105,-0.2708318478463013,0.5251902118034135,622,0.6768488745980707,8.212218649517684,42,0.0063216683133231685,-0.021376669931468972,-0.49904556217931956,-1.1362427341368906,9726,LT,NSE 1h,1.5,False,2.0,0.7057371992597162
-1.7165981989193941,-0.3181084602662374,0.5251902118034135,622,0.6559485530546624,8.212218649517684,42,0.005912715908759106,-0.02065830087425199,-0.6838455621793197,-1.3246427341368907,9726,LT,NSE 1h,1.5,False,5.0,0.7057371992597162
-0.9665824737659701,-0.18426901454795017,0.47707176639934196,559,0.6708407871198568,8.300536672629695,42,0.006722227973088103,-0.019386306343730585,-0.16024386824289455,-0.8860010090954948,9726,LT,NSE 1h,2.0,True,0.0,0.8758996504215505
-1.1793702414554545,-0.21637473971735763,0.47707176639934196,559,0.6636851520572451,8.300536672629695,42,0.006392964737198686,-0.01937039784488884,-0.27064386824289455,-0.9992010090954948,9726,LT,NSE 1h,2.0,True,2.0,0.8758996504215505
-1.4998896781382975,-0.2621907425061468,0.47707176639934196,559,0.6457960644007156,8.300536672629695,42,0.005961479244206706,-0.01897645901261116,-0.43624386824289463,-1.1690010090954948,9726,LT,NSE 1h,2.0,True,5.0,0.8758996504215505
-1.1776758760934716,-0.23751534369464675,0.5251902118034135,622,0.684887459807074,8.212218649517684,42,0.006644711318354005,-0.021515996520076613,-0.3758455621793196,-1.0106427341368907,9726,LT,NSE 1h,2.0,False,0.0,0.8758996504215505
-1.3927538565849105,-0.2708318478463013,0.5251902118034135,622,0.6768488745980707,8.212218649517684,42,0.0063216683133231685,-0.021376669931468972,-0.49904556217931956,-1.1362427341368906,9726,LT,NSE 1h,2.0,False,2.0,0.8758996504215505
-1.7165981989193941,-0.3181084602662374,0.5251902118034135,622,0.6559485530546624,8.212218649517684,42,0.005912715908759106,-0.02065830087425199,-0.6838455621793197,-1.3246427341368907,9726,LT,NSE 1h,2.0,False,5.0,0.8758996504215505
-1.189392160498313,-0.23704057341450097,0.5076084721365413,594,0.6750841750841751,8.311447811447811,42,0.006778061732944184,-0.02125534532535968,-0.3947667816746232,-0.9895121112091767,9726,LT,NSE 1h,3.0,True,0.0,0.958975940777298
-1.3970168584528657,-0.2689085696860824,0.5076084721365413,594,0.6683501683501684,8.311447811447811,42,0.006444728419403757,-0.02122048769232026,-0.5111667816746231,-1.1107121112091767,9726,LT,NSE 1h,3.0,True,2.0,0.958975940777298
-1.709597538323521,-0.3142431866615377,0.5076084721365413,594,0.6481481481481481,8.311447811447811,42,0.006035063745994191,-0.020582671938237145,-0.6857667816746232,-1.2925121112091769,9726,LT,NSE 1h,3.0,True,5.0,0.958975940777298
-1.1776758760934716,-0.23751534369464675,0.5251902118034135,622,0.684887459807074,8.212218649517684,42,0.006644711318354005,-0.021515996520076613,-0.3758455621793196,-1.0106427341368907,9726,LT,NSE 1h,3.0,False,0.0,0.958975940777298
-1.3927538565849105,-0.2708318478463013,0.5251902118034135,622,0.6768488745980707,8.212218649517684,42,0.0063216683133231685,-0.021376669931468972,-0.49904556217931956,-1.1362427341368906,9726,LT,NSE 1h,3.0,False,2.0,0.958975940777298
-1.7165981989193941,-0.3181084602662374,0.5251902118034135,622,0.6559485530546624,8.212218649517684,42,0.005912715908759106,-0.02065830087425199,-0.6838455621793197,-1.3246427341368907,9726,LT,NSE 1h,3.0,False,5.0,0.958975940777298
-0.43613994487458224,-0.0644586399337226,0.18271581719014482,240,0.6916666666666667,8.091666666666667,47,0.0076435854154984755,-0.02196812599136923,0.0705704664864237,-0.42737661087499995,10634,AXISBANK,NSE 1h,0.5,True,0.0,0.28004513823584726
-0.5568206953967049,-0.07911809796848858,0.18271581719014482,240,0.6833333333333333,8.091666666666667,47,0.0073364644236711555,-0.021789293550929546,0.021370466486423736,-0.47417661087499985,10634,AXISBANK,NSE 1h,0.5,True,2.0,0.28004513823584726
-0.7386287938866027,-0.10068302812591874,0.18271581719014482,240,0.675,8.091666666666667,47,0.006823342712238769,-0.021822918766298167,-0.052429533513576335,-0.5443766108750001,10634,AXISBANK,NSE 1h,0.5,True,5.0,0.28004513823584726
-1.0277496371189514,-0.2743765885302611,0.5420349821327817,687,0.6754002911208151,8.388646288209607,72,0.008443817599681337,-0.024518044347490744,-0.582798613341676,-0.9667939098966195,10634,AXISBANK,NSE 1h,0.5,False,0.0,0.28004513823584726
-1.194631439572534,-0.3063992957985619,0.5420349821327817,687,0.6637554585152838,8.388646288209607,72,0.008188390573713553,-0.024061898808881706,-0.718398613341676,-1.1059939098966192,10634,AXISBANK,NSE 1h,0.5,False,2.0,0.28004513823584726
-1.4457846007825048,-0.35181414341891176,0.5420349821327817,687,0.6521106259097526,8.388646288209607,72,0.007731606123253713,-0.023850845466342918,-0.9217986133416761,-1.3147939098966197,10634,AXISBANK,NSE 1h,0.5,False,5.0,0.28004513823584726
-0.5828902488664813,-0.11958628265240429,0.32273838630806845,417,0.6834532374100719,8.227817745803357,47,0.007754520313155164,-0.02183039224298476,0.1435869264325927,-0.8151604132573599,10634,AXISBANK,NSE 1h,1.0,True,0.0,0.5231333458717322
-0.7304974031525865,-0.1433957941604258,0.32273838630806845,417,0.6690647482014388,8.227817745803357,47,0.007516414427458036,-0.021271399362938828,0.0611869264325928,-0.8995604132573599,10634,AXISBANK,NSE 1h,1.0,True,2.0,0.5231333458717322
-0.9527692364340545,-0.1779166551022525,0.32273838630806845,417,0.6618705035971223,8.227817745803357,47,0.0069964443403305295,-0.02141554698408506,-0.06241307356740733,-1.0261604132573598,10634,AXISBANK,NSE 1h,1.0,True,5.0,0.5231333458717322
-1.0277496371189514,-0.2743765885302611,0.5420349821327817,687,0.6754002911208151,8.388646288209607,72,0.008443817599681337,-0.024518044347490744,-0.582798613341676,-0.9667939098966195,10634,AXISBANK,NSE 1h,1.0,False,0.0,0.5231333458717322
-1.194631439572534,-0.3063992957985619,0.5420349821327817,687,0.6637554585152838,8.388646288209607,72,0.008188390573713553,-0.024061898808881706,-0.718398613341676,-1.1059939098966192,10634,AXISBANK,NSE 1h,1.0,False,2.0,0.5231333458717322
-1.4457846007825048,-0.35181414341891176,0.5420349821327817,687,0.6521106259097526,8.388646288209607,72,0.007731606123253713,-0.023850845466342918,-0.9217986133416761,-1.3147939098966197,10634,AXISBANK,NSE 1h,1.0,False,5.0,0.5231333458717322
-0.7356569628665732,-0.16660505733093678,0.4292834305059244,548,0.6843065693430657,8.328467153284672,47,0.007928936137054405,-0.02280806505738733,0.042818003331399734,-1.0152622068640056,10634,AXISBANK,NSE 1h,1.5,True,0.0,0.7465676133157796
-0.9048263896303369,-0.1960834771819556,0.4292834305059244,548,0.6715328467153284,8.328467153284672,47,0.007675385763142287,-0.022312145357605374,-0.0651819966686003,-1.1264622068640056,10634,AXISBANK,NSE 1h,1.5,True,2.0,0.7465676133157796
-1.1596558800786028,-0.23836789209240702,0.4292834305059244,548,0.6587591240875912,8.328467153284672,47,0.0072205681325740595,-0.02206988930156065,-0.22718199666860037,-1.2932622068640056,10634,AXISBANK,NSE 1h,1.5,True,5.0,0.7465676133157796
-1.0277496371189514,-0.2743765885302611,0.5420349821327817,687,0.6754002911208151,8.388646288209607,72,0.008443817599681337,-0.024518044347490744,-0.582798613341676,-0.9667939098966195,10634,AXISBANK,NSE 1h,1.5,False,0.0,0.7465676133157796
-1.194631439572534,-0.3063992957985619,0.5420349821327817,687,0.6637554585152838,8.388646288209607,72,0.008188390573713553,-0.024061898808881706,-0.718398613341676,-1.1059939098966192,10634,AXISBANK,NSE 1h,1.5,False,2.0,0.7465676133157796
-1.4457846007825048,-0.35181414341891176,0.5420349821327817,687,0.6521106259097526,8.388646288209607,72,0.007731606123253713,-0.023850845466342918,-0.9217986133416761,-1.3147939098966197,10634,AXISBANK,NSE 1h,1.5,False,5.0,0.7465676133157796
-0.7125303622512354,-0.1716178910833132,0.489749858943013,627,0.6730462519936204,8.304625199362041,47,0.008079207624125586,-0.02148305943902283,-0.08089536772222014,-0.913706199896464,10634,AXISBANK,NSE 1h,2.0,True,0.0,0.8845213466240361
-0.895930581243593,-0.20505191917555293,0.489749858943013,627,0.6586921850079744,8.304625199362041,47,0.007851061677193764,-0.020971448786447234,-0.20449536772222004,-1.040906199896464,10634,AXISBANK,NSE 1h,2.0,True,2.0,0.8845213466240361
-1.1722780396272672,-0.2527014269150145,0.489749858943013,627,0.6475279106858054,8.304625199362041,47,0.007383181299763296,-0.0209012360874325,-0.3898953677222201,-1.2317061998964642,10634,AXISBANK,NSE 1h,2.0,True,5.0,0.8845213466240361
-1.0277496371189514,-0.2743765885302611,0.5420349821327817,687,0.6754002911208151,8.388646288209607,72,0.008443817599681337,-0.024518044347490744,-0.582798613341676,-0.9667939098966195,10634,AXISBANK,NSE 1h,2.0,False,0.0,0.8845213466240361
-1.194631439572534,-0.3063992957985619,0.5420349821327817,687,0.6637554585152838,8.388646288209607,72,0.008188390573713553,-0.024061898808881706,-0.718398613341676,-1.1059939098966192,10634,AXISBANK,NSE 1h,2.0,False,2.0,0.8845213466240361
-1.4457846007825048,-0.35181414341891176,0.5420349821327817,687,0.6521106259097526,8.388646288209607,72,0.007731606123253713,-0.023850845466342918,-0.9217986133416761,-1.3147939098966197,10634,AXISBANK,NSE 1h,2.0,False,5.0,0.8845213466240361
-0.9627757814056909,-0.2586035607426607,0.5241677637765657,665,0.6736842105263158,8.38045112781955,72,0.00848162685120046,-0.024066252173151177,-0.5429043467767631,-0.8797035454592361,10634,AXISBANK,NSE 1h,3.0,True,0.0,0.9588113597893549
-1.1259951701102107,-0.29029666742220267,0.5241677637765657,665,0.6616541353383458,8.38045112781955,72,0.008232144465225103,-0.023603339808600198,-0.6749043467767631,-1.013703545459236,10634,AXISBANK,NSE 1h,3.0,True,2.0,0.9588113597893549
-1.371646220565669,-0.33532511457025993,0.5241677637765657,665,0.6511278195488722,8.38045112781955,72,0.0077621863734917305,-0.0234854939308531,-0.8729043467767631,-1.2147035454592365,10634,AXISBANK,NSE 1h,3.0,True,5.0,0.9588113597893549
-1.0277496371189514,-0.2743765885302611,0.5420349821327817,687,0.6754002911208151,8.388646288209607,72,0.008443817599681337,-0.024518044347490744,-0.582798613341676,-0.9667939098966195,10634,AXISBANK,NSE 1h,3.0,False,0.0,0.9588113597893549
-1.194631439572534,-0.3063992957985619,0.5420349821327817,687,0.6637554585152838,8.388646288209607,72,0.008188390573713553,-0.024061898808881706,-0.718398613341676,-1.1059939098966192,10634,AXISBANK,NSE 1h,3.0,False,2.0,0.9588113597893549
-1.4457846007825048,-0.35181414341891176,0.5420349821327817,687,0.6521106259097526,8.388646288209607,72,0.007731606123253713,-0.023850845466342918,-0.9217986133416761,-1.3147939098966197,10634,AXISBANK,NSE 1h,3.0,False,5.0,0.9588113597893549
-0.14239683178079462,-0.024450146810135225,0.17543694794211614,246,0.6991869918699187,7.5894308943089435,41,0.007134217720304898,-0.018160757378959013,-0.027156834744236066,-0.0896537634062883,10642,KOTAKBANK,NSE 1h,0.5,True,0.0,0.2726931028002255
-0.2762569360946734,-0.04007502906023143,0.17543694794211614,246,0.6829268292682927,7.5894308943089435,41,0.006900619061632383,-0.017621982057753397,-0.07395683474423606,-0.1412537634062883,10642,KOTAKBANK,NSE 1h,0.5,True,2.0,0.2726931028002255
-0.47809626242843367,-0.06305004054066823,0.17543694794211614,246,0.6666666666666666,7.5894308943089435,41,0.006461974926821854,-0.01734846934328425,-0.14415683474423616,-0.21865376340628834,10642,KOTAKBANK,NSE 1h,0.5,True,5.0,0.2726931028002255
-0.15605065988715852,-0.0540083538981545,0.5064837436572073,709,0.7038081805359662,7.602256699576869,42,0.007438886942469474,-0.0186529543306875,0.17343002887323747,-0.37854585402534574,10642,KOTAKBANK,NSE 1h,0.5,False,0.0,0.2726931028002255
-0.37757881085952555,-0.09700749965839345,0.5064837436572073,709,0.692524682651622,7.602256699576869,42,0.007156422430432074,-0.018360179993092918,0.0398300288732375,-0.5285458540253457,10642,KOTAKBANK,NSE 1h,0.5,False,2.0,0.2726931028002255
-0.7118934186463379,-0.15788413960532993,0.5064837436572073,709,0.6826516220028209,7.602256699576869,42,0.006653725806079221,-0.01837564051241978,-0.16056997112676263,-0.7535458540253459,10642,KOTAKBANK,NSE 1h,0.5,False,5.0,0.2726931028002255
-0.06796509715806354,-0.0229719636294024,0.30360834429618494,423,0.7044917257683215,7.638297872340425,41,0.006972284795233383,-0.017217264873627843,0.12306619724914816,-0.19748343747308073,10642,KOTAKBANK,NSE 1h,1.0,True,0.0,0.5363653448599888
-0.2450815504301994,-0.04972325022764791,0.30360834429618494,423,0.6903073286052009,7.638297872340425,41,0.006711404997249466,-0.016819446560463944,0.04226619724914821,-0.28588343747308065,10642,KOTAKBANK,NSE 1h,1.0,True,2.0,0.5363653448599888
-0.5122709284368172,-0.08849258293100004,0.30360834429618494,423,0.6761229314420804,7.638297872340425,41,0.006242562097291668,-0.016662700730287222,-0.07893380275085192,-0.41848343747308075,10642,KOTAKBANK,NSE 1h,1.0,True,5.0,0.5363653448599888
-0.15605065988715852,-0.0540083538981545,0.5064837436572073,709,0.7038081805359662,7.602256699576869,42,0.007438886942469474,-0.0186529543306875,0.17343002887323747,-0.37854585402534574,10642,KOTAKBANK,NSE 1h,1.0,False,0.0,0.5363653448599888
-0.37757881085952555,-0.09700749965839345,0.5064837436572073,709,0.692524682651622,7.602256699576869,42,0.007156422430432074,-0.018360179993092918,0.0398300288732375,-0.5285458540253457,10642,KOTAKBANK,NSE 1h,1.0,False,2.0,0.5363653448599888
-0.7118934186463379,-0.15788413960532993,0.5064837436572073,709,0.6826516220028209,7.602256699576869,42,0.006653725806079221,-0.01837564051241978,-0.16056997112676263,-0.7535458540253459,10642,KOTAKBANK,NSE 1h,1.0,False,5.0,0.5363653448599888
-0.20808470628996634,-0.05513791834001362,0.401522270249953,558,0.6971326164874552,7.657706093189964,42,0.007495169421665752,-0.018674106778024353,0.05225841346168025,-0.2925615539198184,10642,KOTAKBANK,NSE 1h,1.5,True,0.0,0.7534298064273632
-0.404937509999686,-0.08911173315420635,0.401522270249953,558,0.6863799283154122,7.657706093189964,42,0.007209426358342751,-0.018426933918305213,-0.057341586538319736,-0.40616155391981834,10642,KOTAKBANK,NSE 1h,1.5,True,2.0,0.7534298064273632
-0.7018402127945423,-0.13780760634517458,0.401522270249953,558,0.6756272401433692,7.657706093189964,42,0.006717705785866168,-0.01840264210900378,-0.22174158653831977,-0.5765615539198183,10642,KOTAKBANK,NSE 1h,1.5,True,5.0,0.7534298064273632
-0.15605065988715852,-0.0540083538981545,0.5064837436572073,709,0.7038081805359662,7.602256699576869,42,0.007438886942469474,-0.0186529543306875,0.17343002887323747,-0.37854585402534574,10642,KOTAKBANK,NSE 1h,1.5,False,0.0,0.7534298064273632
-0.37757881085952555,-0.09700749965839345,0.5064837436572073,709,0.692524682651622,7.602256699576869,42,0.007156422430432074,-0.018360179993092918,0.0398300288732375,-0.5285458540253457,10642,KOTAKBANK,NSE 1h,1.5,False,2.0,0.7534298064273632
-0.7118934186463379,-0.15788413960532993,0.5064837436572073,709,0.6826516220028209,7.602256699576869,42,0.006653725806079221,-0.01837564051241978,-0.16056997112676263,-0.7535458540253459,10642,KOTAKBANK,NSE 1h,1.5,False,5.0,0.7534298064273632
-0.2962619305075896,-0.07581284916051342,0.4643863935350498,640,0.6953125,7.721875,42,0.007323835573742437,-0.018597118278168134,-0.022291597144737996,-0.34503963678266314,10642,KOTAKBANK,NSE 1h,2.0,True,0.0,0.8906220635218944
-0.5093493792044993,-0.11382034260885206,0.4643863935350498,640,0.6828125,7.721875,42,0.007053788694199691,-0.018255354154151065,-0.14709159714473805,-0.47623963678266296,10642,KOTAKBANK,NSE 1h,2.0,True,2.0,0.8906220635218944
-0.8308665835181297,-0.16793409415692354,0.4643863935350498,640,0.671875,7.721875,42,0.0065616407817801385,-0.01823255604806124,-0.334291597144738,-0.6730396367826631,10642,KOTAKBANK,NSE 1h,2.0,True,5.0,0.8906220635218944
-0.15605065988715852,-0.0540083538981545,0.5064837436572073,709,0.7038081805359662,7.602256699576869,42,0.007438886942469474,-0.0186529543306875,0.17343002887323747,-0.37854585402534574,10642,KOTAKBANK,NSE 1h,2.0,False,0.0,0.8906220635218944
-0.37757881085952555,-0.09700749965839345,0.5064837436572073,709,0.692524682651622,7.602256699576869,42,0.007156422430432074,-0.018360179993092918,0.0398300288732375,-0.5285458540253457,10642,KOTAKBANK,NSE 1h,2.0,False,2.0,0.8906220635218944
-0.7118934186463379,-0.15788413960532993,0.5064837436572073,709,0.6826516220028209,7.602256699576869,42,0.006653725806079221,-0.01837564051241978,-0.16056997112676263,-0.7535458540253459,10642,KOTAKBANK,NSE 1h,2.0,False,5.0,0.8906220635218944
-0.24153267252279162,-0.06921855087396302,0.4876902837812441,680,0.7,7.632352941176471,42,0.007380294884765356,-0.01873259208963038,0.09328216117949703,-0.4017105823157845,10642,KOTAKBANK,NSE 1h,3.0,True,0.0,0.9596880285660591
-0.4584971178118721,-0.10983476118718723,0.4876902837812441,680,0.6882352941176471,7.632352941176471,42,0.0071026051158081,-0.018417205732709798,-0.03751783882050291,-0.5429105823157843,10642,KOTAKBANK,NSE 1h,3.0,True,2.0,0.9596880285660591
-0.7858828145781896,-0.16747410980609237,0.4876902837812441,680,0.6779411764705883,7.632352941176471,42,0.006603945924074588,-0.018414828731208553,-0.233717838820503,-0.7547105823157845,10642,KOTAKBANK,NSE 1h,3.0,True,5.0,0.9596880285660591
-0.15605065988715852,-0.0540083538981545,0.5064837436572073,709,0.7038081805359662,7.602256699576869,42,0.007438886942469474,-0.0186529543306875,0.17343002887323747,-0.37854585402534574,10642,KOTAKBANK,NSE 1h,3.0,False,0.0,0.9596880285660591
-0.37757881085952555,-0.09700749965839345,0.5064837436572073,709,0.692524682651622,7.602256699576869,42,0.007156422430432074,-0.018360179993092918,0.0398300288732375,-0.5285458540253457,10642,KOTAKBANK,NSE 1h,3.0,False,2.0,0.9596880285660591
-0.7118934186463379,-0.15788413960532993,0.5064837436572073,709,0.6826516220028209,7.602256699576869,42,0.006653725806079221,-0.01837564051241978,-0.16056997112676263,-0.7535458540253459,10642,KOTAKBANK,NSE 1h,3.0,False,5.0,0.9596880285660591
-0.3532965426072807,-0.052978949148894346,0.17535945869749084,236,0.690677966101695,7.906779661016949,65,0.008395882190980936,-0.023108826379625143,0.1882601725608048,-0.5066757011435478,10641,BHARTIARTL,NSE 1h,0.5,True,0.0,0.274128371393666
-0.4740457358425523,-0.0675249002681392,0.17535945869749084,236,0.673728813559322,7.906779661016949,65,0.008202708432307125,-0.022299300900254233,0.1434601725608048,-0.5562757011435476,10641,BHARTIARTL,NSE 1h,0.5,True,2.0,0.274128371393666
-0.6562393529833929,-0.08893126081429087,0.17535945869749084,236,0.6567796610169492,7.906779661016949,65,0.007806426017220187,-0.021782858780887312,0.07626017256080475,-0.6306757011435479,10641,BHARTIARTL,NSE 1h,0.5,True,5.0,0.274128371393666
0.1346282822248457,0.002395894482094157,0.5172446198665539,753,0.7144754316069057,7.3094289508632135,68,0.00892587455677272,-0.02163768410326468,0.8216791359619965,-0.6716607066201788,10641,BHARTIARTL,NSE 1h,0.5,False,0.0,0.274128371393666
-0.06476941119928908,-0.04590746005953407,0.5172446198665539,753,0.6985391766268261,7.3094289508632135,68,0.008725133881772425,-0.020883709217931617,0.6664791359619966,-0.8176607066201788,10641,BHARTIARTL,NSE 1h,0.5,False,2.0,0.274128371393666
-0.3656153693453721,-0.11404980252373424,0.5172446198665539,753,0.6879150066401063,7.3094289508632135,68,0.008255634443345414,-0.020763405158770672,0.43367913596199636,-1.0366607066201787,10641,BHARTIARTL,NSE 1h,0.5,False,5.0,0.274128371393666
-0.35023289217525144,-0.07713488088044185,0.30880556338689974,422,0.7037914691943128,7.786729857819905,68,0.008725608476390801,-0.02429949636324907,0.3739727863961474,-0.8199041143142134,10641,BHARTIARTL,NSE 1h,1.0,True,0.0,0.5129217178836576
-0.5042164248180313,-0.10233056342833298,0.30880556338689974,422,0.6824644549763034,7.786729857819905,68,0.008592239526029742,-0.023054450085183815,0.2923727863961475,-0.9071041143142131,10641,BHARTIARTL,NSE 1h,1.0,True,2.0,0.5129217178836576
-0.7364355015365638,-0.1388491138147261,0.30880556338689974,422,0.6706161137440758,7.786729857819905,68,0.008138713659339774,-0.022814297075620302,0.1699727863961473,-1.0379041143142134,10641,BHARTIARTL,NSE 1h,1.0,True,5.0,0.5129217178836576
0.1346282822248457,0.002395894482094157,0.5172446198665539,753,0.7144754316069057,7.3094289508632135,68,0.00892587455677272,-0.02163768410326468,0.8216791359619965,-0.6716607066201788,10641,BHARTIARTL,NSE 1h,1.0,False,0.0,0.5129217178836576
-0.06476941119928908,-0.04590746005953407,0.5172446198665539,753,0.6985391766268261,7.3094289508632135,68,0.008725133881772425,-0.020883709217931617,0.6664791359619966,-0.8176607066201788,10641,BHARTIARTL,NSE 1h,1.0,False,2.0,0.5129217178836576
-0.3656153693453721,-0.11404980252373424,0.5172446198665539,753,0.6879150066401063,7.3094289508632135,68,0.008255634443345414,-0.020763405158770672,0.43367913596199636,-1.0366607066201787,10641,BHARTIARTL,NSE 1h,1.0,False,5.0,0.5129217178836576
-0.2328674368502152,-0.06935244816413627,0.41584437552861575,583,0.7066895368782161,7.590051457975986,68,0.00852168381018214,-0.022610659724914377,0.5122349895011156,-0.8677240726664324,10641,BHARTIARTL,NSE 1h,1.5,True,0.0,0.7349873132224415
-0.4150459601543462,-0.1042712759123628,0.41584437552861575,583,0.6895368782161235,7.590051457975986,68,0.008329244565277361,-0.02175163203539677,0.39423498950111563,-0.9829240726664323,10641,BHARTIARTL,NSE 1h,1.5,True,2.0,0.7349873132224415
-0.6898521428705678,-0.15422044680266178,0.41584437552861575,583,0.6809605488850772,7.590051457975986,68,0.007830345837123652,-0.02175879774464197,0.21723498950111542,-1.1557240726664324,10641,BHARTIARTL,NSE 1h,1.5,True,5.0,0.7349873132224415
0.1346282822248457,0.002395894482094157,0.5172446198665539,753,0.7144754316069057,7.3094289508632135,68,0.00892587455677272,-0.02163768410326468,0.8216791359619965,-0.6716607066201788,10641,BHARTIARTL,NSE 1h,1.5,False,0.0,0.7349873132224415
-0.06476941119928908,-0.04590746005953407,0.5172446198665539,753,0.6985391766268261,7.3094289508632135,68,0.008725133881772425,-0.020883709217931617,0.6664791359619966,-0.8176607066201788,10641,BHARTIARTL,NSE 1h,1.5,False,2.0,0.7349873132224415
-0.3656153693453721,-0.11404980252373424,0.5172446198665539,753,0.6879150066401063,7.3094289508632135,68,0.008255634443345414,-0.020763405158770672,0.43367913596199636,-1.0366607066201787,10641,BHARTIARTL,NSE 1h,1.5,False,5.0,0.7349873132224415
-0.17278450032010992,-0.06403057756270536,0.47354571938727563,673,0.711738484398217,7.487369985141159,68,0.008550915398256417,-0.02259327248103252,0.4943611783148212,-0.7815675638703063,10641,BHARTIARTL,NSE 1h,2.0,True,0.0,0.8731322244149986
-0.36660638465516554,-0.10445235206584282,0.47354571938727563,673,0.6968796433878157,7.487369985141159,68,0.008329447891708489,-0.02187704630768023,0.35476117831482135,-0.9111675638703062,10641,BHARTIARTL,NSE 1h,2.0,True,2.0,0.8731322244149986
-0.6589632583943424,-0.16184936035630218,0.47354571938727563,673,0.6864784546805349,7.487369985141159,68,0.007850082480602849,-0.02173907341987678,0.1453611783148212,-1.1055675638703062,10641,BHARTIARTL,NSE 1h,2.0,True,5.0,0.8731322244149986
0.1346282822248457,0.002395894482094157,0.5172446198665539,753,0.7144754316069057,7.3094289508632135,68,0.00892587455677272,-0.02163768410326468,0.8216791359619965,-0.6716607066201788,10641,BHARTIARTL,NSE 1h,2.0,False,0.0,0.8731322244149986
-0.06476941119928908,-0.04590746005953407,0.5172446198665539,753,0.6985391766268261,7.3094289508632135,68,0.008725133881772425,-0.020883709217931617,0.6664791359619966,-0.8176607066201788,10641,BHARTIARTL,NSE 1h,2.0,False,2.0,0.8731322244149986
-0.3656153693453721,-0.11404980252373424,0.5172446198665539,753,0.6879150066401063,7.3094289508632135,68,0.008255634443345414,-0.020763405158770672,0.43367913596199636,-1.0366607066201787,10641,BHARTIARTL,NSE 1h,2.0,False,5.0,0.8731322244149986
0.07245926581190837,-0.01242197439163373,0.5009867493656611,723,0.7136929460580913,7.373443983402489,68,0.008872872495148516,-0.021853774029331263,0.7379155320785968,-0.6832445486535345,10641,BHARTIARTL,NSE 1h,3.0,True,0.0,0.9604360492434921
-0.12164129369655735,-0.058161123648898215,0.5009867493656611,723,0.6970954356846473,7.373443983402489,68,0.008679567693978586,-0.021045804266393353,0.588715532078597,-0.8232445486535345,10641,BHARTIARTL,NSE 1h,3.0,True,2.0,0.9604360492434921
-0.4144446620345634,-0.12284427492103268,0.5009867493656611,723,0.686030428769018,7.373443983402489,68,0.008215121648398865,-0.020894402441324997,0.36491553207859684,-1.0332445486535347,10641,BHARTIARTL,NSE 1h,3.0,True,5.0,0.9604360492434921
0.1346282822248457,0.002395894482094157,0.5172446198665539,753,0.7144754316069057,7.3094289508632135,68,0.00892587455677272,-0.02163768410326468,0.8216791359619965,-0.6716607066201788,10641,BHARTIARTL,NSE 1h,3.0,False,0.0,0.9604360492434921
-0.06476941119928908,-0.04590746005953407,0.5172446198665539,753,0.6985391766268261,7.3094289508632135,68,0.008725133881772425,-0.020883709217931617,0.6664791359619966,-0.8176607066201788,10641,BHARTIARTL,NSE 1h,3.0,False,2.0,0.9604360492434921
-0.3656153693453721,-0.11404980252373424,0.5172446198665539,753,0.6879150066401063,7.3094289508632135,68,0.008255634443345414,-0.020763405158770672,0.43367913596199636,-1.0366607066201787,10641,BHARTIARTL,NSE 1h,3.0,False,5.0,0.9604360492434921
-1.0659946838936578,-0.14498979595410275,0.1407630144709641,154,0.6103896103896104,9.727272727272727,38,0.008955352300373459,-0.029228967724215262,-0.3157710192933831,-0.5961639279244277,10642,SBIN,NSE 1h,0.5,True,0.0,0.20813756812629206
-1.1413013727074777,-0.15358384560363764,0.1407630144709641,154,0.5974025974025974,9.727272727272727,38,0.008747055235907294,-0.028681677885827126,-0.34537101929338315,-0.6281639279244278,10642,SBIN,NSE 1h,0.5,True,2.0,0.20813756812629206
-1.2544531933014036,-0.16631637580415323,0.1407630144709641,154,0.5844155844155844,9.727272727272727,38,0.008333661219321838,-0.028374444639949627,-0.3897710192933831,-0.6761639279244278,10642,SBIN,NSE 1h,0.5,True,5.0,0.20813756812629206
-1.4962701715467897,-0.3446974878796826,0.5462319112948694,631,0.618066561014263,9.212361331220285,46,0.008992531269422094,-0.024477531037832564,-0.7261545702400604,-1.6658432148029707,10642,SBIN,NSE 1h,0.5,False,0.0,0.20813756812629206
-1.6592849257737825,-0.3712691135406484,0.5462319112948694,631,0.6038034865293186,9.212361331220285,46,0.008800717720051891,-0.023989884945531205,-0.8457545702400602,-1.7986432148029703,10642,SBIN,NSE 1h,0.5,False,2.0,0.20813756812629206
-1.9045666619308983,-0.4091292190607662,0.5462319112948694,631,0.5927099841521395,9.212361331220285,46,0.008357957416872392,-0.02392557921771714,-1.0251545702400602,-1.9978432148029703,10642,SBIN,NSE 1h,0.5,False,5.0,0.20813756812629206
-1.501183198830824,-0.2532491752309093,0.29017102048487126,310,0.567741935483871,9.961290322580645,43,0.008833878445977987,-0.024230236133397115,-0.5679831987027382,-1.1241058366803496,10642,SBIN,NSE 1h,1.0,True,0.0,0.45583536929148655
-1.6152977037290694,-0.2682839512047382,0.29017102048487126,310,0.5483870967741935,9.961290322580645,43,0.008738547829353252,-0.023583158331236715,-0.6279831987027381,-1.1881058366803494,10642,SBIN,NSE 1h,1.0,True,2.0,0.45583536929148655
-1.7868193684374478,-0.2902758556694098,0.29017102048487126,310,0.5387096774193548,9.961290322580645,43,0.00828837640227661,-0.023680055206736234,-0.7179831987027381,-1.2841058366803493,10642,SBIN,NSE 1h,1.0,True,5.0,0.45583536929148655
-1.4962701715467897,-0.3446974878796826,0.5462319112948694,631,0.618066561014263,9.212361331220285,46,0.008992531269422094,-0.024477531037832564,-0.7261545702400604,-1.6658432148029707,10642,SBIN,NSE 1h,1.0,False,0.0,0.45583536929148655
-1.6592849257737825,-0.3712691135406484,0.5462319112948694,631,0.6038034865293186,9.212361331220285,46,0.008800717720051891,-0.023989884945531205,-0.8457545702400602,-1.7986432148029703,10642,SBIN,NSE 1h,1.0,False,2.0,0.45583536929148655
-1.9045666619308983,-0.4091292190607662,0.5462319112948694,631,0.5927099841521395,9.212361331220285,46,0.008357957416872392,-0.02392557921771714,-1.0251545702400602,-1.9978432148029703,10642,SBIN,NSE 1h,1.0,False,5.0,0.45583536929148655
-1.497054322213004,-0.2897150239785034,0.40838188310467954,463,0.6155507559395248,9.386609071274298,43,0.00840099961800251,-0.02450533559322611,-0.68762265819221,-1.2800421862713227,10642,SBIN,NSE 1h,1.5,True,0.0,0.7037211050554407
-1.643052718661232,-0.31096828272613874,0.40838188310467954,463,0.6004319654427646,9.386609071274298,43,0.008208273935370252,-0.023971702694575475,-0.7748226581922101,-1.3780421862713224,10642,SBIN,NSE 1h,1.5,True,2.0,0.7037211050554407
-1.862647124949407,-0.3416692296221439,0.40838188310467954,463,0.5853131749460043,9.386609071274298,43,0.007811426116627763,-0.023685215219112793,-0.9056226581922102,-1.5250421862713226,10642,SBIN,NSE 1h,1.5,True,5.0,0.7037211050554407
-1.4962701715467897,-0.3446974878796826,0.5462319112948694,631,0.618066561014263,9.212361331220285,46,0.008992531269422094,-0.024477531037832564,-0.7261545702400604,-1.6658432148029707,10642,SBIN,NSE 1h,1.5,False,0.0,0.7037211050554407
-1.6592849257737825,-0.3712691135406484,0.5462319112948694,631,0.6038034865293186,9.212361331220285,46,0.008800717720051891,-0.023989884945531205,-0.8457545702400602,-1.7986432148029703,10642,SBIN,NSE 1h,1.5,False,2.0,0.7037211050554407
-1.9045666619308983,-0.4091292190607662,0.5462319112948694,631,0.5927099841521395,9.212361331220285,46,0.008357957416872392,-0.02392557921771714,-1.0251545702400602,-1.9978432148029703,10642,SBIN,NSE 1h,1.5,False,5.0,0.7037211050554407
-1.4747499993425122,-0.31372693828373277,0.476038338658147,547,0.6124314442413162,9.261425959780622,43,0.008548344358220841,-0.023615974940838422,-0.6332025481143789,-1.5096887793393843,10642,SBIN,NSE 1h,2.0,True,0.0,0.8587671490321368
-1.6302546980231627,-0.33791839302254756,0.476038338658147,547,0.5978062157221207,9.261425959780622,43,0.008352876314551295,-0.02315037219232744,-0.7352025481143789,-1.6264887793393843,10642,SBIN,NSE 1h,2.0,True,2.0,0.8587671490321368
-1.8642041696952982,-0.37262450894289273,0.476038338658147,547,0.5850091407678245,9.261425959780622,43,0.007926853679464932,-0.023024160814460536,-0.8882025481143789,-1.801688779339384,10642,SBIN,NSE 1h,2.0,True,5.0,0.8587671490321368
-1.4962701715467897,-0.3446974878796826,0.5462319112948694,631,0.618066561014263,9.212361331220285,46,0.008992531269422094,-0.024477531037832564,-0.7261545702400604,-1.6658432148029707,10642,SBIN,NSE 1h,2.0,False,0.0,0.8587671490321368
-1.6592849257737825,-0.3712691135406484,0.5462319112948694,631,0.6038034865293186,9.212361331220285,46,0.008800717720051891,-0.023989884945531205,-0.8457545702400602,-1.7986432148029703,10642,SBIN,NSE 1h,2.0,False,2.0,0.8587671490321368
-1.9045666619308983,-0.4091292190607662,0.5462319112948694,631,0.5927099841521395,9.212361331220285,46,0.008357957416872392,-0.02392557921771714,-1.0251545702400602,-1.9978432148029703,10642,SBIN,NSE 1h,2.0,False,5.0,0.8587671490321368
-1.5033473801818633,-0.3442201723886545,0.5246194324375117,603,0.6135986733001658,9.25870646766169,43,0.009175464199555585,-0.024818862691050658,-0.7611876004702344,-1.6266856527090021,10642,SBIN,NSE 1h,3.0,True,0.0,0.9595000939672994
-1.6600561594887042,-0.3696536530576726,0.5246194324375117,603,0.5986733001658375,9.25870646766169,43,0.008999745180334405,-0.024289178773884125,-0.8763876004702341,-1.7526856527090025,10642,SBIN,NSE 1h,3.0,True,2.0,0.9595000939672994
-1.8958211921890737,-0.4059751761960597,0.5246194324375117,603,0.5870646766169154,9.25870646766169,43,0.008569804047093855,-0.024195116007431572,-1.0491876004702343,-1.9416856527090023,10642,SBIN,NSE 1h,3.0,True,5.0,0.9595000939672994
-1.4962701715467897,-0.3446974878796826,0.5462319112948694,631,0.618066561014263,9.212361331220285,46,0.008992531269422094,-0.024477531037832564,-0.7261545702400604,-1.6658432148029707,10642,SBIN,NSE 1h,3.0,False,0.0,0.9595000939672994
-1.6592849257737825,-0.3712691135406484,0.5462319112948694,631,0.6038034865293186,9.212361331220285,46,0.008800717720051891,-0.023989884945531205,-0.8457545702400602,-1.7986432148029703,10642,SBIN,NSE 1h,3.0,False,2.0,0.9595000939672994
-1.9045666619308983,-0.4091292190607662,0.5462319112948694,631,0.5927099841521395,9.212361331220285,46,0.008357957416872392,-0.02392557921771714,-1.0251545702400602,-1.9978432148029703,10642,SBIN,NSE 1h,3.0,False,5.0,0.9595000939672994
-1.2753802005654675,-0.14212524427507156,0.18793459875963164,210,0.6523809523809524,9.523809523809524,58,0.007090428647372287,-0.02561329474450731,-0.11752145875691326,-0.780860332902117,10642,MARUTI,NSE 1h,0.5,True,0.0,0.249483179853411
-1.3981287675072087,-0.15387439182155047,0.18793459875963164,210,0.6476190476190476,9.523809523809524,58,0.006740041740273472,-0.025662533355894895,-0.15872145875691324,-0.8236603329021169,10642,MARUTI,NSE 1h,0.5,True,2.0,0.249483179853411
-1.5825270907943128,-0.17120137298132912,0.18793459875963164,210,0.638095238095238,9.523809523809524,58,0.006236341666805398,-0.02557962598698623,-0.22052145875691329,-0.8878603329021171,10642,MARUTI,NSE 1h,0.5,True,5.0,0.249483179853411
-1.518616720634897,-0.2955622714165323,0.5592933659086637,699,0.6781115879828327,8.515021459227468,58,0.0070803559144912,-0.02385416540418594,-0.6441095786591402,-1.3669889338138683,10642,MARUTI,NSE 1h,0.5,False,0.0,0.249483179853411
-1.7363596279195213,-0.3271503759043352,0.5592933659086637,699,0.6723891273247496,8.515021459227468,58,0.006738877990493909,-0.02383393523146352,-0.78490957865914,-1.5057889338138681,10642,MARUTI,NSE 1h,0.5,False,2.0,0.249483179853411
-2.064306945340852,-0.3719074163551118,0.5592933659086637,699,0.6566523605150214,8.515021459227468,58,0.006293684800976303,-0.023328749317171382,-0.9961095786591403,-1.7139889338138685,10642,MARUTI,NSE 1h,0.5,False,5.0,0.249483179853411
-1.5603987889313407,-0.22298607625564773,0.3205224581845518,369,0.6558265582655827,9.24390243902439,58,0.006989752303521443,-0.024950823959809642,-0.41309380224651027,-1.0641407831971252,10642,MARUTI,NSE 1h,1.0,True,0.0,0.47932719413644054
-1.7217277308682029,-0.24158297554361738,0.3205224581845518,369,0.6449864498644986,9.24390243902439,58,0.006703798359308815,-0.024582737366100255,-0.4870938022465102,-1.1377407831971251,10642,MARUTI,NSE 1h,1.0,True,2.0,0.47932719413644054
-1.964356442210481,-0.2686537443091564,0.3205224581845518,369,0.6314363143631436,9.24390243902439,58,0.00624244157279449,-0.02427002552871141,-0.5980938022465103,-1.2481407831971252,10642,MARUTI,NSE 1h,1.0,True,5.0,0.47932719413644054
-1.518616720634897,-0.2955622714165323,0.5592933659086637,699,0.6781115879828327,8.515021459227468,58,0.0070803559144912,-0.02385416540418594,-0.6441095786591402,-1.3669889338138683,10642,MARUTI,NSE 1h,1.0,False,0.0,0.47932719413644054
-1.7363596279195213,-0.3271503759043352,0.5592933659086637,699,0.6723891273247496,8.515021459227468,58,0.006738877990493909,-0.02383393523146352,-0.78490957865914,-1.5057889338138681,10642,MARUTI,NSE 1h,1.0,False,2.0,0.47932719413644054
-2.064306945340852,-0.3719074163551118,0.5592933659086637,699,0.6566523605150214,8.515021459227468,58,0.006293684800976303,-0.023328749317171382,-0.9961095786591403,-1.7139889338138685,10642,MARUTI,NSE 1h,1.0,False,5.0,0.47932719413644054
-1.8055030981735345,-0.2906026129375511,0.44446532606652883,534,0.6573033707865169,8.857677902621722,58,0.006756692782693776,-0.023942475657425293,-0.6447846502179652,-1.3650892283653477,10642,MARUTI,NSE 1h,1.5,True,0.0,0.7365156925389964
-2.0045392477735455,-0.31503768686633055,0.44446532606652883,534,0.649812734082397,8.857677902621722,58,0.0064322280080369556,-0.023825973247979342,-0.753584650217965,-1.4698892283653477,10642,MARUTI,NSE 1h,1.5,True,2.0,0.7365156925389964
-2.3041502231235187,-0.3501298077549373,0.44446532606652883,534,0.6367041198501873,8.857677902621722,58,0.005959227751075866,-0.023556759350253132,-0.9167846502179652,-1.627089228365348,10642,MARUTI,NSE 1h,1.5,True,5.0,0.7365156925389964
-1.518616720634897,-0.2955622714165323,0.5592933659086637,699,0.6781115879828327,8.515021459227468,58,0.0070803559144912,-0.02385416540418594,-0.6441095786591402,-1.3669889338138683,10642,MARUTI,NSE 1h,1.5,False,0.0,0.7365156925389964
-1.7363596279195213,-0.3271503759043352,0.5592933659086637,699,0.6723891273247496,8.515021459227468,58,0.006738877990493909,-0.02383393523146352,-0.78490957865914,-1.5057889338138681,10642,MARUTI,NSE 1h,1.5,False,2.0,0.7365156925389964
-2.064306945340852,-0.3719074163551118,0.5592933659086637,699,0.6566523605150214,8.515021459227468,58,0.006293684800976303,-0.023328749317171382,-0.9961095786591403,-1.7139889338138685,10642,MARUTI,NSE 1h,1.5,False,5.0,0.7365156925389964
-1.5478940690315561,-0.2772174511533075,0.5028190189813945,628,0.678343949044586,8.520700636942674,58,0.006916341104509787,-0.02388946376222884,-0.4875775878571378,-1.3917327815919194,10642,MARUTI,NSE 1h,2.0,True,0.0,0.8775606089081
-1.7618660230943908,-0.3064057238377869,0.5028190189813945,628,0.6719745222929936,8.520700636942674,58,0.0065799650772144025,-0.023821629281716186,-0.6163775878571377,-1.5141327815919192,10642,MARUTI,NSE 1h,2.0,True,2.0,0.8775606089081
-2.084116915870581,-0.3480030523199216,0.5028190189813945,628,0.6576433121019108,8.520700636942674,58,0.006117226163852571,-0.023412673372651946,-0.8095775878571381,-1.6977327815919194,10642,MARUTI,NSE 1h,2.0,True,5.0,0.8775606089081
-1.518616720634897,-0.2955622714165323,0.5592933659086637,699,0.6781115879828327,8.515021459227468,58,0.0070803559144912,-0.02385416540418594,-0.6441095786591402,-1.3669889338138683,10642,MARUTI,NSE 1h,2.0,False,0.0,0.8775606089081
-1.7363596279195213,-0.3271503759043352,0.5592933659086637,699,0.6723891273247496,8.515021459227468,58,0.006738877990493909,-0.02383393523146352,-0.78490957865914,-1.5057889338138681,10642,MARUTI,NSE 1h,2.0,False,2.0,0.8775606089081
-2.064306945340852,-0.3719074163551118,0.5592933659086637,699,0.6566523605150214,8.515021459227468,58,0.006293684800976303,-0.023328749317171382,-0.9961095786591403,-1.7139889338138685,10642,MARUTI,NSE 1h,2.0,False,5.0,0.8775606089081
-1.4885285506319967,-0.2891727407122747,0.5370231159556474,673,0.6790490341753344,8.49182763744428,58,0.007170543427638858,-0.02423704726442544,-0.627428231197654,-1.3308356314872836,10642,MARUTI,NSE 1h,3.0,True,0.0,0.9591242247697801
-1.6995912312363757,-0.3198874391261408,0.5370231159556474,673,0.6731054977711739,8.49182763744428,58,0.0068320580540712295,-0.024192664368996385,-0.7642282311976539,-1.4632356314872832,10642,MARUTI,NSE 1h,3.0,True,2.0,0.9591242247697801
-2.017442157148574,-0.36349957469553607,0.5370231159556474,673,0.6582466567607727,8.49182763744428,58,0.006379799669912644,-0.023728326593287996,-0.9694282311976541,-1.6618356314872837,10642,MARUTI,NSE 1h,3.0,True,5.0,0.9591242247697801
-1.518616720634897,-0.2955622714165323,0.5592933659086637,699,0.6781115879828327,8.515021459227468,58,0.0070803559144912,-0.02385416540418594,-0.6441095786591402,-1.3669889338138683,10642,MARUTI,NSE 1h,3.0,False,0.0,0.9591242247697801
-1.7363596279195213,-0.3271503759043352,0.5592933659086637,699,0.6723891273247496,8.515021459227468,58,0.006738877990493909,-0.02383393523146352,-0.78490957865914,-1.5057889338138681,10642,MARUTI,NSE 1h,3.0,False,2.0,0.9591242247697801
-2.064306945340852,-0.3719074163551118,0.5592933659086637,699,0.6566523605150214,8.515021459227468,58,0.006293684800976303,-0.023328749317171382,-0.9961095786591403,-1.7139889338138685,10642,MARUTI,NSE 1h,3.0,False,5.0,0.9591242247697801
-0.4704676760984814,-0.047007337028991535,0.15748919376057133,204,0.7156862745098039,8.215686274509803,55,0.006367437624344387,-0.02079553455303466,0.06134514173781574,-0.33784025265954565,10642,HINDUNILVR,NSE 1h,0.5,True,0.0,0.23754933283217441
-0.6165903295499137,-0.05968488863932978,0.15748919376057133,204,0.7058823529411765,8.215686274509803,55,0.00605402078804046,-0.020497901739992608,0.020545141737815756,-0.37864025265954576,10642,HINDUNILVR,NSE 1h,0.5,True,2.0,0.23754933283217441
-0.8370602826728663,-0.07839032400818419,0.15748919376057133,204,0.6911764705882353,8.215686274509803,55,0.005571560557218659,-0.020096589674437476,-0.04065485826218427,-0.4398402526595457,10642,HINDUNILVR,NSE 1h,0.5,True,5.0,0.23754933283217441
0.18881597860682828,0.01772365452033661,0.5080811877466641,753,0.7250996015936255,7.180610889774236,55,0.006080303518273677,-0.015137355406689043,0.4407049298381762,-0.25429177804538106,10642,HINDUNILVR,NSE 1h,0.5,False,0.0,0.23754933283217441
-0.10434309666138057,-0.03136320703014927,0.5080811877466641,753,0.7144754316069057,7.180610889774236,55,0.005768230351258313,-0.014967882684577568,0.29670492983817626,-0.41149177804538095,10642,HINDUNILVR,NSE 1h,0.5,False,2.0,0.23754933283217441
-0.5475807749963477,-0.10060687658330074,0.5080811877466641,753,0.6892430278884463,7.180610889774236,55,0.005367358775697993,-0.01432583783245497,0.08070492983817626,-0.647291778045381,10642,HINDUNILVR,NSE 1h,0.5,False,5.0,0.23754933283217441
-0.36059827302012926,-0.05248103588872659,0.28302950573200525,381,0.7007874015748031,7.905511811023622,55,0.006562736928837107,-0.017884706087430008,0.14783870270961905,-0.43444443667713273,10642,HINDUNILVR,NSE 1h,1.0,True,0.0,0.47415899267055067
-0.5597740485716594,-0.07588308220507645,0.28302950573200525,381,0.6929133858267716,7.905511811023622,55,0.006234819704009795,-0.01782049688740256,0.07383870270961904,-0.5128444366771325,10642,HINDUNILVR,NSE 1h,1.0,True,2.0,0.47415899267055067
-0.860637427424493,-0.10991522909633497,0.28302950573200525,381,0.6719160104986877,7.905511811023622,55,0.005817019111488145,-0.017254101012067823,-0.037161297290381014,-0.6304444366771327,10642,HINDUNILVR,NSE 1h,1.0,True,5.0,0.47415899267055067
0.18881597860682828,0.01772365452033661,0.5080811877466641,753,0.7250996015936255,7.180610889774236,55,0.006080303518273677,-0.015137355406689043,0.4407049298381762,-0.25429177804538106,10642,HINDUNILVR,NSE 1h,1.0,False,0.0,0.47415899267055067
-0.10434309666138057,-0.03136320703014927,0.5080811877466641,753,0.7144754316069057,7.180610889774236,55,0.005768230351258313,-0.014967882684577568,0.29670492983817626,-0.41149177804538095,10642,HINDUNILVR,NSE 1h,1.0,False,2.0,0.47415899267055067
-0.5475807749963477,-0.10060687658330074,0.5080811877466641,753,0.6892430278884463,7.180610889774236,55,0.005367358775697993,-0.01432583783245497,0.08070492983817626,-0.647291778045381,10642,HINDUNILVR,NSE 1h,1.0,False,5.0,0.47415899267055067
-0.06057443839937276,-0.018951715942475012,0.38582973125352377,546,0.7161172161172161,7.52014652014652,55,0.006431632004287969,-0.016612244139302394,0.18284605156163064,-0.24297577947690602,10642,HINDUNILVR,NSE 1h,1.5,True,0.0,0.7024995301635031
-0.3111155447224007,-0.053490114199420284,0.38582973125352377,546,0.7087912087912088,7.52014652014652,55,0.006095528322366758,-0.016588045211768623,0.07724605156163064,-0.3557757794769061,10642,HINDUNILVR,NSE 1h,1.5,True,2.0,0.7024995301635031
-0.690015252513085,-0.10304328538487878,0.38582973125352377,546,0.6868131868131868,7.52014652014652,55,0.005678125450284303,-0.015996647788139702,-0.0811539484383694,-0.524975779476906,10642,HINDUNILVR,NSE 1h,1.5,True,5.0,0.7024995301635031
0.18881597860682828,0.01772365452033661,0.5080811877466641,753,0.7250996015936255,7.180610889774236,55,0.006080303518273677,-0.015137355406689043,0.4407049298381762,-0.25429177804538106,10642,HINDUNILVR,NSE 1h,1.5,False,0.0,0.7024995301635031
-0.10434309666138057,-0.03136320703014927,0.5080811877466641,753,0.7144754316069057,7.180610889774236,55,0.005768230351258313,-0.014967882684577568,0.29670492983817626,-0.41149177804538095,10642,HINDUNILVR,NSE 1h,1.5,False,2.0,0.7024995301635031
-0.5475807749963477,-0.10060687658330074,0.5080811877466641,753,0.6892430278884463,7.180610889774236,55,0.005367358775697993,-0.01432583783245497,0.08070492983817626,-0.647291778045381,10642,HINDUNILVR,NSE 1h,1.5,False,5.0,0.7024995301635031
0.04703087033673062,-0.004888065839574391,0.4623191129486939,671,0.713859910581222,7.332339791356185,55,0.0062127164544021245,-0.015273940217156168,0.25993243308485386,-0.2166377731202204,10642,HINDUNILVR,NSE 1h,2.0,True,0.0,0.8702311595564743
-0.23637408507726115,-0.04777192367825019,0.4623191129486939,671,0.7049180327868853,7.332339791356185,55,0.005889021027940795,-0.015205112556825067,0.13353243308485385,-0.35863777312022027,10642,HINDUNILVR,NSE 1h,2.0,True,2.0,0.8702311595564743
-0.6649630808190995,-0.10867232381934873,0.4623191129486939,671,0.684053651266766,7.332339791356185,55,0.0054568599745033995,-0.014775490888360502,-0.056067566915146194,-0.5716377731202205,10642,HINDUNILVR,NSE 1h,2.0,True,5.0,0.8702311595564743
0.18881597860682828,0.01772365452033661,0.5080811877466641,753,0.7250996015936255,7.180610889774236,55,0.006080303518273677,-0.015137355406689043,0.4407049298381762,-0.25429177804538106,10642,HINDUNILVR,NSE 1h,2.0,False,0.0,0.8702311595564743
-0.10434309666138057,-0.03136320703014927,0.5080811877466641,753,0.7144754316069057,7.180610889774236,55,0.005768230351258313,-0.014967882684577568,0.29670492983817626,-0.41149177804538095,10642,HINDUNILVR,NSE 1h,2.0,False,2.0,0.8702311595564743
-0.5475807749963477,-0.10060687658330074,0.5080811877466641,753,0.6892430278884463,7.180610889774236,55,0.005367358775697993,-0.01432583783245497,0.08070492983817626,-0.647291778045381,10642,HINDUNILVR,NSE 1h,2.0,False,5.0,0.8702311595564743
0.13110710758763047,0.007902415527197247,0.4922946814508551,722,0.7202216066481995,7.256232686980609,55,0.006132944181648288,-0.01516445556909756,0.3654821988993303,-0.23957124939992777,10642,HINDUNILVR,NSE 1h,3.0,True,0.0,0.9618492764517947
-0.1530437299511007,-0.03875599771280748,0.4922946814508551,722,0.7091412742382271,7.256232686980609,55,0.005826158559485654,-0.014980391585510724,0.22828219889933027,-0.3911712493999277,10642,HINDUNILVR,NSE 1h,3.0,True,2.0,0.9618492764517947
-0.5825888457267784,-0.10474104884127787,0.4922946814508551,722,0.6842105263157895,7.256232686980609,55,0.005425942352666882,-0.014370634090868585,0.022482198899330258,-0.6185712493999278,10642,HINDUNILVR,NSE 1h,3.0,True,5.0,0.9618492764517947
0.18881597860682828,0.01772365452033661,0.5080811877466641,753,0.7250996015936255,7.180610889774236,55,0.006080303518273677,-0.015137355406689043,0.4407049298381762,-0.25429177804538106,10642,HINDUNILVR,NSE 1h,3.0,False,0.0,0.9618492764517947
-0.10434309666138057,-0.03136320703014927,0.5080811877466641,753,0.7144754316069057,7.180610889774236,55,0.005768230351258313,-0.014967882684577568,0.29670492983817626,-0.41149177804538095,10642,HINDUNILVR,NSE 1h,3.0,False,2.0,0.9618492764517947
-0.5475807749963477,-0.10060687658330074,0.5080811877466641,753,0.6892430278884463,7.180610889774236,55,0.005367358775697993,-0.01432583783245497,0.08070492983817626,-0.647291778045381,10642,HINDUNILVR,NSE 1h,3.0,False,5.0,0.9618492764517947
-0.21340836320642442,-0.029461043919461506,0.16500751314800902,224,0.7053571428571429,7.84375,38,0.006946316467992069,-0.018900560412661527,0.03887031952196146,-0.18878930481487521,10648,ASIANPAINT,NSE 1h,0.5,True,0.0,0.2555409466566491
-0.346936785690945,-0.04361895145388313,0.16500751314800902,224,0.7008928571428571,7.84375,38,0.006588091000855091,-0.0190126757078681,-0.0011296804780385299,-0.23838930481487522,10648,ASIANPAINT,NSE 1h,0.5,True,2.0,0.2555409466566491
-0.5482908127166789,-0.06447465666285629,0.16500751314800902,224,0.6785714285714286,7.84375,38,0.006193644893662994,-0.018268791793467902,-0.06112968047803855,-0.3127893048148752,10648,ASIANPAINT,NSE 1h,0.5,True,5.0,0.2555409466566491
-0.49834464561663944,-0.11384024115021103,0.5240420736288505,724,0.7058011049723757,7.698895027624309,59,0.007038021799889156,-0.019759576890547845,-0.09771265030007104,-0.514648087643261,10648,ASIANPAINT,NSE 1h,0.5,False,0.0,0.2555409466566491
-0.7367553463636712,-0.15497052863489777,0.5240420736288505,724,0.6961325966850829,7.698895027624309,59,0.006731566462984159,-0.019521228342215223,-0.22691265030007082,-0.675048087643261,10648,ASIANPAINT,NSE 1h,0.5,False,2.0,0.2555409466566491
-1.0963842193051199,-0.21312838941957307,0.5240420736288505,724,0.6726519337016574,7.698895027624309,59,0.006355939753848668,-0.01869917045598158,-0.4207126503000708,-0.9156480876432609,10648,ASIANPAINT,NSE 1h,0.5,False,5.0,0.2555409466566491
-0.5676910091618806,-0.09431880674099859,0.29564237415477085,388,0.7036082474226805,8.097938144329897,49,0.007123036867610807,-0.021385521793260486,-0.24025417837607246,-0.2744917629911332,10648,ASIANPAINT,NSE 1h,1.0,True,0.0,0.49840345604808417
-0.7358923828324931,-0.11710599300948864,0.29564237415477085,388,0.6932989690721649,8.097938144329897,49,0.00682390877128044,-0.021055272275980207,-0.3094541783760725,-0.36049176299113317,10648,ASIANPAINT,NSE 1h,1.0,True,2.0,0.49840345604808417
-0.9894656617389549,-0.15022440192321013,0.29564237415477085,388,0.6726804123711341,8.097938144329897,49,0.00642128891183879,-0.020304742892575833,-0.4132541783760725,-0.48949176299113323,10648,ASIANPAINT,NSE 1h,1.0,True,5.0,0.49840345604808417
-0.49834464561663944,-0.11384024115021103,0.5240420736288505,724,0.7058011049723757,7.698895027624309,59,0.007038021799889156,-0.019759576890547845,-0.09771265030007104,-0.514648087643261,10648,ASIANPAINT,NSE 1h,1.0,False,0.0,0.49840345604808417
-0.7367553463636712,-0.15497052863489777,0.5240420736288505,724,0.6961325966850829,7.698895027624309,59,0.006731566462984159,-0.019521228342215223,-0.22691265030007082,-0.675048087643261,10648,ASIANPAINT,NSE 1h,1.0,False,2.0,0.49840345604808417
-1.0963842193051199,-0.21312838941957307,0.5240420736288505,724,0.6726519337016574,7.698895027624309,59,0.006355939753848668,-0.01869917045598158,-0.4207126503000708,-0.9156480876432609,10648,ASIANPAINT,NSE 1h,1.0,False,5.0,0.49840345604808417
-0.35627356643126634,-0.07530104285579066,0.40458302028549964,567,0.7160493827160493,7.587301587301587,49,0.007004182865809604,-0.019950120281444415,-0.03003722721637317,-0.3382338945774781,10648,ASIANPAINT,NSE 1h,1.5,True,0.0,0.722389181066867
-0.5699298131192447,-0.10908936852128444,0.40458302028549964,567,0.7054673721340388,7.587301587301587,49,0.0067043025986515395,-0.01962150994763154,-0.1344372272163732,-0.46063389457747794,10648,ASIANPAINT,NSE 1h,1.5,True,2.0,0.722389181066867
-0.8923373229273368,-0.1574828473853668,0.40458302028549964,567,0.6860670194003528,7.587301587301587,49,0.006284305644628124,-0.01898801133457411,-0.29103722721637315,-0.6442338945774782,10648,ASIANPAINT,NSE 1h,1.5,True,5.0,0.722389181066867
-0.49834464561663944,-0.11384024115021103,0.5240420736288505,724,0.7058011049723757,7.698895027624309,59,0.007038021799889156,-0.019759576890547845,-0.09771265030007104,-0.514648087643261,10648,ASIANPAINT,NSE 1h,1.5,False,0.0,0.722389181066867
-0.7367553463636712,-0.15497052863489777,0.5240420736288505,724,0.6961325966850829,7.698895027624309,59,0.006731566462984159,-0.019521228342215223,-0.22691265030007082,-0.675048087643261,10648,ASIANPAINT,NSE 1h,1.5,False,2.0,0.722389181066867
-1.0963842193051199,-0.21312838941957307,0.5240420736288505,724,0.6726519337016574,7.698895027624309,59,0.006355939753848668,-0.01869917045598158,-0.4207126503000708,-0.9156480876432609,10648,ASIANPAINT,NSE 1h,1.5,False,5.0,0.722389181066867
-0.5189166524901153,-0.10894712949861224,0.484504132231405,669,0.7115097159940209,7.7025411061285505,59,0.006943382127462594,-0.02014570361205576,-0.11594014666777108,-0.4671307577867967,10648,ASIANPAINT,NSE 1h,2.0,True,0.0,0.8932193839218633
-0.7551743461443438,-0.14723477794909554,0.484504132231405,669,0.70254110612855,7.7025411061285505,59,0.006627814231093853,-0.019928359764164218,-0.23754014666777115,-0.6131307577867966,10648,ASIANPAINT,NSE 1h,2.0,True,2.0,0.8932193839218633
-1.1116167042948017,-0.20161687158010527,0.484504132231405,669,0.6771300448430493,7.7025411061285505,59,0.006265134329788953,-0.018936003499300757,-0.4199401466677711,-0.8321307577867967,10648,ASIANPAINT,NSE 1h,2.0,True,5.0,0.8932193839218633
-0.49834464561663944,-0.11384024115021103,0.5240420736288505,724,0.7058011049723757,7.698895027624309,59,0.007038021799889156,-0.019759576890547845,-0.09771265030007104,-0.514648087643261,10648,ASIANPAINT,NSE 1h,2.0,False,0.0,0.8932193839218633
-0.7367553463636712,-0.15497052863489777,0.5240420736288505,724,0.6961325966850829,7.698895027624309,59,0.006731566462984159,-0.019521228342215223,-0.22691265030007082,-0.675048087643261,10648,ASIANPAINT,NSE 1h,2.0,False,2.0,0.8932193839218633
-1.0963842193051199,-0.21312838941957307,0.5240420736288505,724,0.6726519337016574,7.698895027624309,59,0.006355939753848668,-0.01869917045598158,-0.4207126503000708,-0.9156480876432609,10648,ASIANPAINT,NSE 1h,2.0,False,5.0,0.8932193839218633
-0.4908590495880804,-0.11135586032838525,0.5068557475582269,701,0.7104136947218259,7.690442225392297,59,0.0070290116214295996,-0.020186418375901766,-0.12278517338671324,-0.47460996944940465,10648,ASIANPAINT,NSE 1h,3.0,True,0.0,0.9616829451540195
-0.72384525460536,-0.1513219069201965,0.5068557475582269,701,0.7004279600570613,7.690442225392297,59,0.006724904572449281,-0.019903444228136738,-0.24918517338671306,-0.6286099694494047,10648,ASIANPAINT,NSE 1h,3.0,True,2.0,0.9616829451540195
-1.075261865730165,-0.2079398249923426,0.5068557475582269,701,0.6761768901569187,7.690442225392297,59,0.006355192632601018,-0.01899011652285903,-0.4387851733867132,-0.8596099694494047,10648,ASIANPAINT,NSE 1h,3.0,True,5.0,0.9616829451540195
-0.49834464561663944,-0.11384024115021103,0.5240420736288505,724,0.7058011049723757,7.698895027624309,59,0.007038021799889156,-0.019759576890547845,-0.09771265030007104,-0.514648087643261,10648,ASIANPAINT,NSE 1h,3.0,False,0.0,0.9616829451540195
-0.7367553463636712,-0.15497052863489777,0.5240420736288505,724,0.6961325966850829,7.698895027624309,59,0.006731566462984159,-0.019521228342215223,-0.22691265030007082,-0.675048087643261,10648,ASIANPAINT,NSE 1h,3.0,False,2.0,0.9616829451540195
-1.0963842193051199,-0.21312838941957307,0.5240420736288505,724,0.6726519337016574,7.698895027624309,59,0.006355939753848668,-0.01869917045598158,-0.4207126503000708,-0.9156480876432609,10648,ASIANPAINT,NSE 1h,3.0,False,5.0,0.9616829451540195
-0.48420872397755294,-0.0695142326652369,0.15557430650775234,173,0.6416184971098265,8.526011560693641,36,0.009476568130616262,-0.0227307848150378,0.15696175278772853,-0.5143713488216675,9481,BAJFINANCE,NSE 1h,0.5,True,0.0,0.23784410927117391
-0.5829662274921721,-0.08129095756600023,0.15557430650775234,173,0.6242774566473989,8.526011560693641,36,0.009334787916742353,-0.022073333708340203,0.11936175278772852,-0.5459713488216675,9481,BAJFINANCE,NSE 1h,0.5,True,2.0,0.23784410927117391
-0.7317201396086198,-0.09868145656009138,0.15557430650775234,173,0.6127167630057804,8.526011560693641,36,0.008904121661990085,-0.022003678988132665,0.06296175278772848,-0.5933713488216675,9481,BAJFINANCE,NSE 1h,0.5,True,5.0,0.23784410927117391
-1.7345375511553913,-0.42000238891963604,0.5593291846851598,603,0.6517412935323383,8.7893864013267,58,0.008335655291086838,-0.028775681431426493,-0.8063192317997608,-1.9606613394026762,9481,BAJFINANCE,NSE 1h,0.5,False,0.0,0.23784410927117391
-1.89124865747044,-0.4452186719280916,0.5593291846851598,603,0.6417910447761194,8.7893864013267,58,0.008062644877478098,-0.028372333975863244,-0.9263192317997608,-2.0818613394026757,9481,BAJFINANCE,NSE 1h,0.5,False,2.0,0.23784410927117391
-2.1268325254146516,-0.4810111132354122,0.5593291846851598,603,0.6368159203980099,8.7893864013267,58,0.007522965875672423,-0.028578993002103415,-1.1063192317997608,-2.2636613394026766,9481,BAJFINANCE,NSE 1h,0.5,False,5.0,0.23784410927117391
-1.0116383814198604,-0.17807324481569534,0.2916359033857188,311,0.6205787781350482,8.881028938906752,58,0.008762207906584907,-0.022992038579877135,-0.011583400106969233,-1.0103710263476455,9481,BAJFINANCE,NSE 1h,1.0,True,0.0,0.45923425798966355
-1.143147108507528,-0.1967112830781966,0.2916359033857188,311,0.6109324758842444,8.881028938906752,58,0.008497706097266614,-0.022817508966407198,-0.07518340010696914,-1.0711710263476455,9481,BAJFINANCE,NSE 1h,1.0,True,2.0,0.45923425798966355
-1.3411105420504974,-0.22388556013062313,0.2916359033857188,311,0.6012861736334405,8.881028938906752,58,0.008029078731275964,-0.022858001203251772,-0.17058340010696924,-1.1623710263476454,9481,BAJFINANCE,NSE 1h,1.0,True,5.0,0.45923425798966355
-1.7345375511553913,-0.42000238891963604,0.5593291846851598,603,0.6517412935323383,8.7893864013267,58,0.008335655291086838,-0.028775681431426493,-0.8063192317997608,-1.9606613394026762,9481,BAJFINANCE,NSE 1h,1.0,False,0.0,0.45923425798966355
-1.89124865747044,-0.4452186719280916,0.5593291846851598,603,0.6417910447761194,8.7893864013267,58,0.008062644877478098,-0.028372333975863244,-0.9263192317997608,-2.0818613394026757,9481,BAJFINANCE,NSE 1h,1.0,False,2.0,0.45923425798966355
-2.1268325254146516,-0.4810111132354122,0.5593291846851598,603,0.6368159203980099,8.7893864013267,58,0.007522965875672423,-0.028578993002103415,-1.1063192317997608,-2.2636613394026766,9481,BAJFINANCE,NSE 1h,1.0,False,5.0,0.45923425798966355
-1.492718348111091,-0.30485680335468734,0.4271701297331505,458,0.6419213973799127,8.836244541484715,58,0.008640431349679931,-0.027167756137671875,-0.21283853593927632,-1.7023866538330112,9481,BAJFINANCE,NSE 1h,1.5,True,0.0,0.695918152093661
-1.6454642724553759,-0.3279353044970018,0.4271701297331505,458,0.6331877729257642,8.836244541484715,58,0.008357622228637321,-0.02691747402426852,-0.30363853593927614,-1.7947866538330113,9481,BAJFINANCE,NSE 1h,1.5,True,2.0,0.695918152093661
-1.8752790574409033,-0.36113248827764677,0.4271701297331505,458,0.6266375545851528,8.836244541484715,58,0.007841413850101082,-0.02703924540790233,-0.4398385359392763,-1.9333866538330113,9481,BAJFINANCE,NSE 1h,1.5,True,5.0,0.695918152093661
-1.7345375511553913,-0.42000238891963604,0.5593291846851598,603,0.6517412935323383,8.7893864013267,58,0.008335655291086838,-0.028775681431426493,-0.8063192317997608,-1.9606613394026762,9481,BAJFINANCE,NSE 1h,1.5,False,0.0,0.695918152093661
-1.89124865747044,-0.4452186719280916,0.5593291846851598,603,0.6417910447761194,8.7893864013267,58,0.008062644877478098,-0.028372333975863244,-0.9263192317997608,-2.0818613394026757,9481,BAJFINANCE,NSE 1h,1.5,False,2.0,0.695918152093661
-2.1268325254146516,-0.4810111132354122,0.5593291846851598,603,0.6368159203980099,8.7893864013267,58,0.007522965875672423,-0.028578993002103415,-1.1063192317997608,-2.2636613394026766,9481,BAJFINANCE,NSE 1h,1.5,False,5.0,0.695918152093661
-1.4788739993883881,-0.3286263605374678,0.4950954540660268,546,0.652014652014652,8.591575091575091,58,0.008359865025721683,-0.02658519393483611,-0.3343484802544299,-1.740726418207512,9481,BAJFINANCE,NSE 1h,2.0,True,0.0,0.8553950005273705
-1.6442821690605114,-0.3551133129268468,0.4950954540660268,546,0.6428571428571429,8.591575091575091,58,0.008077288192184503,-0.02630052848163437,-0.44354848025442994,-1.8499264182075117,9481,BAJFINANCE,NSE 1h,2.0,True,2.0,0.8553950005273705
-1.8931074535943533,-0.39290653328617675,0.4950954540660268,546,0.6373626373626373,8.591575091575091,58,0.007543975529111918,-0.026496860518145905,-0.60734848025443,-2.013726418207512,9481,BAJFINANCE,NSE 1h,2.0,True,5.0,0.8553950005273705
-1.7345375511553913,-0.42000238891963604,0.5593291846851598,603,0.6517412935323383,8.7893864013267,58,0.008335655291086838,-0.028775681431426493,-0.8063192317997608,-1.9606613394026762,9481,BAJFINANCE,NSE 1h,2.0,False,0.0,0.8553950005273705
-1.89124865747044,-0.4452186719280916,0.5593291846851598,603,0.6417910447761194,8.7893864013267,58,0.008062644877478098,-0.028372333975863244,-0.9263192317997608,-2.0818613394026757,9481,BAJFINANCE,NSE 1h,2.0,False,2.0,0.8553950005273705
-2.1268325254146516,-0.4810111132354122,0.5593291846851598,603,0.6368159203980099,8.7893864013267,58,0.007522965875672423,-0.028578993002103415,-1.1063192317997608,-2.2636613394026766,9481,BAJFINANCE,NSE 1h,2.0,False,5.0,0.8553950005273705
-1.6725409090522745,-0.40501929382569557,0.5341208733255985,580,0.65,8.725862068965517,58,0.008353542770550539,-0.028496422250217385,-0.6936084864275385,-1.9418796058690369,9481,BAJFINANCE,NSE 1h,3.0,True,0.0,0.9573884611327919
-1.82521332762663,-0.42992265633233534,0.5341208733255985,580,0.6413793103448275,8.725862068965517,58,0.00806425223332633,-0.02820860539949024,-0.8096084864275385,-2.0578796058690365,9481,BAJFINANCE,NSE 1h,3.0,True,2.0,0.9573884611327919
-2.0547094122348293,-0.4653455572418224,0.5341208733255985,580,0.6362068965517241,8.725862068965517,58,0.007527038372551712,-0.028402678918332497,-0.9836084864275385,-2.231879605869037,9481,BAJFINANCE,NSE 1h,3.0,True,5.0,0.9573884611327919
-1.7345375511553913,-0.42000238891963604,0.5593291846851598,603,0.6517412935323383,8.7893864013267,58,0.008335655291086838,-0.028775681431426493,-0.8063192317997608,-1.9606613394026762,9481,BAJFINANCE,NSE 1h,3.0,False,0.0,0.9573884611327919
-1.89124865747044,-0.4452186719280916,0.5593291846851598,603,0.6417910447761194,8.7893864013267,58,0.008062644877478098,-0.028372333975863244,-0.9263192317997608,-2.0818613394026757,9481,BAJFINANCE,NSE 1h,3.0,False,2.0,0.9573884611327919
-2.1268325254146516,-0.4810111132354122,0.5593291846851598,603,0.6368159203980099,8.7893864013267,58,0.007522965875672423,-0.028578993002103415,-1.1063192317997608,-2.2636613394026766,9481,BAJFINANCE,NSE 1h,3.0,False,5.0,0.9573884611327919
-0.22313983246718,-0.018173423796619598,0.2009540846750149,105,0.6190476190476191,9.628571428571428,49,0.009928517744602555,-0.024510617194912383,-0.19459618844728574,-0.14047484595004348,5031,SP500,US daily,0.5,True,0.0,0.2772808586762075
-0.25312958020613535,-0.020230877678945557,0.2009540846750149,105,0.6095238095238096,9.628571428571428,49,0.009677431572197817,-0.02430308914678023,-0.21459618844728576,-0.16247484595004352,5031,SP500,US daily,0.5,True,2.0,0.2772808586762075
-0.2982111561193471,-0.023309743677426362,0.2009540846750149,105,0.6095238095238096,9.628571428571428,49,0.009077431572197817,-0.024903089146780234,-0.24459618844728576,-0.19547484595004347,5031,SP500,US daily,0.5,True,5.0,0.2772808586762075
-0.06948798048026393,-0.01935296315312192,0.5068574836016696,286,0.6398601398601399,8.881118881118882,49,0.01242372514015342,-0.02437530554337053,0.056877548087444996,-0.2939923184065343,5031,SP500,US daily,0.5,False,0.0,0.2772808586762075
-0.11055936564194409,-0.02494838083262376,0.5068574836016696,286,0.6398601398601399,8.881118881118882,49,0.012023725140153417,-0.024775305543370537,-0.001522451912554984,-0.34999231840653416,5031,SP500,US daily,0.5,False,2.0,0.2772808586762075
-0.17229876545063205,-0.03328377059850733,0.5068574836016696,286,0.6328671328671329,8.881118881118882,49,0.011554964713381594,-0.024900603651820553,-0.08912245191255508,-0.4339923184065343,5031,SP500,US daily,0.5,False,5.0,0.2772808586762075
-0.31124033423043607,-0.04123048316521859,0.3277678393957464,171,0.5964912280701754,9.64327485380117,49,0.009740607275064362,-0.025386434883451287,-0.4756282814633753,-0.28249378343819836,5031,SP500,US daily,1.0,True,0.0,0.5215662890081495
-0.34151807889680447,-0.044499334546640644,0.3277678393957464,171,0.5847953216374269,9.64327485380117,49,0.009530002867996754,-0.02506369509438379,-0.5104282814633754,-0.31609378343819844,5031,SP500,US daily,1.0,True,2.0,0.5215662890081495
-0.38700139264087685,-0.04938294083980536,0.3277678393957464,171,0.5789473684210527,9.64327485380117,49,0.009024412419101768,-0.025313040199897902,-0.5626282814633754,-0.3664937834381984,5031,SP500,US daily,1.0,True,5.0,0.5215662890081495
-0.06948798048026393,-0.01935296315312192,0.5068574836016696,286,0.6398601398601399,8.881118881118882,49,0.01242372514015342,-0.02437530554337053,0.056877548087444996,-0.2939923184065343,5031,SP500,US daily,1.0,False,0.0,0.5215662890081495
-0.11055936564194409,-0.02494838083262376,0.5068574836016696,286,0.6398601398601399,8.881118881118882,49,0.012023725140153417,-0.024775305543370537,-0.001522451912554984,-0.34999231840653416,5031,SP500,US daily,1.0,False,2.0,0.5215662890081495
-0.17229876545063205,-0.03328377059850733,0.5068574836016696,286,0.6328671328671329,8.881118881118882,49,0.011554964713381594,-0.024900603651820553,-0.08912245191255508,-0.4339923184065343,5031,SP500,US daily,1.0,False,5.0,0.5215662890081495
-0.29074483660267825,-0.04159942285133554,0.4046909163188233,218,0.6100917431192661,9.339449541284404,49,0.010224964035434854,-0.024812379970521,-0.484108253195826,-0.26502382758562293,5031,SP500,US daily,1.5,True,0.0,0.7205326972768833
-0.32715989074767315,-0.045763988094291726,0.4046909163188233,218,0.6100917431192661,9.339449541284404,49,0.009824964035434855,-0.025212379970520997,-0.5269082531958261,-0.3094238275856229,5031,SP500,US daily,1.5,True,2.0,0.7205326972768833
-0.3818751109541671,-0.05197847387366184,0.4046909163188233,218,0.6009174311926605,9.339449541284404,49,0.009372726176998691,-0.025229416206531928,-0.591108253195826,-0.37602382758562297,5031,SP500,US daily,1.5,True,5.0,0.7205326972768833
-0.06948798048026393,-0.01935296315312192,0.5068574836016696,286,0.6398601398601399,8.881118881118882,49,0.01242372514015342,-0.02437530554337053,0.056877548087444996,-0.2939923184065343,5031,SP500,US daily,1.5,False,0.0,0.7205326972768833
-0.11055936564194409,-0.02494838083262376,0.5068574836016696,286,0.6398601398601399,8.881118881118882,49,0.012023725140153417,-0.024775305543370537,-0.001522451912554984,-0.34999231840653416,5031,SP500,US daily,1.5,False,2.0,0.7205326972768833
-0.17229876545063205,-0.03328377059850733,0.5068574836016696,286,0.6328671328671329,8.881118881118882,49,0.011554964713381594,-0.024900603651820553,-0.08912245191255508,-0.4339923184065343,5031,SP500,US daily,1.5,False,5.0,0.7205326972768833
-0.2336909658161588,-0.0373778276162625,0.4599483204134367,248,0.6209677419354839,9.330645161290322,49,0.01104484528670011,-0.02499962601726783,-0.3516694577948307,-0.2973892136765281,5031,SP500,US daily,2.0,True,0.0,0.8425760286225402
-0.2727824334978443,-0.042134706011722915,0.4599483204134367,248,0.6209677419354839,9.330645161290322,49,0.010644845286700112,-0.025399626017267828,-0.4000694577948308,-0.3481892136765281,5031,SP500,US daily,2.0,True,2.0,0.8425760286225402
-0.33153067015468923,-0.04922774671019608,0.4599483204134367,248,0.6129032258064516,9.330645161290322,49,0.010182980833064537,-0.025467414146845512,-0.4726694577948308,-0.42438921367652815,5031,SP500,US daily,2.0,True,5.0,0.8425760286225402
-0.06948798048026393,-0.01935296315312192,0.5068574836016696,286,0.6398601398601399,8.881118881118882,49,0.01242372514015342,-0.02437530554337053,0.056877548087444996,-0.2939923184065343,5031,SP500,US daily,2.0,False,0.0,0.8425760286225402
-0.11055936564194409,-0.02494838083262376,0.5068574836016696,286,0.6398601398601399,8.881118881118882,49,0.012023725140153417,-0.024775305543370537,-0.001522451912554984,-0.34999231840653416,5031,SP500,US daily,2.0,False,2.0,0.8425760286225402
-0.17229876545063205,-0.03328377059850733,0.5068574836016696,286,0.6328671328671329,8.881118881118882,49,0.011554964713381594,-0.024900603651820553,-0.08912245191255508,-0.4339923184065343,5031,SP500,US daily,2.0,False,5.0,0.8425760286225402
-0.11837340507015666,-0.02495721211369795,0.47326575233551976,263,0.6387832699619772,9.015209125475286,49,0.012046821928524512,-0.025083337439910366,-0.07550540397235705,-0.28354556882700943,5031,SP500,US daily,3.0,True,0.0,0.9196978731862453
-0.15740688687300966,-0.030075354043073703,0.47326575233551976,263,0.6387832699619772,9.015209125475286,49,0.011646821928524516,-0.025483337439910377,-0.12910540397235704,-0.33514556882700947,5031,SP500,US daily,3.0,True,2.0,0.9196978731862453
-0.21607482194634112,-0.03770413147066365,0.47326575233551976,263,0.6311787072243346,9.015209125475286,49,0.011185379496783806,-0.025554886281087406,-0.20950540397235706,-0.4125455688270095,5031,SP500,US daily,3.0,True,5.0,0.9196978731862453
-0.06948798048026393,-0.01935296315312192,0.5068574836016696,286,0.6398601398601399,8.881118881118882,49,0.01242372514015342,-0.02437530554337053,0.056877548087444996,-0.2939923184065343,5031,SP500,US daily,3.0,False,0.0,0.9196978731862453
-0.11055936564194409,-0.02494838083262376,0.5068574836016696,286,0.6398601398601399,8.881118881118882,49,0.012023725140153417,-0.024775305543370537,-0.001522451912554984,-0.34999231840653416,5031,SP500,US daily,3.0,False,2.0,0.9196978731862453
-0.17229876545063205,-0.03328377059850733,0.5068574836016696,286,0.6328671328671329,8.881118881118882,49,0.011554964713381594,-0.024900603651820553,-0.08912245191255508,-0.4339923184065343,5031,SP500,US daily,3.0,False,5.0,0.9196978731862453
-0.07867934926830691,-0.01034707349592303,0.17392168554959253,93,0.5913978494623656,9.408602150537634,32,0.013892757493040326,-0.024424835476892587,-0.026020857885647744,-0.13802122811905262,5031,NASDAQ,US daily,0.5,True,0.0,0.2562114887696283
-0.10055355851919172,-0.012182121702692734,0.17392168554959253,93,0.5913978494623656,9.408602150537634,32,0.013492757493040327,-0.02482483547689259,-0.04482085788564767,-0.1564212281190527,5031,NASDAQ,US daily,0.5,True,2.0,0.2562114887696283
-0.13343843696925445,-0.014928999214397566,0.17392168554959253,93,0.5913978494623656,9.408602150537634,32,0.012892757493040329,-0.025424835476892588,-0.07302085788564773,-0.18402122811905267,5031,NASDAQ,US daily,0.5,True,5.0,0.2562114887696283
-0.42377535680338496,-0.09535254030294084,0.5364738620552574,266,0.6127819548872181,10.109022556390977,46,0.014716968216673811,-0.04003042732399664,-0.47984020550979506,-1.244427989544028,5031,NASDAQ,US daily,0.5,False,0.0,0.2562114887696283
-0.4518278537112523,-0.10014695436547023,0.5364738620552574,266,0.6090225563909775,10.109022556390977,46,0.014405986990072684,-0.04004267391774614,-0.5318402055097949,-1.2988279895440278,5031,NASDAQ,US daily,0.5,False,2.0,0.2562114887696283
-0.49396435673649725,-0.10729274636227921,0.5364738620552574,266,0.6015037593984962,10.109022556390977,46,0.013984045891558744,-0.039884108846256816,-0.6098402055097953,-1.380427989544028,5031,NASDAQ,US daily,0.5,False,5.0,0.2562114887696283
-0.3635907897887775,-0.05813564401227731,0.32677400119260586,164,0.5853658536585366,10.024390243902438,37,0.014264422078298254,-0.03560768739449024,-0.40148579486971847,-0.6504524284389857,5031,NASDAQ,US daily,1.0,True,0.0,0.5197773802424965
-0.3876396903944289,-0.06121199809490442,0.32677400119260586,164,0.5853658536585366,10.024390243902438,37,0.013864422078298253,-0.03600768739449025,-0.4342857948697186,-0.6832524284389858,5031,NASDAQ,US daily,1.0,True,2.0,0.5197773802424965
-0.42376098262747763,-0.06580884085942165,0.32677400119260586,164,0.5792682926829268,10.024390243902438,37,0.013407205564475765,-0.036081489158462356,-0.48348579486971843,-0.7324524284389857,5031,NASDAQ,US daily,1.0,True,5.0,0.5197773802424965
-0.42377535680338496,-0.09535254030294084,0.5364738620552574,266,0.6127819548872181,10.109022556390977,46,0.014716968216673811,-0.04003042732399664,-0.47984020550979506,-1.244427989544028,5031,NASDAQ,US daily,1.0,False,0.0,0.5197773802424965
-0.4518278537112523,-0.10014695436547023,0.5364738620552574,266,0.6090225563909775,10.109022556390977,46,0.014405986990072684,-0.04004267391774614,-0.5318402055097949,-1.2988279895440278,5031,NASDAQ,US daily,1.0,False,2.0,0.5197773802424965
-0.49396435673649725,-0.10729274636227921,0.5364738620552574,266,0.6015037593984962,10.109022556390977,46,0.013984045891558744,-0.039884108846256816,-0.6098402055097953,-1.380427989544028,5031,NASDAQ,US daily,1.0,False,5.0,0.5197773802424965
-0.42143301329284705,-0.07427022013659947,0.41005764261578215,207,0.5893719806763285,9.966183574879228,42,0.013773850229690038,-0.035311399471960145,-0.5676825065910691,-0.7533767205033581,5031,NASDAQ,US daily,1.5,True,0.0,0.7084078711985689
-0.44861334278579473,-0.07808467667863207,0.41005764261578215,207,0.5845410628019324,9.966183574879228,42,0.013485238025587843,-0.03529736079291344,-0.6076825065910691,-0.7961767205033583,5031,NASDAQ,US daily,1.5,True,2.0,0.7084078711985689
-0.48944118776066864,-0.08377832450698539,0.41005764261578215,207,0.5797101449275363,9.966183574879228,42,0.012995115085039118,-0.03548819583102439,-0.6676825065910691,-0.8603767205033582,5031,NASDAQ,US daily,1.5,True,5.0,0.7084078711985689
-0.42377535680338496,-0.09535254030294084,0.5364738620552574,266,0.6127819548872181,10.109022556390977,46,0.014716968216673811,-0.04003042732399664,-0.47984020550979506,-1.244427989544028,5031,NASDAQ,US daily,1.5,False,0.0,0.7084078711985689
-0.4518278537112523,-0.10014695436547023,0.5364738620552574,266,0.6090225563909775,10.109022556390977,46,0.014405986990072684,-0.04004267391774614,-0.5318402055097949,-1.2988279895440278,5031,NASDAQ,US daily,1.5,False,2.0,0.7084078711985689
-0.49396435673649725,-0.10729274636227921,0.5364738620552574,266,0.6015037593984962,10.109022556390977,46,0.013984045891558744,-0.039884108846256816,-0.6098402055097953,-1.380427989544028,5031,NASDAQ,US daily,1.5,False,5.0,0.7084078711985689
-0.4191756834489666,-0.08324291163942055,0.4742595905386603,237,0.5949367088607594,10.067510548523206,44,0.013862819259485367,-0.03593576649509338,-0.6671270643106864,-0.8280490036308411,5031,NASDAQ,US daily,2.0,True,0.0,0.8382031405287219
-0.4471411777394307,-0.08756522572914413,0.4742595905386603,237,0.5907172995780591,10.067510548523206,44,0.013559725633295577,-0.03596224388250421,-0.7123270643106863,-0.8776490036308412,5031,NASDAQ,US daily,2.0,True,2.0,0.8382031405287219
-0.4891517249959584,-0.09401211537162964,0.4742595905386603,237,0.5864978902953587,10.067510548523206,44,0.013055119408416875,-0.036192221078688504,-0.7801270643106863,-0.9520490036308412,5031,NASDAQ,US daily,2.0,True,5.0,0.8382031405287219
-0.42377535680338496,-0.09535254030294084,0.5364738620552574,266,0.6127819548872181,10.109022556390977,46,0.014716968216673811,-0.04003042732399664,-0.47984020550979506,-1.244427989544028,5031,NASDAQ,US daily,2.0,False,0.0,0.8382031405287219
-0.4518278537112523,-0.10014695436547023,0.5364738620552574,266,0.6090225563909775,10.109022556390977,46,0.014405986990072684,-0.04004267391774614,-0.5318402055097949,-1.2988279895440278,5031,NASDAQ,US daily,2.0,False,2.0,0.8382031405287219
-0.49396435673649725,-0.10729274636227921,0.5364738620552574,266,0.6015037593984962,10.109022556390977,46,0.013984045891558744,-0.039884108846256816,-0.6098402055097953,-1.380427989544028,5031,NASDAQ,US daily,2.0,False,5.0,0.8382031405287219
-0.40861411018563876,-0.08463574309036684,0.4977141721327768,246,0.5975609756097561,10.138211382113822,44,0.014008387004664797,-0.03593361676593559,-0.5631143176338727,-0.9350808525080252,5031,NASDAQ,US daily,3.0,True,0.0,0.9193003379049891
-0.4367414767617937,-0.08912414060581554,0.4977141721327768,246,0.5934959349593496,10.138211382113822,44,0.013702307964107326,-0.035971321329015676,-0.6111143176338728,-0.9854808525080252,5031,NASDAQ,US daily,3.0,True,2.0,0.9193003379049891
-0.47899410409216375,-0.09581716438108505,0.4977141721327768,246,0.5894308943089431,10.138211382113822,44,0.013194737737022308,-0.0362121994258429,-0.6831143176338728,-1.061080852508025,5031,NASDAQ,US daily,3.0,True,5.0,0.9193003379049891
-0.42377535680338496,-0.09535254030294084,0.5364738620552574,266,0.6127819548872181,10.109022556390977,46,0.014716968216673811,-0.04003042732399664,-0.47984020550979506,-1.244427989544028,5031,NASDAQ,US daily,3.0,False,0.0,0.9193003379049891
-0.4518278537112523,-0.10014695436547023,0.5364738620552574,266,0.6090225563909775,10.109022556390977,46,0.014405986990072684,-0.04004267391774614,-0.5318402055097949,-1.2988279895440278,5031,NASDAQ,US daily,3.0,False,2.0,0.9193003379049891
-0.49396435673649725,-0.10729274636227921,0.5364738620552574,266,0.6015037593984962,10.109022556390977,46,0.013984045891558744,-0.039884108846256816,-0.6098402055097953,-1.380427989544028,5031,NASDAQ,US daily,3.0,False,5.0,0.9193003379049891
-0.47016939222206083,-0.06142595823919603,0.1824953445065177,34,0.5882352941176471,10.735294117647058,36,0.021913566883180195,-0.06301374905382286,0.10971163590319867,-0.5536327849931145,2148,GOOG,US daily,0.5,True,0.0,0.25139664804469275
-0.4840589423910745,-0.06293582720800377,0.1824953445065177,34,0.5882352941176471,10.735294117647058,36,0.0215135668831802,-0.06341374905382284,0.10291163590319866,-0.5604327849931144,2148,GOOG,US daily,0.5,True,2.0,0.25139664804469275
-0.5049097251457302,-0.06519663930830137,0.1824953445065177,34,0.5882352941176471,10.735294117647058,36,0.020913566883180194,-0.06401374905382286,0.09271163590319864,-0.5706327849931145,2148,GOOG,US daily,0.5,True,5.0,0.25139664804469275
-1.235653995017483,-0.30181266522051364,0.6056797020484171,106,0.49056603773584906,12.018867924528301,39,0.025325376083932226,-0.0787689436942416,-0.4143468757061861,-2.522256527418385,2148,GOOG,US daily,0.5,False,0.0,0.25139664804469275
-1.2552171877306464,-0.3052798701539454,0.6056797020484171,106,0.4811320754716981,12.018867924528301,39,0.025414517585304275,-0.07772988727227434,-0.433946875706186,-2.5450565274183843,2148,GOOG,US daily,0.5,False,2.0,0.25139664804469275
-1.2845608512964144,-0.3104497034710533,0.6056797020484171,106,0.4811320754716981,12.018867924528301,39,0.024814517585304282,-0.07832988727227437,-0.46334687570618616,-2.579256527418385,2148,GOOG,US daily,0.5,False,5.0,0.25139664804469275
-0.5809556304244125,-0.10366097759004048,0.3221601489757914,63,0.5555555555555556,10.555555555555555,37,0.022673884842980302,-0.056720993420560153,-0.02944616152799427,-0.7651556847433794,2148,GOOG,US daily,1.0,True,0.0,0.4795158286778399
-0.5993570327556711,-0.10631731254510642,0.3221601489757914,63,0.5555555555555556,10.555555555555555,37,0.022273884842980304,-0.057120993420560144,-0.043046161527994245,-0.7767556847433792,2148,GOOG,US daily,1.0,True,2.0,0.4795158286778399
-0.6269717310014276,-0.11028804893019205,0.3221601489757914,63,0.5396825396825397,10.555555555555555,37,0.022326848983233786,-0.05574878316211456,-0.0634461615279943,-0.7941556847433794,2148,GOOG,US daily,1.0,True,5.0,0.4795158286778399
-1.235653995017483,-0.30181266522051364,0.6056797020484171,106,0.49056603773584906,12.018867924528301,39,0.025325376083932226,-0.0787689436942416,-0.4143468757061861,-2.522256527418385,2148,GOOG,US daily,1.0,False,0.0,0.4795158286778399
-1.2552171877306464,-0.3052798701539454,0.6056797020484171,106,0.4811320754716981,12.018867924528301,39,0.025414517585304275,-0.07772988727227434,-0.433946875706186,-2.5450565274183843,2148,GOOG,US daily,1.0,False,2.0,0.4795158286778399
-1.2845608512964144,-0.3104497034710533,0.6056797020484171,106,0.4811320754716981,12.018867924528301,39,0.024814517585304282,-0.07832988727227437,-0.46334687570618616,-2.579256527418385,2148,GOOG,US daily,1.0,False,5.0,0.4795158286778399
-0.7588153066804788,-0.16410739744110778,0.4264432029795158,78,0.48717948717948717,11.397435897435898,37,0.024661274426816107,-0.05735829904946997,-0.37042847059051276,-0.986775063169274,2148,GOOG,US daily,1.5,True,0.0,0.6261638733705773
-0.7768989546993075,-0.16716846440907052,0.4264432029795158,78,0.48717948717948717,11.397435897435898,37,0.024261274426816113,-0.05775829904946996,-0.38562847059051275,-1.002775063169274,2148,GOOG,US daily,1.5,True,2.0,0.6261638733705773
-0.8040300950692072,-0.17174019497231546,0.4264432029795158,78,0.48717948717948717,11.397435897435898,37,0.023661274426816106,-0.05835829904946997,-0.40842847059051274,-1.026775063169274,2148,GOOG,US daily,1.5,True,5.0,0.6261638733705773
-1.235653995017483,-0.30181266522051364,0.6056797020484171,106,0.49056603773584906,12.018867924528301,39,0.025325376083932226,-0.0787689436942416,-0.4143468757061861,-2.522256527418385,2148,GOOG,US daily,1.5,False,0.0,0.6261638733705773
-1.2552171877306464,-0.3052798701539454,0.6056797020484171,106,0.4811320754716981,12.018867924528301,39,0.025414517585304275,-0.07772988727227434,-0.433946875706186,-2.5450565274183843,2148,GOOG,US daily,1.5,False,2.0,0.6261638733705773
-1.2845608512964144,-0.3104497034710533,0.6056797020484171,106,0.4811320754716981,12.018867924528301,39,0.024814517585304282,-0.07832988727227437,-0.46334687570618616,-2.579256527418385,2148,GOOG,US daily,1.5,False,5.0,0.6261638733705773
-0.9551110369162872,-0.20762295053064406,0.4762569832402235,84,0.47619047619047616,11.857142857142858,39,0.024469193620968742,-0.06322301401347806,-0.422958812265455,-1.380086059488831,2148,GOOG,US daily,2.0,True,0.0,0.7537243947858473
-0.9736625702674876,-0.21074772075090467,0.4762569832402235,84,0.47619047619047616,11.857142857142858,39,0.024069193620968744,-0.06362301401347809,-0.43895881226545497,-1.3976860594888307,2148,GOOG,US daily,2.0,True,2.0,0.7537243947858473
-1.0014892001740627,-0.21541294557011015,0.4762569832402235,84,0.47619047619047616,11.857142857142858,39,0.02346919362096874,-0.06422301401347807,-0.46295881226545504,-1.4240860594888305,2148,GOOG,US daily,2.0,True,5.0,0.7537243947858473
-1.235653995017483,-0.30181266522051364,0.6056797020484171,106,0.49056603773584906,12.018867924528301,39,0.025325376083932226,-0.0787689436942416,-0.4143468757061861,-2.522256527418385,2148,GOOG,US daily,2.0,False,0.0,0.7537243947858473
-1.2552171877306464,-0.3052798701539454,0.6056797020484171,106,0.4811320754716981,12.018867924528301,39,0.025414517585304275,-0.07772988727227434,-0.433946875706186,-2.5450565274183843,2148,GOOG,US daily,2.0,False,2.0,0.7537243947858473
-1.2845608512964144,-0.3104497034710533,0.6056797020484171,106,0.4811320754716981,12.018867924528301,39,0.024814517585304282,-0.07832988727227437,-0.46334687570618616,-2.579256527418385,2148,GOOG,US daily,2.0,False,5.0,0.7537243947858473
-0.9901815482397778,-0.21971431600293403,0.49487895716945995,87,0.47126436781609193,11.908045977011493,39,0.024286229610599765,-0.06357646055913496,-0.5064555161081556,-1.4223262555774636,2148,GOOG,US daily,3.0,True,0.0,0.8142458100558659
-1.0088517735333646,-0.22290056492728194,0.49487895716945995,87,0.47126436781609193,11.908045977011493,39,0.023886229610599767,-0.06397646055913499,-0.5232555161081557,-1.4403262555774634,2148,GOOG,US daily,3.0,True,2.0,0.8142458100558659
-1.0368558129671026,-0.22765674138013733,0.49487895716945995,87,0.47126436781609193,11.908045977011493,39,0.023286229610599764,-0.06457646055913498,-0.5484555161081557,-1.467326255577463,2148,GOOG,US daily,3.0,True,5.0,0.8142458100558659
-1.235653995017483,-0.30181266522051364,0.6056797020484171,106,0.49056603773584906,12.018867924528301,39,0.025325376083932226,-0.0787689436942416,-0.4143468757061861,-2.522256527418385,2148,GOOG,US daily,3.0,False,0.0,0.8142458100558659
-1.2552171877306464,-0.3052798701539454,0.6056797020484171,106,0.4811320754716981,12.018867924528301,39,0.025414517585304275,-0.07772988727227434,-0.433946875706186,-2.5450565274183843,2148,GOOG,US daily,3.0,False,2.0,0.8142458100558659
-1.2845608512964144,-0.3104497034710533,0.6056797020484171,106,0.4811320754716981,12.018867924528301,39,0.024814517585304282,-0.07832988727227437,-0.46334687570618616,-2.579256527418385,2148,GOOG,US daily,3.0,False,5.0,0.8142458100558659
-0.467445182123972,-0.003078276194580902,0.197,110,0.6454545454545455,8.954545454545455,47,0.0010216650354251888,-0.00342142624743113,-0.010786864927069286,-0.05011054120755633,5000,EURUSD,US daily,0.5,True,0.0,0.2516
-0.8121603529853835,-0.005286319067515012,0.197,110,0.5545454545454546,8.954545454545455,47,0.0007651138218316539,-0.0030932520258440104,-0.03398686492706929,-0.07091054120755634,5000,EURUSD,US daily,0.5,True,2.0,0.2516
-1.3142455802059163,-0.008590041528443112,0.197,110,0.34545454545454546,8.954545454545455,47,0.0004137126409858566,-0.002591923423501225,-0.0687868649270693,-0.10211054120755633,5000,EURUSD,US daily,0.5,True,5.0,0.2516
-0.5655490122871332,-0.006584922577993993,0.5796,352,0.6676136363636364,8.215909090909092,70,0.0010343399092158322,-0.0031530482155529825,0.015641949737739268,-0.14147871229171766,5000,EURUSD,US daily,0.5,False,0.0,0.2516
-1.1923470459591636,-0.013618447339062544,0.5796,352,0.59375,8.215909090909092,70,0.0007385014878257784,-0.0029439410734934694,-0.05315805026226074,-0.21347871229171764,5000,EURUSD,US daily,0.5,False,2.0,0.2516
-2.1198411946990814,-0.02407807343212019,0.5796,352,0.3380681818181818,8.215909090909092,70,0.0004371808079453216,-0.0022740827411994492,-0.1563580502622607,-0.32147871229171765,5000,EURUSD,US daily,0.5,False,5.0,0.2516
-0.438785605636253,-0.00377303983315255,0.3412,206,0.6601941747572816,8.281553398058252,47,0.0010183366061074976,-0.0030423299166408946,-0.016906467209048804,-0.05756284852519411,5000,EURUSD,US daily,1.0,True,0.0,0.5168
-0.9356696805997161,-0.007901074002994357,0.3412,206,0.587378640776699,8.281553398058252,47,0.0007208367904158676,-0.002871653733818387,-0.05730646720904882,-0.0995628485251941,5000,EURUSD,US daily,1.0,True,2.0,0.5168
-1.667873606873506,-0.014062610526906856,0.3412,206,0.32038834951456313,8.281553398058252,47,0.0004492769750406001,-0.0022151542577637322,-0.11790646720904882,-0.16256284852519412,5000,EURUSD,US daily,1.0,True,5.0,0.5168
-0.5655490122871332,-0.006584922577993993,0.5796,352,0.6676136363636364,8.215909090909092,70,0.0010343399092158322,-0.0031530482155529825,0.015641949737739268,-0.14147871229171766,5000,EURUSD,US daily,1.0,False,0.0,0.5168
-1.1923470459591636,-0.013618447339062544,0.5796,352,0.59375,8.215909090909092,70,0.0007385014878257784,-0.0029439410734934694,-0.05315805026226074,-0.21347871229171764,5000,EURUSD,US daily,1.0,False,2.0,0.5168
-2.1198411946990814,-0.02407807343212019,0.5796,352,0.3380681818181818,8.215909090909092,70,0.0004371808079453216,-0.0022740827411994492,-0.1563580502622607,-0.32147871229171765,5000,EURUSD,US daily,1.0,False,5.0,0.5168
-0.4710432011915249,-0.004586451574586944,0.4462,272,0.6691176470588235,8.202205882352942,70,0.0010479588923527825,-0.0031257844291428852,0.005929757711367674,-0.0965218379260209,5000,EURUSD,US daily,1.5,True,0.0,0.708
-1.0517786411129186,-0.010028905213867687,0.4462,272,0.6029411764705882,8.202205882352942,70,0.0007426480489564998,-0.0029739477800325856,-0.04727024228863233,-0.1521218379260209,5000,EURUSD,US daily,1.5,True,2.0,0.708
-1.9118276212974439,-0.0181388614240615,0.4462,272,0.34191176470588236,8.202205882352942,70,0.00046763334016472377,-0.0022686144181562717,-0.1270702422886323,-0.2355218379260209,5000,EURUSD,US daily,1.5,True,5.0,0.708
-0.5655490122871332,-0.006584922577993993,0.5796,352,0.6676136363636364,8.215909090909092,70,0.0010343399092158322,-0.0031530482155529825,0.015641949737739268,-0.14147871229171766,5000,EURUSD,US daily,1.5,False,0.0,0.708
-1.1923470459591636,-0.013618447339062544,0.5796,352,0.59375,8.215909090909092,70,0.0007385014878257784,-0.0029439410734934694,-0.05315805026226074,-0.21347871229171764,5000,EURUSD,US daily,1.5,False,2.0,0.708
-2.1198411946990814,-0.02407807343212019,0.5796,352,0.3380681818181818,8.215909090909092,70,0.0004371808079453216,-0.0022740827411994492,-0.1563580502622607,-0.32147871229171765,5000,EURUSD,US daily,1.5,False,5.0,0.708
-0.5811947807277902,-0.006078902326635676,0.5076,305,0.6721311475409836,8.301639344262295,70,0.0010353831499836797,-0.0032831732525683607,0.0077149961631759675,-0.12377877567335765,5000,EURUSD,US daily,2.0,True,0.0,0.8326
-1.1873085070271696,-0.012180524501918262,0.5076,305,0.5967213114754099,8.301639344262295,70,0.0007409453763027161,-0.0030318360812786674,-0.05348500383682404,-0.18457877567335765,5000,EURUSD,US daily,2.0,True,2.0,0.8326
-2.083202988199064,-0.021265057205322617,0.5076,305,0.34098360655737703,8.301639344262295,70,0.0004520617918008119,-0.0023287472928232144,-0.14528500383682402,-0.2757787756733577,5000,EURUSD,US daily,2.0,True,5.0,0.8326
-0.5655490122871332,-0.006584922577993993,0.5796,352,0.6676136363636364,8.215909090909092,70,0.0010343399092158322,-0.0031530482155529825,0.015641949737739268,-0.14147871229171766,5000,EURUSD,US daily,2.0,False,0.0,0.8326
-1.1923470459591636,-0.013618447339062544,0.5796,352,0.59375,8.215909090909092,70,0.0007385014878257784,-0.0029439410734934694,-0.05315805026226074,-0.21347871229171764,5000,EURUSD,US daily,2.0,False,2.0,0.8326
-2.1198411946990814,-0.02407807343212019,0.5796,352,0.3380681818181818,8.215909090909092,70,0.0004371808079453216,-0.0022740827411994492,-0.1563580502622607,-0.32147871229171765,5000,EURUSD,US daily,2.0,False,5.0,0.8326
-0.5573399497754971,-0.005979070996158531,0.5382,325,0.6707692307692308,8.261538461538462,70,0.0010321766526079868,-0.0031683220986036273,0.010843307781725986,-0.124839262063773,5000,EURUSD,US daily,3.0,True,0.0,0.9178
-1.186937667718077,-0.012479499849196437,0.5382,325,0.5938461538461538,8.261538461538462,70,0.000741108669488602,-0.00293204490525263,-0.05235669221827401,-0.19163926206377296,5000,EURUSD,US daily,3.0,True,2.0,0.9178
-2.1184338159277507,-0.022152930428753805,0.5382,325,0.3446153846153846,8.261538461538462,70,0.0004377803983038629,-0.0022912082577092943,-0.14715669221827402,-0.29183926206377303,5000,EURUSD,US daily,3.0,True,5.0,0.9178
-0.5655490122871332,-0.006584922577993993,0.5796,352,0.6676136363636364,8.215909090909092,70,0.0010343399092158322,-0.0031530482155529825,0.015641949737739268,-0.14147871229171766,5000,EURUSD,US daily,3.0,False,0.0,0.9178
-1.1923470459591636,-0.013618447339062544,0.5796,352,0.59375,8.215909090909092,70,0.0007385014878257784,-0.0029439410734934694,-0.05315805026226074,-0.21347871229171764,5000,EURUSD,US daily,3.0,False,2.0,0.9178
-2.1198411946990814,-0.02407807343212019,0.5796,352,0.3380681818181818,8.215909090909092,70,0.0004371808079453216,-0.0022740827411994492,-0.1563580502622607,-0.32147871229171765,5000,EURUSD,US daily,3.0,False,5.0,0.9178
-0.6198273515303844,-0.05376378667021683,0.17973765001395478,53,0.5094339622641509,12.150943396226415,50,0.010911438282466901,-0.03969722190129158,-0.2574579204972638,-0.48006101530971074,3583,NIFTY50,NSE daily,0.5,True,0.0,0.26904828356126154
-0.638163037151341,-0.05516928560433867,0.17973765001395478,53,0.5094339622641509,12.150943396226415,50,0.010511438282466902,-0.04009722190129158,-0.2666579204972638,-0.4920610153097109,3583,NIFTY50,NSE daily,0.5,True,2.0,0.26904828356126154
-0.665664952353023,-0.05727414466239785,0.17973765001395478,53,0.49056603773584906,12.150943396226415,50,0.010296850020973294,-0.03919396430934371,-0.2804579204972638,-0.5100610153097108,3583,NIFTY50,NSE daily,0.5,True,5.0,0.26904828356126154
-0.3102124900642612,-0.04466256813913464,0.5358638012838404,202,0.6485148514851485,9.504950495049505,50,0.012061227061716927,-0.030191701345645017,0.22286693583702144,-0.7864569862929004,3583,NIFTY50,NSE daily,0.5,False,0.0,0.26904828356126154
-0.35697620737580255,-0.05005885573087208,0.5358638012838404,202,0.6485148514851485,9.504950495049505,50,0.011661227061716928,-0.030591701345645008,0.18246693583702162,-0.8268569862929002,3583,NIFTY50,NSE daily,0.5,False,2.0,0.26904828356126154
-0.4272989898033362,-0.058098183594612586,0.5358638012838404,202,0.6435643564356436,9.504950495049505,50,0.011147153938489363,-0.030760000867492993,0.12186693583702138,-0.8874569862929005,3583,NIFTY50,NSE daily,0.5,False,5.0,0.26904828356126154
-0.5510145300868197,-0.05441099371368346,0.2955623778956182,101,0.6039603960396039,10.485148514851485,50,0.01046568818544711,-0.0344063259307164,-0.12772579219560487,-0.6101202657207775,3583,NIFTY50,NSE daily,1.0,True,0.0,0.5057214624616243
-0.5820331257530466,-0.05708602000076404,0.2955623778956182,101,0.6039603960396039,10.485148514851485,50,0.010065688185447109,-0.0348063259307164,-0.14612579219560484,-0.6321202657207773,3583,NIFTY50,NSE daily,1.0,True,2.0,0.5057214624616243
-0.6286135172303852,-0.06108537184875701,0.2955623778956182,101,0.594059405940594,10.485148514851485,50,0.009625270770516217,-0.03454542205237452,-0.17372579219560488,-0.6651202657207774,3583,NIFTY50,NSE daily,1.0,True,5.0,0.5057214624616243
-0.3102124900642612,-0.04466256813913464,0.5358638012838404,202,0.6485148514851485,9.504950495049505,50,0.012061227061716927,-0.030191701345645017,0.22286693583702144,-0.7864569862929004,3583,NIFTY50,NSE daily,1.0,False,0.0,0.5057214624616243
-0.35697620737580255,-0.05005885573087208,0.5358638012838404,202,0.6485148514851485,9.504950495049505,50,0.011661227061716928,-0.030591701345645008,0.18246693583702162,-0.8268569862929002,3583,NIFTY50,NSE daily,1.0,False,2.0,0.5057214624616243
-0.4272989898033362,-0.058098183594612586,0.5358638012838404,202,0.6435643564356436,9.504950495049505,50,0.011147153938489363,-0.030760000867492993,0.12186693583702138,-0.8874569862929005,3583,NIFTY50,NSE daily,1.0,False,5.0,0.5057214624616243
-0.47899835745844027,-0.05271457634881554,0.3703600334914876,135,0.6370370370370371,9.829629629629629,50,0.011084743571112405,-0.03395186205297508,-0.015632429895672553,-0.6947208635844397,3583,NIFTY50,NSE daily,1.5,True,0.0,0.6589450181412224
-0.5168565365871294,-0.05629448914456727,0.3703600334914876,135,0.6370370370370371,9.829629629629629,50,0.010684743571112404,-0.03435186205297508,-0.04243242989567254,-0.7219208635844397,3583,NIFTY50,NSE daily,1.5,True,2.0,0.6589450181412224
-0.5737464233468897,-0.06164033623960793,0.3703600334914876,135,0.6296296296296297,9.829629629629629,50,0.01020467310628666,-0.03425501015028956,-0.08263242989567257,-0.7627208635844398,3583,NIFTY50,NSE daily,1.5,True,5.0,0.6589450181412224
-0.3102124900642612,-0.04466256813913464,0.5358638012838404,202,0.6485148514851485,9.504950495049505,50,0.012061227061716927,-0.030191701345645017,0.22286693583702144,-0.7864569862929004,3583,NIFTY50,NSE daily,1.5,False,0.0,0.6589450181412224
-0.35697620737580255,-0.05005885573087208,0.5358638012838404,202,0.6485148514851485,9.504950495049505,50,0.011661227061716928,-0.030591701345645008,0.18246693583702162,-0.8268569862929002,3583,NIFTY50,NSE daily,1.5,False,2.0,0.6589450181412224
-0.4272989898033362,-0.058098183594612586,0.5358638012838404,202,0.6435643564356436,9.504950495049505,50,0.011147153938489363,-0.030760000867492993,0.12186693583702138,-0.8874569862929005,3583,NIFTY50,NSE daily,1.5,False,5.0,0.6589450181412224
-0.4076844253666852,-0.049956283530158664,0.43594753000279096,161,0.639751552795031,9.701863354037267,50,0.011672779260919322,-0.032090407192491115,0.20325451306606285,-0.8622018663558576,3583,NIFTY50,NSE daily,2.0,True,0.0,0.7837008093776165
-0.4492613763861003,-0.05423550287925282,0.43594753000279096,161,0.639751552795031,9.701863354037267,50,0.011272779260919323,-0.03249040719249112,0.17005451306606295,-0.8934018663558575,3583,NIFTY50,NSE daily,2.0,True,2.0,0.7837008093776165
-0.5117711920185691,-0.060619804721929724,0.43594753000279096,161,0.6335403726708074,9.701863354037267,50,0.010778485596013621,-0.03253140481496922,0.12025451306606293,-0.9402018663558577,3583,NIFTY50,NSE daily,2.0,True,5.0,0.7837008093776165
-0.3102124900642612,-0.04466256813913464,0.5358638012838404,202,0.6485148514851485,9.504950495049505,50,0.012061227061716927,-0.030191701345645017,0.22286693583702144,-0.7864569862929004,3583,NIFTY50,NSE daily,2.0,False,0.0,0.7837008093776165
-0.35697620737580255,-0.05005885573087208,0.5358638012838404,202,0.6485148514851485,9.504950495049505,50,0.011661227061716928,-0.030591701345645008,0.18246693583702162,-0.8268569862929002,3583,NIFTY50,NSE daily,2.0,False,2.0,0.7837008093776165
-0.4272989898033362,-0.058098183594612586,0.5358638012838404,202,0.6435643564356436,9.504950495049505,50,0.011147153938489363,-0.030760000867492993,0.12186693583702138,-0.8874569862929005,3583,NIFTY50,NSE daily,2.0,False,5.0,0.7837008093776165
-0.2663965336509443,-0.03689203989505587,0.47278816634105497,179,0.6536312849162011,9.46368715083799,50,0.012273114547350953,-0.030580016053986466,0.22774290040510192,-0.6877494937122016,3583,NIFTY50,NSE daily,3.0,True,0.0,0.8847334635780073
-0.31032765824691927,-0.04171410328971636,0.47278816634105497,179,0.6536312849162011,9.46368715083799,50,0.011873114547350955,-0.030980016053986467,0.19214290040510196,-0.7237494937122014,3583,NIFTY50,NSE daily,3.0,True,2.0,0.8847334635780073
-0.3763939729471664,-0.04890375306427532,0.47278816634105497,179,0.6480446927374302,9.46368715083799,50,0.011371238525506557,-0.031080480353426355,0.13874290040510193,-0.7777494937122017,3583,NIFTY50,NSE daily,3.0,True,5.0,0.8847334635780073
-0.3102124900642612,-0.04466256813913464,0.5358638012838404,202,0.6485148514851485,9.504950495049505,50,0.012061227061716927,-0.030191701345645017,0.22286693583702144,-0.7864569862929004,3583,NIFTY50,NSE daily,3.0,False,0.0,0.8847334635780073
-0.35697620737580255,-0.05005885573087208,0.5358638012838404,202,0.6485148514851485,9.504950495049505,50,0.011661227061716928,-0.030591701345645008,0.18246693583702162,-0.8268569862929002,3583,NIFTY50,NSE daily,3.0,False,2.0,0.8847334635780073
-0.4272989898033362,-0.058098183594612586,0.5358638012838404,202,0.6435643564356436,9.504950495049505,50,0.011147153938489363,-0.030760000867492993,0.12186693583702138,-0.8874569862929005,3583,NIFTY50,NSE daily,3.0,False,5.0,0.8847334635780073
-0.3495076042229726,-0.043964252030595216,0.16355009768350545,61,0.639344262295082,9.60655737704918,35,0.015347619700628572,-0.05159833747504721,-0.2754916688783012,-0.2611145872482228,3583,BANKNIFTY,NSE daily,0.5,True,0.0,0.2637454646943902
-0.36524190129710926,-0.045596686969021936,0.16355009768350545,61,0.639344262295082,9.60655737704918,35,0.014947619700628571,-0.0519983374750472,-0.2874916688783013,-0.27351458724822286,3583,BANKNIFTY,NSE daily,0.5,True,2.0,0.2637454646943902
-0.38886105512446406,-0.04804072230114554,0.16355009768350545,61,0.639344262295082,9.60655737704918,35,0.014347619700628571,-0.052598337475047205,-0.3054916688783012,-0.2921145872482228,3583,BANKNIFTY,NSE daily,0.5,True,5.0,0.2637454646943902
-0.558256641125375,-0.10545048018251912,0.533910131174993,201,0.5870646766169154,9.517412935323383,38,0.01703551351046486,-0.040993010875334336,-0.14048021287760193,-1.2517490955402946,3583,BANKNIFTY,NSE daily,0.5,False,0.0,0.2637454646943902
-0.5915843534786296,-0.11047236669765279,0.533910131174993,201,0.5870646766169154,9.517412935323383,38,0.016635513510464855,-0.04139301087533433,-0.17888021287760197,-1.2937490955402944,3583,BANKNIFTY,NSE daily,0.5,False,2.0,0.2637454646943902
-0.6416555139938439,-0.1179542402271977,0.533910131174993,201,0.5870646766169154,9.517412935323383,38,0.016035513510464852,-0.04199301087533434,-0.23648021287760201,-1.3567490955402945,3583,BANKNIFTY,NSE daily,0.5,False,5.0,0.2637454646943902
-0.5697984988518995,-0.07760883373185111,0.30923806865754955,111,0.5765765765765766,9.981981981981981,38,0.015450188980300983,-0.04309743065048735,-0.1544792337834763,-0.882287912050166,3583,BANKNIFTY,NSE daily,1.0,True,0.0,0.496232207647223
-0.5948705988646763,-0.08047250738550195,0.30923806865754955,111,0.5765765765765766,9.981981981981981,38,0.015050188980300982,-0.04349743065048734,-0.17327923378347632,-0.907887912050166,3583,BANKNIFTY,NSE daily,1.0,True,2.0,0.496232207647223
-0.632521853933998,-0.08475241966838133,0.30923806865754955,111,0.5765765765765766,9.981981981981981,38,0.014450188980300982,-0.044097430650487345,-0.20147923378347632,-0.946287912050166,3583,BANKNIFTY,NSE daily,1.0,True,5.0,0.496232207647223
-0.558256641125375,-0.10545048018251912,0.533910131174993,201,0.5870646766169154,9.517412935323383,38,0.01703551351046486,-0.040993010875334336,-0.14048021287760193,-1.2517490955402946,3583,BANKNIFTY,NSE daily,1.0,False,0.0,0.496232207647223
-0.5915843534786296,-0.11047236669765279,0.533910131174993,201,0.5870646766169154,9.517412935323383,38,0.016635513510464855,-0.04139301087533433,-0.17888021287760197,-1.2937490955402944,3583,BANKNIFTY,NSE daily,1.0,False,2.0,0.496232207647223
-0.6416555139938439,-0.1179542402271977,0.533910131174993,201,0.5870646766169154,9.517412935323383,38,0.016035513510464852,-0.04199301087533434,-0.23648021287760201,-1.3567490955402945,3583,BANKNIFTY,NSE daily,1.0,False,5.0,0.496232207647223
-0.5401847045180387,-0.08180976270668538,0.3723137036003349,138,0.5869565217391305,9.666666666666666,38,0.015654706887084084,-0.04138762369143259,-0.18497099307908416,-0.9060922994787635,3583,BANKNIFTY,NSE daily,1.5,True,0.0,0.6497348590566564
-0.5684891838867296,-0.08535343528279482,0.3723137036003349,138,0.5869565217391305,9.666666666666666,38,0.015254706887084085,-0.041787623691432595,-0.21057099307908406,-0.9356922994787633,3583,BANKNIFTY,NSE daily,1.5,True,2.0,0.6497348590566564
-0.6109985766243825,-0.09064463115179246,0.3723137036003349,138,0.5869565217391305,9.666666666666666,38,0.014654706887084083,-0.04238762369143259,-0.2489709930790841,-0.9800922994787633,3583,BANKNIFTY,NSE daily,1.5,True,5.0,0.6497348590566564
-0.558256641125375,-0.10545048018251912,0.533910131174993,201,0.5870646766169154,9.517412935323383,38,0.01703551351046486,-0.040993010875334336,-0.14048021287760193,-1.2517490955402946,3583,BANKNIFTY,NSE daily,1.5,False,0.0,0.6497348590566564
-0.5915843534786296,-0.11047236669765279,0.533910131174993,201,0.5870646766169154,9.517412935323383,38,0.016635513510464855,-0.04139301087533433,-0.17888021287760197,-1.2937490955402944,3583,BANKNIFTY,NSE daily,1.5,False,2.0,0.6497348590566564
-0.6416555139938439,-0.1179542402271977,0.533910131174993,201,0.5870646766169154,9.517412935323383,38,0.016035513510464852,-0.04199301087533434,-0.23648021287760201,-1.3567490955402945,3583,BANKNIFTY,NSE daily,1.5,False,5.0,0.6497348590566564
-0.5536392087908226,-0.09325082328244838,0.45576332682109966,170,0.5823529411764706,9.605882352941176,38,0.01649346024869522,-0.040608101440698395,-0.07021389386979489,-1.1801087437989644,3583,BANKNIFTY,NSE daily,2.0,True,0.0,0.8060284677644433
-0.5850691316617267,-0.09755937646820538,0.45576332682109966,170,0.5823529411764706,9.605882352941176,38,0.016093460248695218,-0.04100810144069839,-0.10261389386979501,-1.2157087437989642,3583,BANKNIFTY,NSE daily,2.0,True,2.0,0.8060284677644433
-0.6322808248272139,-0.10398544477679736,0.45576332682109966,170,0.5823529411764706,9.605882352941176,38,0.015493460248695216,-0.041608101440698396,-0.15121389386979495,-1.2691087437989643,3583,BANKNIFTY,NSE daily,2.0,True,5.0,0.8060284677644433
-0.558256641125375,-0.10545048018251912,0.533910131174993,201,0.5870646766169154,9.517412935323383,38,0.01703551351046486,-0.040993010875334336,-0.14048021287760193,-1.2517490955402946,3583,BANKNIFTY,NSE daily,2.0,False,0.0,0.8060284677644433
-0.5915843534786296,-0.11047236669765279,0.533910131174993,201,0.5870646766169154,9.517412935323383,38,0.016635513510464855,-0.04139301087533433,-0.17888021287760197,-1.2937490955402944,3583,BANKNIFTY,NSE daily,2.0,False,2.0,0.8060284677644433
-0.6416555139938439,-0.1179542402271977,0.533910131174993,201,0.5870646766169154,9.517412935323383,38,0.016035513510464852,-0.04199301087533434,-0.23648021287760201,-1.3567490955402945,3583,BANKNIFTY,NSE daily,2.0,False,5.0,0.8060284677644433
-0.4574492583136763,-0.08239942675736492,0.47250907061121966,180,0.6055555555555555,9.405555555555555,38,0.01710242801197246,-0.04132684461469814,0.09604653361867713,-1.1660878479572474,3583,BANKNIFTY,NSE daily,3.0,True,0.0,0.8841752721183366
-0.48963641719686407,-0.08701359216584009,0.47250907061121966,180,0.6055555555555555,9.405555555555555,38,0.016702428011972456,-0.04172684461469814,0.06124653361867722,-1.2032878479572475,3583,BANKNIFTY,NSE daily,3.0,True,2.0,0.8841752721183366
-0.5380016302278837,-0.09389307830119287,0.47250907061121966,180,0.6055555555555555,9.405555555555555,38,0.016102428011972453,-0.04232684461469815,0.009046533618677086,-1.259087847957247,3583,BANKNIFTY,NSE daily,3.0,True,5.0,0.8841752721183366
-0.558256641125375,-0.10545048018251912,0.533910131174993,201,0.5870646766169154,9.517412935323383,38,0.01703551351046486,-0.040993010875334336,-0.14048021287760193,-1.2517490955402946,3583,BANKNIFTY,NSE daily,3.0,False,0.0,0.8841752721183366
-0.5915843534786296,-0.11047236669765279,0.533910131174993,201,0.5870646766169154,9.517412935323383,38,0.016635513510464855,-0.04139301087533433,-0.17888021287760197,-1.2937490955402944,3583,BANKNIFTY,NSE daily,3.0,False,2.0,0.8841752721183366
-0.6416555139938439,-0.1179542402271977,0.533910131174993,201,0.5870646766169154,9.517412935323383,38,0.016035513510464852,-0.04199301087533434,-0.23648021287760201,-1.3567490955402945,3583,BANKNIFTY,NSE daily,3.0,False,5.0,0.8841752721183366
-0.217573104045172,-0.04434580858045635,0.19313424504605078,150,0.64,9.226666666666667,47,0.02652826884931865,-0.0693690247502588,0.7319000903276519,-1.9311136173070358,7166,RELIANCE,NSE daily,0.5,True,0.0,0.27700251186156855
-0.23151568582442072,-0.04634214545625606,0.19313424504605078,150,0.64,9.226666666666667,47,0.026128268849318653,-0.06976902475025878,0.7047000903276519,-1.963913617307036,7166,RELIANCE,NSE daily,0.5,True,2.0,0.27700251186156855
-0.2524669954148394,-0.049329573605364004,0.19313424504605078,150,0.64,9.226666666666667,47,0.02552826884931865,-0.07036902475025879,0.6639000903276518,-2.013113617307036,7166,RELIANCE,NSE daily,0.5,True,5.0,0.27700251186156855
-0.21798041029040324,-0.08993010875804644,0.5408875244208764,437,0.6475972540045767,8.862700228832953,47,0.027239555775941744,-0.06322909714250745,1.0015651408818833,-3.030051816236518,7166,RELIANCE,NSE daily,0.5,False,0.0,0.27700251186156855
-0.24121508059036764,-0.09546522480310357,0.5408875244208764,437,0.6475972540045767,8.862700228832953,47,0.026839555775941742,-0.06362909714250746,0.9207651408818832,-3.124051816236518,7166,RELIANCE,NSE daily,0.5,False,2.0,0.27700251186156855
-0.2761308820671765,-0.10370687518677885,0.5408875244208764,437,0.6430205949656751,8.862700228832953,47,0.026428761543367672,-0.06341005557077534,0.7995651408818831,-3.265051816236518,7166,RELIANCE,NSE daily,0.5,False,5.0,0.27700251186156855
-0.14019439989320456,-0.04357998314054335,0.3245883337984929,252,0.6309523809523809,9.218253968253968,47,0.02815523487069597,-0.059410945296522695,0.8235688442083734,-1.872104412344324,7166,RELIANCE,NSE daily,1.0,True,0.0,0.508791515489813
-0.15912371818403281,-0.04694252150744717,0.3245883337984929,252,0.6309523809523809,9.218253968253968,47,0.02775523487069597,-0.059810945296522686,0.7779688442083732,-1.9273044123443244,7166,RELIANCE,NSE daily,1.0,True,2.0,0.508791515489813
-0.18757484757939769,-0.051965418436253984,0.3245883337984929,252,0.6309523809523809,9.218253968253968,47,0.027155234870695967,-0.06041094529652268,0.7095688442083732,-2.010104412344324,7166,RELIANCE,NSE daily,1.0,True,5.0,0.508791515489813
-0.21798041029040324,-0.08993010875804644,0.5408875244208764,437,0.6475972540045767,8.862700228832953,47,0.027239555775941744,-0.06322909714250745,1.0015651408818833,-3.030051816236518,7166,RELIANCE,NSE daily,1.0,False,0.0,0.508791515489813
-0.24121508059036764,-0.09546522480310357,0.5408875244208764,437,0.6475972540045767,8.862700228832953,47,0.026839555775941742,-0.06362909714250746,0.9207651408818832,-3.124051816236518,7166,RELIANCE,NSE daily,1.0,False,2.0,0.508791515489813
-0.2761308820671765,-0.10370687518677885,0.5408875244208764,437,0.6430205949656751,8.862700228832953,47,0.026428761543367672,-0.06341005557077534,0.7995651408818831,-3.265051816236518,7166,RELIANCE,NSE daily,1.0,False,5.0,0.508791515489813
-0.21774869994766236,-0.07103104643168275,0.42380686575495397,341,0.6422287390029325,8.897360703812316,47,0.025399348572230526,-0.05979845658219158,0.7219829846772954,-2.4549373503861833,7166,RELIANCE,NSE daily,1.5,True,0.0,0.7331844822774212
-0.2394929646212916,-0.07544765586325591,0.42380686575495397,341,0.6422287390029325,8.897360703812316,47,0.02499934857223053,-0.06019845658219158,0.6579829846772954,-2.5273373503861833,7166,RELIANCE,NSE daily,1.5,True,2.0,0.7331844822774212
-0.2721689056997412,-0.08203485875808827,0.42380686575495397,341,0.6392961876832844,8.897360703812316,47,0.02451276033707513,-0.06030679771700217,0.5619829846772953,-2.6359373503861834,7166,RELIANCE,NSE daily,1.5,True,5.0,0.7331844822774212
-0.21798041029040324,-0.08993010875804644,0.5408875244208764,437,0.6475972540045767,8.862700228832953,47,0.027239555775941744,-0.06322909714250745,1.0015651408818833,-3.030051816236518,7166,RELIANCE,NSE daily,1.5,False,0.0,0.7331844822774212
-0.24121508059036764,-0.09546522480310357,0.5408875244208764,437,0.6475972540045767,8.862700228832953,47,0.026839555775941742,-0.06362909714250746,0.9207651408818832,-3.124051816236518,7166,RELIANCE,NSE daily,1.5,False,2.0,0.7331844822774212
-0.2761308820671765,-0.10370687518677885,0.5408875244208764,437,0.6430205949656751,8.862700228832953,47,0.026428761543367672,-0.06341005557077534,0.7995651408818831,-3.265051816236518,7166,RELIANCE,NSE daily,1.5,False,5.0,0.7331844822774212
-0.27415861129292224,-0.09275152762981531,0.490789840915434,390,0.6384615384615384,9.01025641025641,47,0.024945882282569172,-0.06038785187968413,0.8138993413393345,-3.1170617680150734,7166,RELIANCE,NSE daily,2.0,True,0.0,0.8717555121406643
-0.2968489073047363,-0.09768214118687707,0.490789840915434,390,0.6384615384615384,9.01025641025641,47,0.024545882282569178,-0.06078785187968413,0.7414993413393347,-3.2006617680150735,7166,RELIANCE,NSE daily,2.0,True,2.0,0.8717555121406643
-0.33094274899547255,-0.10502967969433408,0.490789840915434,390,0.6333333333333333,9.01025641025641,47,0.024142560313581078,-0.06053408967923263,0.6328993413393345,-3.326061768015073,7166,RELIANCE,NSE daily,2.0,True,5.0,0.8717555121406643
-0.21798041029040324,-0.08993010875804644,0.5408875244208764,437,0.6475972540045767,8.862700228832953,47,0.027239555775941744,-0.06322909714250745,1.0015651408818833,-3.030051816236518,7166,RELIANCE,NSE daily,2.0,False,0.0,0.8717555121406643
-0.24121508059036764,-0.09546522480310357,0.5408875244208764,437,0.6475972540045767,8.862700228832953,47,0.026839555775941742,-0.06362909714250746,0.9207651408818832,-3.124051816236518,7166,RELIANCE,NSE daily,2.0,False,2.0,0.8717555121406643
-0.2761308820671765,-0.10370687518677885,0.5408875244208764,437,0.6430205949656751,8.862700228832953,47,0.026428761543367672,-0.06341005557077534,0.7995651408818831,-3.265051816236518,7166,RELIANCE,NSE daily,2.0,False,5.0,0.8717555121406643
-0.19642560784274565,-0.07868985900860428,0.5106056377337427,415,0.6506024096385542,8.809638554216868,47,0.02639339365748151,-0.06159875403234774,1.0004563715649495,-2.8060594187353636,7166,RELIANCE,NSE daily,3.0,True,0.0,0.9443204018978509
-0.21972119198898749,-0.08401346929997774,0.5106056377337427,415,0.6506024096385542,8.809638554216868,47,0.025993393657481517,-0.061998754032347746,0.9240563715649492,-2.895659418735363,7166,RELIANCE,NSE daily,3.0,True,2.0,0.9443204018978509
-0.25473092769936784,-0.09194322064762354,0.5106056377337427,415,0.6457831325301204,8.809638554216868,47,0.025585462673935862,-0.06175174859717841,0.8094563715649492,-3.0300594187353638,7166,RELIANCE,NSE daily,3.0,True,5.0,0.9443204018978509
-0.21798041029040324,-0.08993010875804644,0.5408875244208764,437,0.6475972540045767,8.862700228832953,47,0.027239555775941744,-0.06322909714250745,1.0015651408818833,-3.030051816236518,7166,RELIANCE,NSE daily,3.0,False,0.0,0.9443204018978509
-0.24121508059036764,-0.09546522480310357,0.5408875244208764,437,0.6475972540045767,8.862700228832953,47,0.026839555775941742,-0.06362909714250746,0.9207651408818832,-3.124051816236518,7166,RELIANCE,NSE daily,3.0,False,2.0,0.9443204018978509
-0.2761308820671765,-0.10370687518677885,0.5408875244208764,437,0.6430205949656751,8.862700228832953,47,0.026428761543367672,-0.06341005557077534,0.7995651408818831,-3.265051816236518,7166,RELIANCE,NSE daily,3.0,False,5.0,0.9443204018978509
-0.2374647329118792,-0.03697603232891679,0.16154265963252684,98,0.6326530612244898,9.061224489795919,39,0.021102515930563132,-0.05642725182922094,0.18461079359988708,-0.9076358717569267,5497,INFY,NSE daily,0.5,True,0.0,0.24831726396216117
-0.25195400972610843,-0.03869822886558564,0.16154265963252684,98,0.6326530612244898,9.061224489795919,39,0.020702515930563128,-0.056827251829220944,0.16781079359988715,-0.9300358717569267,5497,INFY,NSE daily,0.5,True,2.0,0.24831726396216117
-0.27370526146466506,-0.04127639214298282,0.16154265963252684,98,0.6326530612244898,9.061224489795919,39,0.02010251593056313,-0.057427251829220954,0.14261079359988704,-0.9636358717569268,5497,INFY,NSE daily,0.5,True,5.0,0.24831726396216117
-0.13823069506725472,-0.055918046199752366,0.530835000909587,368,0.6766304347826086,7.929347826086956,39,0.02193262896620587,-0.052141995985392195,0.1382924932967669,-0.8819654029731753,5497,INFY,NSE daily,0.5,False,0.0,0.24831726396216117
-0.1680930054564055,-0.06222833359483311,0.530835000909587,368,0.6766304347826086,7.929347826086956,39,0.021532628966205874,-0.05254199598539219,0.07429249329676707,-0.9651654029731753,5497,INFY,NSE daily,0.5,False,2.0,0.24831726396216117
-0.21297728308599315,-0.07161709073486587,0.530835000909587,368,0.6766304347826086,7.929347826086956,39,0.02093262896620587,-0.053141995985392175,-0.021707506703233126,-1.0899654029731756,5497,INFY,NSE daily,0.5,False,5.0,0.24831726396216117
-0.3450945021024073,-0.07085183904677043,0.2819719847189376,170,0.6058823529411764,9.117647058823529,39,0.01986257738531122,-0.050800521883313174,-0.3908003897530468,-0.9669891057418802,5497,INFY,NSE daily,1.0,True,0.0,0.46297980716754594
-0.36357701870706355,-0.07373279384939743,0.2819719847189376,170,0.6058823529411764,9.117647058823529,39,0.019462577385311222,-0.051200521883313185,-0.42080038975304684,-1.0049891057418805,5497,INFY,NSE daily,1.0,True,2.0,0.46297980716754594
-0.3913202209909602,-0.078038556133407,0.2819719847189376,170,0.6058823529411764,9.117647058823529,39,0.01886257738531122,-0.051800521883313175,-0.46580038975304683,-1.0619891057418804,5497,INFY,NSE daily,1.0,True,5.0,0.46297980716754594
-0.13823069506725472,-0.055918046199752366,0.530835000909587,368,0.6766304347826086,7.929347826086956,39,0.02193262896620587,-0.052141995985392195,0.1382924932967669,-0.8819654029731753,5497,INFY,NSE daily,1.0,False,0.0,0.46297980716754594
-0.1680930054564055,-0.06222833359483311,0.530835000909587,368,0.6766304347826086,7.929347826086956,39,0.021532628966205874,-0.05254199598539219,0.07429249329676707,-0.9651654029731753,5497,INFY,NSE daily,1.0,False,2.0,0.46297980716754594
-0.21297728308599315,-0.07161709073486587,0.530835000909587,368,0.6766304347826086,7.929347826086956,39,0.02093262896620587,-0.053141995985392175,-0.021707506703233126,-1.0899654029731756,5497,INFY,NSE daily,1.0,False,5.0,0.46297980716754594
-0.2905251613219689,-0.07530149060913777,0.38693832999818084,250,0.644,8.508,39,0.021703435380747153,-0.05407577156392514,-0.482403482611349,-0.8360870902776956,5497,INFY,NSE daily,1.5,True,0.0,0.6798253592868837
-0.3136911154164982,-0.07951023004974073,0.38693832999818084,250,0.644,8.508,39,0.021303435380747155,-0.05447577156392513,-0.5260034826113492,-0.8924870902776956,5497,INFY,NSE daily,1.5,True,2.0,0.6798253592868837
-0.3484834924282247,-0.08578900660699629,0.38693832999818084,250,0.644,8.508,39,0.020703435380747155,-0.05507577156392513,-0.591403482611349,-0.9770870902776958,5497,INFY,NSE daily,1.5,True,5.0,0.6798253592868837
-0.13823069506725472,-0.055918046199752366,0.530835000909587,368,0.6766304347826086,7.929347826086956,39,0.02193262896620587,-0.052141995985392195,0.1382924932967669,-0.8819654029731753,5497,INFY,NSE daily,1.5,False,0.0,0.6798253592868837
-0.1680930054564055,-0.06222833359483311,0.530835000909587,368,0.6766304347826086,7.929347826086956,39,0.021532628966205874,-0.05254199598539219,0.07429249329676707,-0.9651654029731753,5497,INFY,NSE daily,1.5,False,2.0,0.6798253592868837
-0.21297728308599315,-0.07161709073486587,0.530835000909587,368,0.6766304347826086,7.929347826086956,39,0.02093262896620587,-0.053141995985392175,-0.021707506703233126,-1.0899654029731756,5497,INFY,NSE daily,1.5,False,5.0,0.6798253592868837
-0.1744728944099701,-0.05956783037751901,0.4680734946334364,323,0.6749226006191951,7.96594427244582,39,0.021735773834857728,-0.05341983259780017,-0.1629810108013384,-0.7077027159686954,5497,INFY,NSE daily,2.0,True,0.0,0.8550118246316173
-0.2020487003928917,-0.06508868728211323,0.4680734946334364,323,0.6749226006191951,7.96594427244582,39,0.021335773834857723,-0.053819832597800175,-0.21858101080133846,-0.7813027159686953,5497,INFY,NSE daily,2.0,True,2.0,0.8550118246316173
-0.24348887253885151,-0.07331129796034175,0.4680734946334364,323,0.6749226006191951,7.96594427244582,39,0.020735773834857724,-0.05441983259780017,-0.30198101080133843,-0.8917027159686955,5497,INFY,NSE daily,2.0,True,5.0,0.8550118246316173
-0.13823069506725472,-0.055918046199752366,0.530835000909587,368,0.6766304347826086,7.929347826086956,39,0.02193262896620587,-0.052141995985392195,0.1382924932967669,-0.8819654029731753,5497,INFY,NSE daily,2.0,False,0.0,0.8550118246316173
-0.1680930054564055,-0.06222833359483311,0.530835000909587,368,0.6766304347826086,7.929347826086956,39,0.021532628966205874,-0.05254199598539219,0.07429249329676707,-0.9651654029731753,5497,INFY,NSE daily,2.0,False,2.0,0.8550118246316173
-0.21297728308599315,-0.07161709073486587,0.530835000909587,368,0.6766304347826086,7.929347826086956,39,0.02093262896620587,-0.053141995985392175,-0.021707506703233126,-1.0899654029731756,5497,INFY,NSE daily,2.0,False,5.0,0.8550118246316173
-0.12326109253067155,-0.050282810601363324,0.48863016190649444,342,0.6783625730994152,7.853801169590644,39,0.021890125148901436,-0.05198548790295672,0.017308070209287457,-0.6572027049893924,5497,INFY,NSE daily,3.0,True,0.0,0.9252319446971076
-0.15193141760944373,-0.05618385897314733,0.48863016190649444,342,0.6783625730994152,7.853801169590644,39,0.021490125148901435,-0.05238548790295671,-0.04229192979071239,-0.7344027049893924,5497,INFY,NSE daily,3.0,True,2.0,0.9252319446971076
-0.1950231437447066,-0.06496892760779292,0.48863016190649444,342,0.6783625730994152,7.853801169590644,39,0.02089012514890144,-0.0529854879029567,-0.1316919297907127,-0.8502027049893925,5497,INFY,NSE daily,3.0,True,5.0,0.9252319446971076
-0.13823069506725472,-0.055918046199752366,0.530835000909587,368,0.6766304347826086,7.929347826086956,39,0.02193262896620587,-0.052141995985392195,0.1382924932967669,-0.8819654029731753,5497,INFY,NSE daily,3.0,False,0.0,0.9252319446971076
-0.1680930054564055,-0.06222833359483311,0.530835000909587,368,0.6766304347826086,7.929347826086956,39,0.021532628966205874,-0.05254199598539219,0.07429249329676707,-0.9651654029731753,5497,INFY,NSE daily,3.0,False,2.0,0.9252319446971076
-0.21297728308599315,-0.07161709073486587,0.530835000909587,368,0.6766304347826086,7.929347826086956,39,0.02093262896620587,-0.053141995985392175,-0.021707506703233126,-1.0899654029731756,5497,INFY,NSE daily,3.0,False,5.0,0.9252319446971076
0.2182291758211714,0.016950630050984034,0.14709851551956815,104,0.75,7.201923076923077,31,0.020253697763798314,-0.0402760428904659,0.40592689329532405,0.126684417128831,5187,ITC,NSE daily,0.5,True,0.0,0.2515905147484095
0.19818904314629587,0.014900230084564384,0.14709851551956815,104,0.75,7.201923076923077,31,0.019853697763798316,-0.040676042890465905,0.38512689329532407,0.10588441712883104,5187,ITC,NSE daily,0.5,True,2.0,0.2515905147484095
0.16801986330732577,0.011831617435782748,0.14709851551956815,104,0.75,7.201923076923077,31,0.019253697763798316,-0.04127604289046591,0.3539268932953241,0.07468441712883095,5187,ITC,NSE daily,0.5,True,5.0,0.2515905147484095
0.27107617932759726,0.03485802335030323,0.4960478118372855,360,0.7277777777777777,7.108333333333333,33,0.021374416219953066,-0.044594973734723146,1.257104186411317,-0.02731456278648081,5187,ITC,NSE daily,0.5,False,0.0,0.2515905147484095
0.23663054475186623,0.027684093753942266,0.4960478118372855,360,0.7277777777777777,7.108333333333333,33,0.02097441621995307,-0.044994973734723144,1.190704186411317,-0.10491456278648087,5187,ITC,NSE daily,0.5,False,2.0,0.2515905147484095
0.1847915246969438,0.017013702556506454,0.4960478118372855,360,0.7277777777777777,7.108333333333333,33,0.020374416219953066,-0.045594973734723133,1.091104186411317,-0.22131456278648082,5187,ITC,NSE daily,0.5,False,5.0,0.2515905147484095
0.06350231831805885,-0.0016073667175266924,0.2901484480431849,200,0.695,7.455,32,0.02078115491064927,-0.04246086417870671,0.7391539304327424,-0.44068611275360303,5187,ITC,NSE daily,1.0,True,0.0,0.5153267784846732
0.037191096548247315,-0.005466346146456987,0.2901484480431849,200,0.695,7.455,32,0.02038115491064927,-0.0428608641787067,0.7011539304327424,-0.482686112753603,5187,ITC,NSE daily,1.0,True,2.0,0.5153267784846732
-0.0023887240348774933,-0.011228294457194055,0.2901484480431849,200,0.695,7.455,32,0.019781154910649267,-0.043460864178706704,0.6441539304327424,-0.545686112753603,5187,ITC,NSE daily,1.0,True,5.0,0.5153267784846732
0.27107617932759726,0.03485802335030323,0.4960478118372855,360,0.7277777777777777,7.108333333333333,33,0.021374416219953066,-0.044594973734723146,1.257104186411317,-0.02731456278648081,5187,ITC,NSE daily,1.0,False,0.0,0.5153267784846732
0.23663054475186623,0.027684093753942266,0.4960478118372855,360,0.7277777777777777,7.108333333333333,33,0.02097441621995307,-0.044994973734723144,1.190704186411317,-0.10491456278648087,5187,ITC,NSE daily,1.0,False,2.0,0.5153267784846732
0.1847915246969438,0.017013702556506454,0.4960478118372855,360,0.7277777777777777,7.108333333333333,33,0.020374416219953066,-0.045594973734723133,1.091104186411317,-0.22131456278648082,5187,ITC,NSE daily,1.0,False,5.0,0.5153267784846732
0.03998698269073912,-0.00815188410192435,0.40196645459803354,278,0.7014388489208633,7.4496402877697845,33,0.02024566405209703,-0.0446603207647657,0.755157151215265,-0.5140592845318968,5187,ITC,NSE daily,1.5,True,0.0,0.7403123192596877
0.008806031812092772,-0.01346932634023625,0.40196645459803354,278,0.7014388489208633,7.4496402877697845,33,0.019845664052097034,-0.0450603207647657,0.702357151215265,-0.572459284531897,5187,ITC,NSE daily,1.5,True,2.0,0.7403123192596877
-0.03811316793403492,-0.021394046300807077,0.40196645459803354,278,0.7014388489208633,7.4496402877697845,33,0.01924566405209703,-0.04566032076476569,0.6231571512152649,-0.6600592845318969,5187,ITC,NSE daily,1.5,True,5.0,0.7403123192596877
0.27107617932759726,0.03485802335030323,0.4960478118372855,360,0.7277777777777777,7.108333333333333,33,0.021374416219953066,-0.044594973734723146,1.257104186411317,-0.02731456278648081,5187,ITC,NSE daily,1.5,False,0.0,0.7403123192596877
0.23663054475186623,0.027684093753942266,0.4960478118372855,360,0.7277777777777777,7.108333333333333,33,0.02097441621995307,-0.044994973734723144,1.190704186411317,-0.10491456278648087,5187,ITC,NSE daily,1.5,False,2.0,0.7403123192596877
0.1847915246969438,0.017013702556506454,0.4960478118372855,360,0.7277777777777777,7.108333333333333,33,0.020374416219953066,-0.045594973734723133,1.091104186411317,-0.22131456278648082,5187,ITC,NSE daily,1.5,False,5.0,0.7403123192596877
0.1849468926456308,0.017178273437774932,0.4432234432234432,318,0.7169811320754716,7.185534591194968,33,0.0205840030414957,-0.043298639176048585,1.0062150257350813,-0.2099398581184334,5187,ITC,NSE daily,2.0,True,0.0,0.8704453441295547
0.15115256496748677,0.01094484725759272,0.4432234432234432,318,0.7169811320754716,7.185534591194968,33,0.0201840030414957,-0.04369863917604858,0.9474150257350815,-0.2783398581184335,5187,ITC,NSE daily,2.0,True,2.0,0.8704453441295547
0.10028645055771006,0.0016639641960880377,0.4432234432234432,318,0.7169811320754716,7.185534591194968,33,0.019584003041495702,-0.04429863917604858,0.8592150257350812,-0.3809398581184334,5187,ITC,NSE daily,2.0,True,5.0,0.8704453441295547
0.27107617932759726,0.03485802335030323,0.4960478118372855,360,0.7277777777777777,7.108333333333333,33,0.021374416219953066,-0.044594973734723146,1.257104186411317,-0.02731456278648081,5187,ITC,NSE daily,2.0,False,0.0,0.8704453441295547
0.23663054475186623,0.027684093753942266,0.4960478118372855,360,0.7277777777777777,7.108333333333333,33,0.02097441621995307,-0.044994973734723144,1.190704186411317,-0.10491456278648087,5187,ITC,NSE daily,2.0,False,2.0,0.8704453441295547
0.1847915246969438,0.017013702556506454,0.4960478118372855,360,0.7277777777777777,7.108333333333333,33,0.020374416219953066,-0.045594973734723133,1.091104186411317,-0.22131456278648082,5187,ITC,NSE daily,2.0,False,5.0,0.8704453441295547
0.26856597821510975,0.03325183358347624,0.4601889338731444,334,0.7215568862275449,7.104790419161676,33,0.021134282038683304,-0.04256802566079675,1.2022279782327852,-0.06769239336420624,5187,ITC,NSE daily,3.0,True,0.0,0.9230769230769231
0.234216464754256,0.026603071097412414,0.4601889338731444,334,0.7215568862275449,7.104790419161676,33,0.020734282038683303,-0.04296802566079676,1.141027978232785,-0.14009239336420637,5187,ITC,NSE daily,3.0,True,2.0,0.9230769230769231
0.18251269573729448,0.016707614421925643,0.4601889338731444,334,0.7215568862275449,7.104790419161676,33,0.020134282038683303,-0.04356802566079675,1.049227978232785,-0.24869239336420637,5187,ITC,NSE daily,3.0,True,5.0,0.9230769230769231
0.27107617932759726,0.03485802335030323,0.4960478118372855,360,0.7277777777777777,7.108333333333333,33,0.021374416219953066,-0.044594973734723146,1.257104186411317,-0.02731456278648081,5187,ITC,NSE daily,3.0,False,0.0,0.9230769230769231
0.23663054475186623,0.027684093753942266,0.4960478118372855,360,0.7277777777777777,7.108333333333333,33,0.02097441621995307,-0.044994973734723144,1.190704186411317,-0.10491456278648087,5187,ITC,NSE daily,3.0,False,2.0,0.9230769230769231
0.1847915246969438,0.017013702556506454,0.4960478118372855,360,0.7277777777777777,7.108333333333333,33,0.020374416219953066,-0.045594973734723133,1.091104186411317,-0.22131456278648082,5187,ITC,NSE daily,3.0,False,5.0,0.9230769230769231
0.037272413044882435,-0.003669794857673236,0.14406011141339553,147,0.6326530612244898,7.5646258503401365,36,0.022868321178963723,-0.03812362312993014,0.354118275801555,-0.2860400551741561,7719,HDFCBANK,NSE daily,0.5,True,0.0,0.215831066200285
0.02266989303240608,-0.005563673264364533,0.14406011141339553,147,0.6326530612244898,7.5646258503401365,36,0.022468321178963725,-0.038523623129930136,0.33011827580155506,-0.32084005517415604,7719,HDFCBANK,NSE daily,0.5,True,2.0,0.215831066200285
0.0007095673826536077,-0.008398444708801873,0.14406011141339553,147,0.6326530612244898,7.5646258503401365,36,0.021868321178963725,-0.039123623129930125,0.29411827580155503,-0.373040055174156,7719,HDFCBANK,NSE daily,0.5,True,5.0,0.215831066200285
0.28387533101970114,0.04078252632768909,0.5084855551237207,551,0.7186932849364791,7.123411978221416,51,0.02555551476467389,-0.0515390510162178,3.0728051018344944,-0.9413741625373924,7719,HDFCBANK,NSE daily,0.5,False,0.0,0.215831066200285
0.2568740371889317,0.03338868293620844,0.5084855551237207,551,0.7168784029038112,7.123411978221416,51,0.025219297260335675,-0.05160635563163775,2.9744051018344955,-1.0633741625373923,7719,HDFCBANK,NSE daily,0.5,False,2.0,0.215831066200285
0.21626667670274624,0.022393578440169395,0.5084855551237207,551,0.7132486388384754,7.123411978221416,51,0.024745437930554018,-0.051547633970953334,2.826805101834495,-1.2463741625373927,7719,HDFCBANK,NSE daily,0.5,False,5.0,0.215831066200285
-0.004024352579755339,-0.018796821926671696,0.274387874076953,275,0.6727272727272727,7.701818181818182,49,0.024311042056334626,-0.05250837730414986,0.9154462658455294,-1.1436574427971105,7719,HDFCBANK,NSE daily,1.0,True,0.0,0.4372328021764477
-0.022870166022812763,-0.022282938250730435,0.274387874076953,275,0.6690909090909091,7.701818181818182,49,0.024041650103876808,-0.052328294462251804,0.8654462658455292,-1.2036574427971105,7719,HDFCBANK,NSE daily,1.0,True,2.0,0.4372328021764477
-0.05120276933113826,-0.027490190409427046,0.274387874076953,275,0.6690909090909091,7.701818181818182,49,0.02344165010387681,-0.052928294462251814,0.7904462658455292,-1.2936574427971106,7719,HDFCBANK,NSE daily,1.0,True,5.0,0.4372328021764477
0.28387533101970114,0.04078252632768909,0.5084855551237207,551,0.7186932849364791,7.123411978221416,51,0.02555551476467389,-0.0515390510162178,3.0728051018344944,-0.9413741625373924,7719,HDFCBANK,NSE daily,1.0,False,0.0,0.4372328021764477
0.2568740371889317,0.03338868293620844,0.5084855551237207,551,0.7168784029038112,7.123411978221416,51,0.025219297260335675,-0.05160635563163775,2.9744051018344955,-1.0633741625373923,7719,HDFCBANK,NSE daily,1.0,False,2.0,0.4372328021764477
0.21626667670274624,0.022393578440169395,0.5084855551237207,551,0.7132486388384754,7.123411978221416,51,0.024745437930554018,-0.051547633970953334,2.826805101834495,-1.2463741625373927,7719,HDFCBANK,NSE daily,1.0,False,5.0,0.4372328021764477
0.13996599577552005,0.006907625161635596,0.3793237465993004,398,0.6984924623115578,7.35678391959799,51,0.023854694389967106,-0.04928468528694201,1.8386599960710945,-1.1212171900932795,7719,HDFCBANK,NSE daily,1.5,True,0.0,0.6785853089778469
0.11602495937211997,0.0017357878602414119,0.3793237465993004,398,0.6984924623115578,7.35678391959799,51,0.023454694389967112,-0.04968468528694201,1.7682599960710947,-1.2100171900932795,7719,HDFCBANK,NSE daily,1.5,True,2.0,0.6785853089778469
0.08001494767568099,-0.005974105600789067,0.3793237465993004,398,0.6959798994974874,7.35678391959799,51,0.02293800251327206,-0.0498709412413103,1.6626599960710946,-1.3432171900932794,7719,HDFCBANK,NSE daily,1.5,True,5.0,0.6785853089778469
0.28387533101970114,0.04078252632768909,0.5084855551237207,551,0.7186932849364791,7.123411978221416,51,0.02555551476467389,-0.0515390510162178,3.0728051018344944,-0.9413741625373924,7719,HDFCBANK,NSE daily,1.5,False,0.0,0.6785853089778469
0.2568740371889317,0.03338868293620844,0.5084855551237207,551,0.7168784029038112,7.123411978221416,51,0.025219297260335675,-0.05160635563163775,2.9744051018344955,-1.0633741625373923,7719,HDFCBANK,NSE daily,1.5,False,2.0,0.6785853089778469
0.21626667670274624,0.022393578440169395,0.5084855551237207,551,0.7132486388384754,7.123411978221416,51,0.024745437930554018,-0.051547633970953334,2.826805101834495,-1.2463741625373927,7719,HDFCBANK,NSE daily,1.5,False,5.0,0.6785853089778469
0.2570702792386224,0.033387520408578356,0.4565358207021635,491,0.7087576374745418,7.177189409368635,51,0.02480981030724386,-0.04854307906757095,2.7181550505836327,-1.0260013703254147,7719,HDFCBANK,NSE daily,2.0,True,0.0,0.8574944941054541
0.2308171504020729,0.026841444507214696,0.4565358207021635,491,0.7067209775967414,7.177189409368635,51,0.024480266737586725,-0.04860346442836372,2.632155050583633,-1.1364013703254146,7719,HDFCBANK,NSE daily,2.0,True,2.0,0.8574944941054541
0.19133183729422207,0.017097594611648514,0.4565358207021635,491,0.7026476578411406,7.177189409368635,51,0.024019673179181827,-0.048531736757256944,2.5031550505836324,-1.302001370325415,7719,HDFCBANK,NSE daily,2.0,True,5.0,0.8574944941054541
0.28387533101970114,0.04078252632768909,0.5084855551237207,551,0.7186932849364791,7.123411978221416,51,0.02555551476467389,-0.0515390510162178,3.0728051018344944,-0.9413741625373924,7719,HDFCBANK,NSE daily,2.0,False,0.0,0.8574944941054541
0.2568740371889317,0.03338868293620844,0.5084855551237207,551,0.7168784029038112,7.123411978221416,51,0.025219297260335675,-0.05160635563163775,2.9744051018344955,-1.0633741625373923,7719,HDFCBANK,NSE daily,2.0,False,2.0,0.8574944941054541
0.21626667670274624,0.022393578440169395,0.5084855551237207,551,0.7132486388384754,7.123411978221416,51,0.024745437930554018,-0.051547633970953334,2.826805101834495,-1.2463741625373927,7719,HDFCBANK,NSE daily,2.0,False,5.0,0.8574944941054541
0.2920763548366406,0.042709559643174605,0.48451872004145613,525,0.7180952380952381,7.123809523809523,51,0.025249794712992785,-0.05037463469573324,3.02673392206608,-0.9630072502363194,7719,HDFCBANK,NSE daily,3.0,True,0.0,0.9448115040808395
0.2652448628864406,0.035650849014144274,0.48451872004145613,525,0.7161904761904762,7.123809523809523,51,0.024915987175053222,-0.050434124201276846,2.93393392206608,-1.080207250236319,7719,HDFCBANK,NSE daily,3.0,True,2.0,0.9448115040808395
0.22488820355635555,0.02514968896162926,0.48451872004145613,525,0.7123809523809523,7.123809523809523,51,0.02444691408207259,-0.05036039201897608,2.7947339220660803,-1.2560072502363198,7719,HDFCBANK,NSE daily,3.0,True,5.0,0.9448115040808395
0.28387533101970114,0.04078252632768909,0.5084855551237207,551,0.7186932849364791,7.123411978221416,51,0.02555551476467389,-0.0515390510162178,3.0728051018344944,-0.9413741625373924,7719,HDFCBANK,NSE daily,3.0,False,0.0,0.9448115040808395
0.2568740371889317,0.03338868293620844,0.5084855551237207,551,0.7168784029038112,7.123411978221416,51,0.025219297260335675,-0.05160635563163775,2.9744051018344955,-1.0633741625373923,7719,HDFCBANK,NSE daily,3.0,False,2.0,0.9448115040808395
0.21626667670274624,0.022393578440169395,0.5084855551237207,551,0.7132486388384754,7.123411978221416,51,0.024745437930554018,-0.051547633970953334,2.826805101834495,-1.2463741625373927,7719,HDFCBANK,NSE daily,3.0,False,5.0,0.9448115040808395
