sharpe,cagr,exposure,trades,win_rate,avg_bars,max_bars,avg_win,avg_loss,long_pnl,short_pnl,bars,inst,outer,inner,bb_len
-5.704214556280126,-0.5162570888570973,0.705799710234008,3048,0.5593832020997376,5.2736220472440944,52,0.0016699872846099206,-0.009093855080754817,-3.9340475554820507,-5.431671497711754,22777,NIFTY,1.0,0.0,10
-3.692464030328944,-0.3908516152300257,0.7616455196031084,1711,0.5908825248392753,10.111630625365283,69,0.0027330684685223576,-0.012989810929524906,-2.493470880312286,-3.836264548679045,22777,NIFTY,1.0,0.0,20
-1.7149229062008415,-0.22828671482049354,0.8062080168591123,782,0.6163682864450127,23.43222506393862,159,0.005407058715117995,-0.019358892092166957,-1.0410150087826047,-2.160450318180609,22777,NIFTY,1.0,0.0,50
-1.062551989791875,-0.1526236796938584,0.7861439171093647,404,0.6584158415841584,44.23514851485149,278,0.0077794085297677226,-0.029598707299193307,-0.4190879901387529,-1.5962109482317093,22777,NIFTY,1.0,0.0,100
-6.642521811172533,-0.554001320718055,0.6570224349124116,3604,0.5335738068812431,4.151775804661487,39,0.0011805353994454762,-0.007557222793079686,-4.454993188480795,-5.9785287535525065,22777,NIFTY,1.0,0.3,10
-4.363593066461681,-0.42686424696756187,0.7089168898450191,2118,0.5826251180358829,7.620868744098206,60,0.001944439774270824,-0.010815871825429216,-2.8861484529410726,-4.275643559288158,22777,NIFTY,1.0,0.3,20
-2.091989325464757,-0.2597976248782913,0.7495719366027133,989,0.6299292214357938,17.22548028311426,117,0.00378282874103516,-0.016730943820344762,-1.415681393345281,-2.351141739235998,22777,NIFTY,1.0,0.3,50
-1.3457817094697706,-0.17853204701943637,0.725424770601923,501,0.6646706586826348,32.91017964071856,264,0.005651446512628133,-0.025747029310156076,-0.6222989832007314,-1.8212702522003203,22777,NIFTY,1.0,0.3,100
-7.985742470040776,-0.6038350340411338,0.5995521798305308,4443,0.450371370695476,3.073148773351339,26,0.0007087011918508268,-0.005484949225129622,-5.362613496408503,-6.61352142646453,22777,NIFTY,1.0,0.6,10
-5.324736293777486,-0.476610650868048,0.6431048865083198,2819,0.5658034764100744,5.195104647037957,45,0.001117311213624259,-0.008279651913511741,-3.554216435507265,-4.797966120900411,22777,NIFTY,1.0,0.6,20
-2.704707293063779,-0.30532844088696265,0.686174649866093,1434,0.6506276150627615,10.873082287308229,89,0.0021769296652360964,-0.013261899520675866,-1.8355328087114127,-2.7776034734819177,22777,NIFTY,1.0,0.6,50
-1.7511300550137958,-0.21452898587889538,0.6644422004653817,752,0.6742021276595744,20.07845744680851,211,0.003242097347740958,-0.019017079866268816,-1.0638861417524783,-1.9515550701787152,22777,NIFTY,1.0,0.6,100
-11.672219842171073,-0.7317672156734989,0.523510558897133,5979,0.06874059207225289,1.9943134303395216,20,0.0005673041450686199,-0.003103264085975975,-8.038879295652617,-9.006933131438409,22777,NIFTY,1.0,1.0,10
-8.942476890966747,-0.6489109311981329,0.5544189313781446,4502,0.055308751665926255,2.80475344291426,33,0.0004246957660639425,-0.003210341759305999,-6.200811044066853,-7.347023212511638,22777,NIFTY,1.0,1.0,20
-5.822566496173992,-0.5251022103349345,0.59063968037933,3047,0.05349524122087299,4.4036757466360354,63,0.0003587531576570521,-0.0033341615831220628,-4.324056782608576,-5.233188458417354,22777,NIFTY,1.0,1.0,50
-4.11807015246936,-0.41351861299134074,0.5774245949861703,1998,0.031031031031031032,6.565065065065065,106,0.0005199506377043829,-0.003538114487557033,-2.8818238121814646,-3.9357288961912795,22777,NIFTY,1.0,1.0,100
-19.836311615671676,-0.9032690712531702,0.44413223866180795,7760,0.007216494845360825,1.3036082474226804,7,0.0004817671572173841,-0.003936115477278788,-14.346680776238111,-15.950173899913498,22777,NIFTY,1.0,1.5,10
-19.244959366109384,-0.9166516744883363,0.45594239803310355,6666,0.0009000900090009,1.5577557755775577,16,0.0006773762943714542,-0.004837682131898767,-14.621140909669382,-17.593757831010183,22777,NIFTY,1.0,1.5,20
-18.187390778928958,-0.9469696774460703,0.47675286473196643,5656,0.0,1.9199080622347948,38,,-0.006725886182766743,-16.738611430148723,-21.303000819579974,22777,NIFTY,1.0,1.5,50
-17.31575783433217,-0.9576574409154652,0.4623523730078588,4596,0.0,2.284595300261097,61,,-0.008893237568049888,-16.452001243985734,-24.421318618771544,22777,NIFTY,1.0,1.5,100
-4.726070608677256,-0.43645775888287763,0.6583834569960926,2557,0.5541650371529135,5.863511928040673,52,0.0023048260371978675,-0.009344391189845343,-3.0783000848133204,-4.308367376900994,22777,NIFTY,1.5,0.0,10
-2.974878464723237,-0.3165946897673309,0.7007507573429337,1367,0.570592538405267,11.642282370153621,69,0.0037556146297211845,-0.013239891836379398,-1.813446875599171,-3.0289902211730118,22777,NIFTY,1.5,0.0,20
-1.3209746634600845,-0.17457940435995234,0.7186196601835184,607,0.6079077429983526,26.907742998352553,155,0.006926608530874235,-0.020553589043705266,-0.6819569640368848,-1.6538786804723764,22777,NIFTY,1.5,0.0,50
-0.771365536791741,-0.11116918915817293,0.7046143039030601,309,0.6310679611650486,51.83171521035599,272,0.010398434388879465,-0.030079627006457194,-0.05822175177907729,-1.3431610211255467,22777,NIFTY,1.5,0.0,100
-5.373072856768562,-0.46184451518504516,0.6041620933397726,2894,0.5532135452660677,4.755010366275052,39,0.0017969606745446886,-0.008410163702413351,-3.3544030897933697,-4.643004537481047,22777,NIFTY,1.5,0.3,10
-3.4414893974777927,-0.33967730987020656,0.6416121526100891,1570,0.5662420382165605,9.306369426751592,61,0.0029660199067650895,-0.011698509758607091,-2.0253699677502937,-3.30452348074697,22777,NIFTY,1.5,0.3,20
-1.5626821638879274,-0.19282246665130878,0.6572419546033279,695,0.581294964028777,21.489208633093526,117,0.005693891330319347,-0.01701580208027555,-0.8884618017242112,-1.7628045061869584,22777,NIFTY,1.5,0.3,50
-1.0170449795345455,-0.13419081183930356,0.6409535935373403,343,0.6151603498542274,42.466472303207,264,0.008431398608806193,-0.026864596250010198,-0.2535384384594689,-1.5135631600837702,22777,NIFTY,1.5,0.3,100
-6.084898158034852,-0.4841682490909435,0.5390964569521887,3344,0.5293062200956937,3.6719497607655502,26,0.001398974749862986,-0.007005811248980362,-3.7576409473407737,-4.793320651296831,22777,NIFTY,1.5,0.6,10
-3.873842062243848,-0.3541519571785235,0.5676340167713044,1867,0.5586502410283878,6.923406534547402,46,0.0023173430048057074,-0.00976396471129356,-2.2005871366925427,-3.4279310314009983,22777,NIFTY,1.5,0.6,20
-1.8841513403290786,-0.2100526042526798,0.589937217368398,834,0.592326139088729,16.069544364508392,87,0.0043261691265729235,-0.014976018604328461,-1.0888294452991092,-1.8658893316455434,22777,NIFTY,1.5,0.6,50
-1.1673657659427366,-0.1433263441938806,0.5757562453352065,423,0.6099290780141844,30.92434988179669,211,0.0064254083932211836,-0.021540008460067022,-0.448423998705927,-1.4479220317540662,22777,NIFTY,1.5,0.6,100
-7.713129850778288,-0.5416152181842966,0.4472933222110023,4207,0.4473496553363442,2.4216781554551936,19,0.0007911852907311049,-0.004980256589456826,-4.697368084116162,-5.392717769215018,22777,NIFTY,1.5,1.0,10
-4.977881730079028,-0.39785083197457366,0.464108530535189,2566,0.5459859703819174,4.1196414653156666,34,0.0013161552960483942,-0.007204905846028957,-2.7751892330239807,-3.774592507835955,22777,NIFTY,1.5,1.0,20
-2.5207644215572826,-0.24654123005021855,0.48158229793212454,1213,0.6183017312448474,9.01401483924155,63,0.0026002237980765103,-0.011934613350805196,-1.510836395322341,-2.064721737543082,22777,NIFTY,1.5,1.0,50
-1.536355178396852,-0.16793158530320842,0.46805988497168194,631,0.6275752773375595,16.84310618066561,100,0.0037907047209187086,-0.01613000472560648,-0.8126549982417024,-1.476777042792012,22777,NIFTY,1.5,1.0,100
-11.977815457808129,-0.6860137350578788,0.3550511480879835,5690,0.050966608084358524,1.4212653778558875,7,0.0006080394788511343,-0.0028133802888971812,-7.205351085321295,-7.810571025856654,22777,NIFTY,1.5,1.5,10
-9.48650463290748,-0.601095146345571,0.3541730693243184,4306,0.03204830469112866,1.8734324198792383,15,0.00046746699745988654,-0.002870670909846422,-5.657277940911819,-6.243167965678602,22777,NIFTY,1.5,1.5,20
-6.3718057203164085,-0.47835179402093453,0.3558414189752821,2890,0.02456747404844291,2.8044982698961936,38,0.00037730112916067946,-0.0029950160733235305,-4.0534143097401145,-4.362747620788507,22777,NIFTY,1.5,1.5,50
-4.43294368028232,-0.3725505396058725,0.3456996092549502,1933,0.012933264355923435,4.0574236937403,61,0.00023904674179300333,-0.003131265288667156,-2.767787737133708,-3.2006902650984004,22777,NIFTY,1.5,1.5,100
-4.110967083241045,-0.37499581386082237,0.5985862931904992,2126,0.5493885230479775,6.4115710253998115,52,0.0027126128204561658,-0.009620485256097468,-2.4567821067304374,-3.5913109943181354,22777,NIFTY,2.0,0.0,10
-2.4601479425530313,-0.25680616444794413,0.6263335821223164,1105,0.5502262443438914,12.869683257918552,62,0.004624559953407796,-0.013223986205095073,-1.373220661522078,-2.3873680307382332,22777,NIFTY,2.0,0.0,20
-1.0508969417134832,-0.13467600119792372,0.6115379549545594,468,0.6196581196581197,29.688034188034187,150,0.007965629915679841,-0.022706997245700654,-0.3994540606868705,-1.3323587735006917,22777,NIFTY,2.0,0.0,50
-0.6766392361105695,-0.09324274359435512,0.6080695438380823,230,0.6043478260869565,60.082608695652176,272,0.01199624650968754,-0.030955306133802978,0.127497875474261,-1.2769524688037646,22777,NIFTY,2.0,0.0,100
-4.665231454963767,-0.3954702267617736,0.5441015059050797,2318,0.5340811044003452,5.34641932700604,39,0.002263421129555046,-0.008605432693811765,-2.6872543134724136,-3.804497637455146,22777,NIFTY,2.0,0.3,10
-2.7629938018456093,-0.26806884023112154,0.5634192387057119,1229,0.5606183889340928,10.439381611065908,61,0.003804028007376926,-0.012261336468530646,-1.470959712399584,-2.5291866835242622,22777,NIFTY,2.0,0.3,20
-1.1558932313010315,-0.13875610596976007,0.5515651753962331,519,0.5876685934489403,24.13872832369942,117,0.006934765866879868,-0.01839687497106298,-0.5680192913139024,-1.2538083630952155,22777,NIFTY,2.0,0.3,50
-0.8583763362417873,-0.10854512652516657,0.5442771216578127,246,0.6016260162601627,50.26829268292683,260,0.01010126403513153,-0.029480008179050415,0.01733200893230255,-1.4113857332797772,22777,NIFTY,2.0,0.3,100
-5.150158858024595,-0.403071484811293,0.4752601308337358,2566,0.5194855806703039,4.218628215120811,25,0.0018991166720467305,-0.007455068191671543,-2.86732043621078,-3.7932561202819395,22777,NIFTY,2.0,0.6,10
-3.0235435528548393,-0.2700676127137442,0.48447995785221937,1378,0.5551523947750363,8.005805515239478,46,0.003145212131518172,-0.010528311273606369,-1.524961905141771,-2.5228056249675315,22777,NIFTY,2.0,0.6,20
-1.4027464038265016,-0.14923315987031915,0.48210914519032355,577,0.5649913344887348,18.97053726169844,86,0.005805870134776341,-0.015523675351050684,-0.6699493926912838,-1.3337794564853513,22777,NIFTY,2.0,0.6,50
-0.8191437514277327,-0.09750922974235329,0.46898186767353034,292,0.6267123287671232,36.476027397260275,210,0.008257371744372936,-0.02513293553516554,-0.11486200308025715,-1.11352894103254,22777,NIFTY,2.0,0.6,100
-6.042305665331878,-0.4233105588209049,0.37520305571409757,2986,0.4956463496316142,2.8620227729403886,19,0.001382958784522734,-0.006082601542472319,-3.2756939327396988,-3.837924989129966,22777,NIFTY,2.0,1.0,10
-3.6230131613441268,-0.28132863660309737,0.3776177723141766,1634,0.5324357405140759,5.263769889840881,34,0.002287950092699654,-0.008180130122058874,-1.6922774310787863,-2.5668254015254943,22777,NIFTY,2.0,1.0,20
-1.94127177816123,-0.17816574519761497,0.37529086359046404,668,0.5523952095808383,12.744011976047904,63,0.004293742330868951,-0.013529609615028974,-0.9631284754287367,-1.4978338793742838,22777,NIFTY,2.0,1.0,50
-1.0022885056660362,-0.1069291845878775,0.3610659876190894,345,0.5768115942028985,23.747826086956522,100,0.0063484002250443075,-0.018132010713789875,-0.36116101761033864,-1.0227809018191656,22777,NIFTY,2.0,1.0,100
-7.660012182235095,-0.45685017667442446,0.2675066953505729,3669,0.3197056418642682,1.660670482420278,7,0.0006544928818233123,-0.00347428526309196,-3.7879838553192076,-4.116112010979579,22777,NIFTY,2.0,1.5,10
-4.9712272903883195,-0.32068561606007817,0.25811125257935635,2173,0.48550391164289003,2.705476300046019,15,0.0011022464828671058,-0.005509375275623372,-2.313583461531766,-2.6830280571903677,22777,NIFTY,2.0,1.5,20
-2.4615815066891265,-0.18219940125981965,0.2522281248628002,985,0.581725888324873,5.83248730964467,38,0.0022228084630145843,-0.009374320785413639,-1.0904656405213646,-1.4980852737616974,22777,NIFTY,2.0,1.5,50
-1.352631220582638,-0.11660901779306942,0.24094481274970364,504,0.5932539682539683,10.827380952380953,61,0.0032976755306704936,-0.012334343076461573,-0.613104325038778,-0.9294310219653668,22777,NIFTY,2.0,1.5,100
-3.935616356873964,-0.3592699604712696,0.5862931904991878,2055,0.5493917274939173,6.49683698296837,52,0.0028359626171861243,-0.00964221874386693,-2.3391870628471985,-3.387705699170443,22777,NIFTY,2.1,0.0,10
-2.36185206430238,-0.24553684083026084,0.6089037186635641,1057,0.5525070955534531,13.07852412488174,62,0.004771378046237989,-0.013432605640520526,-1.25684094192922,-2.3102967470340037,22777,NIFTY,2.1,0.0,20
-1.0579398103801272,-0.13362505066043148,0.5855029196118892,435,0.6045977011494252,30.577011494252872,150,0.008243670316113432,-0.02259854749061982,-0.43599497587181296,-1.2828698993769632,22777,NIFTY,2.1,0.0,50
-0.6261734219120211,-0.08550562763256517,0.5898055055538481,218,0.591743119266055,61.481651376146786,268,0.012837209739518267,-0.030346507302027453,0.17657206194951192,-1.2214111554320994,22777,NIFTY,2.1,0.0,100
-4.467719621986243,-0.3785685484918644,0.5314571717083022,2236,0.5348837209302325,5.413685152057245,39,0.002383713590855335,-0.008640202558865101,-2.552690549844405,-3.582198656712321,22777,NIFTY,2.1,0.3,10
-2.6386689072505862,-0.2549500182383063,0.5465162225051587,1173,0.5575447570332481,10.609548167092925,61,0.00399619633937149,-0.012302225580842128,-1.36169517604375,-2.409647494464361,22777,NIFTY,2.1,0.3,20
-1.1508393964960022,-0.13644308197926722,0.5277253369627256,479,0.5845511482254697,25.02087682672234,117,0.007031930841249533,-0.01889153318176219,-0.5796471626567761,-1.210827304964031,22777,NIFTY,2.1,0.3,50
-0.7801613563212197,-0.09765212725253755,0.5253984282390131,233,0.6051502145922747,51.227467811158796,259,0.010817375467845038,-0.030072764843906183,0.08952187563534213,-1.3309663003085608,22777,NIFTY,2.1,0.3,100
-4.953475856703148,-0.38664303687442764,0.4627036045133248,2456,0.5248371335504886,4.291123778501628,25,0.001973978714009956,-0.007586567271208773,-2.7388272594919174,-3.570238183649887,22777,NIFTY,2.1,0.6,10
-2.86457672333627,-0.2547266523699661,0.4674452298371164,1304,0.553680981595092,8.162576687116564,46,0.003318912055288426,-0.010611043474213315,-1.4074357299319495,-2.3719370681419556,22777,NIFTY,2.1,0.6,20
-1.3699584341831517,-0.1442475131449955,0.45739122799315096,525,0.5771428571428572,19.777142857142856,86,0.005761510516899272,-0.01656010658741573,-0.6709480507543812,-1.2596579250314315,22777,NIFTY,2.1,0.6,50
-0.756544404419599,-0.08883698853111104,0.4483031127892172,272,0.6286764705882353,37.4264705882353,210,0.008826381590418035,-0.02591807421981661,-0.036609237830835716,-1.071805006409158,22777,NIFTY,2.1,0.6,100
-5.789958876880424,-0.40450476239326244,0.36229529788822057,2806,0.49607982893799,2.940841054882395,19,0.0014824226959020239,-0.0061962095926368305,-3.106125650679105,-3.5917823206137562,22777,NIFTY,2.1,1.0,10
-3.3998464527961016,-0.261531301821859,0.3599683891645081,1516,0.5290237467018469,5.408311345646438,34,0.002473361914221954,-0.008251681367711296,-1.5369316332310907,-2.3711326081087667,22777,NIFTY,2.1,1.0,20
-1.8501964869544112,-0.16865811355605362,0.35509505202616676,594,0.5235690235690236,13.557239057239057,63,0.004730464660404222,-0.01337294502794483,-0.9069790306388551,-1.4063899028838185,22777,NIFTY,2.1,1.0,50
-0.9290324460695796,-0.09793107505174709,0.34236290995302276,312,0.5769230769230769,24.89423076923077,99,0.006725604517984742,-0.01869831116789725,-0.28884745611518425,-0.9687208048099993,22777,NIFTY,2.1,1.0,100
-7.116809302107887,-0.4240919556596496,0.2538086666373974,3381,0.3812481514344868,1.709849157054126,7,0.0007407782619476993,-0.0038714861720289787,-3.3919825561934895,-3.7523033360405504,22777,NIFTY,2.1,1.5,10
-4.582579329413982,-0.2914555649539018,0.2426570663388506,1925,0.505974025974026,2.871168831168831,15,0.0012865635127045484,-0.005998216459323903,-2.050559373647957,-2.4006316177948452,22777,NIFTY,2.1,1.5,20
-2.2027827021351394,-0.15940293406408035,0.2331738156912675,831,0.5535499398315282,6.3910950661853185,38,0.00275036374925683,-0.009427593401961898,-0.8917825231157357,-1.3406873043539864,22777,NIFTY,2.1,1.5,50
-1.1833682090346431,-0.10040697960116832,0.22237344689818678,425,0.5882352941176471,11.84470588235294,61,0.003892547909544788,-0.013043012316215926,-0.49932503215885454,-0.8100651457927356,22777,NIFTY,2.1,1.5,100
-3.659262319748146,-0.32240445934996204,0.5243886376607981,1711,0.5371127995324372,6.9789596727060195,52,0.0030593709109337304,-0.009874387435413622,-2.060614224514053,-2.948338757185438,22777,NIFTY,2.5,0.0,10
-2.1512331543431062,-0.21114302057955597,0.5218861131843526,860,0.5430232558139535,13.78139534883721,63,0.004954965699215118,-0.01353332980569591,-1.0923167731212926,-1.912312858983741,22777,NIFTY,2.5,0.0,20
-0.8643140924084218,-0.1040757443432732,0.48057250735390966,334,0.5838323353293413,32.66766467065868,150,0.009386667621528892,-0.022477829533702743,-0.28606468935918306,-1.0079534296273647,22777,NIFTY,2.5,0.0,50
-0.5342391068574557,-0.06891941219605596,0.47539184264828555,163,0.5828220858895705,66.25766871165644,265,0.014432572211088925,-0.032284296650023935,0.15048895420234248,-0.9747267663505215,22777,NIFTY,2.5,0.0,100
-4.0797332055871225,-0.33422396420502204,0.4686306361680643,1826,0.5142387732749178,5.8455640744797375,39,0.002677069031574175,-0.008749147267666756,-2.190828799837302,-3.055897005934959,22777,NIFTY,2.5,0.3,10
-2.343060653014561,-0.2150744827885894,0.4638451069060895,931,0.5316863587540279,11.348012889366272,61,0.0045245882270369304,-0.012251426637124894,-1.1584701700463755,-1.9434806713567978,22777,NIFTY,2.5,0.3,20
-0.8846828590007589,-0.1001860962418054,0.42468279404662596,360,0.5888888888888889,26.772222222222222,117,0.008197656604347072,-0.02030469937256275,-0.3538008841107935,-0.9133914229069149,22777,NIFTY,2.5,0.3,50
-0.6285223493433518,-0.07443313400173403,0.4187118584537033,171,0.5672514619883041,55.60818713450293,229,0.013375396044065686,-0.029967796877235952,0.1419673577218024,-1.0621709103628907,22777,NIFTY,2.5,0.3,100
-4.4522239602490785,-0.3354240504381351,0.4033015761513808,1958,0.507150153217569,4.691521961184883,25,0.002285558287685352,-0.007816183100085519,-2.2793185080868366,-2.9937388038241344,22777,NIFTY,2.5,0.6,10
-2.472258549742539,-0.20820289686205984,0.38964745137638845,1002,0.5429141716566867,8.857285429141717,46,0.0037672239847712395,-0.011025222467931577,-1.141361507475141,-1.8588205351219669,22777,NIFTY,2.5,0.6,20
-1.0582352343167052,-0.10473247730269797,0.3521973921060719,377,0.5649867374005305,21.185676392572944,84,0.007124657330987537,-0.01751768793214152,-0.43202617341622984,-0.9233226359546343,22777,NIFTY,2.5,0.6,50
-0.65688998672604,-0.07194773901674324,0.3437239320367037,186,0.5967741935483871,41.94086021505376,206,0.01077410965834844,-0.027673141926487847,0.00831461875173456,-0.8878740911616456,22777,NIFTY,2.5,0.6,100
-5.046616133255789,-0.33798860199265063,0.30587873732273785,2147,0.48253376804843967,3.2449930135072194,19,0.0018295127035008703,-0.006501319483665183,-2.500544367081989,-2.8270464184431274,22777,NIFTY,2.5,1.0,10
-2.734870491042629,-0.19790920972935303,0.2869561399657549,1096,0.5228102189781022,5.963503649635037,34,0.0029074439043868215,-0.008618895089129223,-1.1388641270024658,-1.702852647398469,22777,NIFTY,2.5,1.0,20
-1.4508203790719032,-0.12240925292108956,0.2642578039250121,402,0.5248756218905473,14.885572139303482,63,0.0056343509815206015,-0.01472294027282742,-0.6713368983779517,-0.9518966366312387,22777,NIFTY,2.5,1.0,50
-0.6946599629495456,-0.06821918794331816,0.24573034201167845,200,0.565,27.845,98,0.008378805270062396,-0.020671507112751727,-0.11486352121689974,-0.7367526020754506,22777,NIFTY,2.5,1.0,100
-5.850204682349858,-0.3333671756436056,0.20538262282126707,2401,0.4277384423157018,1.9483548521449396,7,0.001168362765139313,-0.0046933078431296345,-2.4835579166631616,-2.765138499998882,22777,NIFTY,2.5,1.5,10
-3.417366537176902,-0.20540037668077776,0.18720639241339948,1244,0.49437299035369775,3.427652733118971,15,0.002010410186603836,-0.006683306150715149,-1.4516217543373156,-1.5157755497011536,22777,NIFTY,2.5,1.5,20
-1.5734905565948916,-0.10228845897818294,0.16780085173640075,469,0.5031982942430704,8.149253731343284,38,0.004257874168054587,-0.010252153904879983,-0.46384897799968544,-0.9200445781764683,22777,NIFTY,2.5,1.5,50
-0.79102593759751,-0.062433567455625144,0.15287351275409405,229,0.5283842794759825,15.08296943231441,59,0.005893422412524173,-0.01387540212154873,-0.2982237180502555,-0.48721559916158164,22777,NIFTY,2.5,1.5,100
-3.2940479347277614,-0.27534711358064895,0.43021469025771614,1325,0.5139622641509434,7.393207547169811,52,0.0033837688892646403,-0.010013221367466813,-1.6601384847499714,-2.4840294623094357,22777,NIFTY,3.0,0.0,10
-1.9534973652839955,-0.16924197146428105,0.3822276858234184,588,0.5374149659863946,14.746598639455783,63,0.005021441922081429,-0.014473674877103933,-0.8190051919046988,-1.5310587272898393,22777,NIFTY,3.0,0.0,20
-0.41510374420925505,-0.04734471915350796,0.3170742415594679,217,0.5944700460829493,33.13824884792627,142,0.011542872982272733,-0.022808908383751044,-0.06536128689841976,-0.4527920361584892,22777,NIFTY,3.0,0.0,50
-0.12376867556888264,-0.01772153797376877,0.2930148834350441,102,0.6470588235294118,65.15686274509804,249,0.01674044403287572,-0.034620610435546345,0.07888677838934749,-0.22035944789921824,22777,NIFTY,3.0,0.0,100
-3.6196451400065803,-0.2816840262482579,0.3833252842779997,1396,0.49498567335243554,6.254297994269341,39,0.002969783945343204,-0.008961283143005407,-1.7525131507092517,-2.5130707588774057,22777,NIFTY,3.0,0.3,10
-2.1127981746661026,-0.16901522295269392,0.33336260262545553,612,0.5147058823529411,12.406862745098039,61,0.004468561836199032,-0.012739604285381486,-0.9239156292254777,-1.4521498651301283,22777,NIFTY,3.0,0.3,20
-0.4857596959345413,-0.05071796935423969,0.27659481055450674,225,0.56,27.862222222222222,113,0.010551747898300228,-0.019431968282979134,-0.19653510648274436,-0.3977095183463618,22777,NIFTY,3.0,0.3,50
-0.21841303663913014,-0.025088455697622462,0.2496816964481714,104,0.5865384615384616,54.41346153846154,224,0.016125125354636987,-0.028856106875070175,0.018003651008532892,-0.27518360000369424,22777,NIFTY,3.0,0.3,100
-3.9218994172586896,-0.2782924019134421,0.32598674101066866,1472,0.47690217391304346,5.044157608695652,24,0.0026256843153825795,-0.007859016507225824,-1.797173132410218,-2.4110391887550957,22777,NIFTY,3.0,0.6,10
-2.192166048089696,-0.15889519757894044,0.2729068797471133,637,0.5149136577708007,9.758241758241759,46,0.003921909543008197,-0.011374241560053386,-0.8014500018953854,-1.426804310054422,22777,NIFTY,3.0,0.6,20
-0.6363812424027678,-0.056818626145044494,0.22816876673837644,231,0.5541125541125541,22.363636363636363,83,0.008849340607721076,-0.01777651942088436,-0.25945701629017376,-0.43880888627261755,22777,NIFTY,3.0,0.6,50
-0.23717569695566004,-0.025057025543072032,0.19730429819554815,108,0.6481481481481481,41.351851851851855,134,0.012846320518756903,-0.0302409743595185,-0.10616471584095791,-0.14374987350776197,22777,NIFTY,3.0,0.6,100
-4.410843491536638,-0.27660015340977034,0.24169117969881898,1551,0.4622823984526112,3.5493230174081236,19,0.002119802645739131,-0.006837099530386498,-1.9835311609962252,-2.1987113503511573,22777,NIFTY,3.0,1.0,10
-2.368112308949293,-0.14445329300159326,0.19611889186460024,664,0.47289156626506024,6.727409638554217,34,0.0032285815841015175,-0.008648153680555857,-0.7936588768378461,-1.219420293948827,22777,NIFTY,3.0,1.0,20
-0.8421876541216605,-0.0647270029682158,0.16521051938358872,237,0.510548523206751,15.746835443037975,52,0.007276892532611406,-0.014592596456983851,-0.4523072193692024,-0.3599299731949442,22777,NIFTY,3.0,1.0,50
-0.19164240584354095,-0.018982364022950515,0.13698028713175572,114,0.6228070175438597,27.12280701754386,82,0.01060808314523196,-0.02215526058024646,-0.05982829001925604,-0.13967401161987275,22777,NIFTY,3.0,1.0,100
-4.707802317353074,-0.2485936199489908,0.1573078105106028,1662,0.42117930204572807,2.1558363417569195,7,0.0015283088289314145,-0.004956253089538882,-1.7166244884282285,-1.9814748034561878,22777,NIFTY,3.0,1.5,10
-2.769954569787212,-0.13966768104110971,0.12429204899679501,702,0.443019943019943,4.032763532763533,15,0.0023780117569283028,-0.006858185041886217,-0.9318244824378644,-1.0101642125349442,22777,NIFTY,3.0,1.5,20
-0.9642155778642818,-0.053172212270251026,0.10190104052333494,248,0.49193548387096775,9.358870967741936,36,0.004936366246627536,-0.010330412002690074,-0.24572250244102253,-0.45367272780936785,22777,NIFTY,3.0,1.5,50
-0.31409427499715253,-0.023408625349075663,0.0849541203845985,118,0.6694915254237288,16.161016949152543,51,0.006643527317871656,-0.020385058315542565,-0.1363559413783581,-0.13382267481594087,22777,NIFTY,3.0,1.5,100
-4.855735260214952,-0.6012048968070957,0.6934147210835858,3104,0.5882731958762887,5.013853092783505,34,0.00256159965544255,-0.012746520628575548,-4.613884459480559,-6.998687933000897,22444,BANKNIFTY,1.0,0.0,10
-3.3890302310032308,-0.49435297206082474,0.7563268579575834,1727,0.614939200926462,9.828025477707007,92,0.003939638475136394,-0.01912558590690683,-3.3296795618424873,-5.204939005655705,22444,BANKNIFTY,1.0,0.0,20
-1.773201682094225,-0.32323300100485103,0.7991890928533238,772,0.6463730569948186,23.234455958549223,156,0.007170602264848582,-0.030547287637031965,-1.687284477021885,-3.073994517728397,22444,BANKNIFTY,1.0,0.0,50
-1.1196308846234058,-0.22976192820129057,0.7989663161646765,396,0.6792929292929293,45.166666666666664,293,0.01121353665474384,-0.048137875497891516,-0.6376921076762444,-2.4593767204298844,22444,BANKNIFTY,1.0,0.0,100
-5.575116422206995,-0.6374491660898732,0.6423543040456247,3722,0.5765717356260075,3.8734551316496506,34,0.001882465595079179,-0.010717452436609626,-5.357119903499304,-7.493813969557548,22444,BANKNIFTY,1.0,0.3,10
-3.822520414916584,-0.5206271726509178,0.6947068258777401,2176,0.6125919117647058,7.164522058823529,91,0.0028502317765574346,-0.015457177889379236,-3.684117408125464,-5.546924594470173,22444,BANKNIFTY,1.0,0.3,20
-2.0542518524552302,-0.3510362257417415,0.7391730529317412,1008,0.6726190476190477,16.458333333333332,147,0.005125016853245936,-0.026628659263581614,-1.8152394373359004,-3.497456693145288,22444,BANKNIFTY,1.0,0.3,50
-1.1482992081783998,-0.22423998483286783,0.7284797718766708,528,0.6837121212121212,30.87878787878788,246,0.008424586266775723,-0.036531526571925634,-0.623693571436964,-2.435795723768581,22444,BANKNIFTY,1.0,0.3,100
-6.977426410089893,-0.7051629428231865,0.5859472464801283,4526,0.5207688908528502,2.905656208572691,34,0.001112116404435331,-0.008354833303987992,-6.877297800539944,-8.623077270555935,22444,BANKNIFTY,1.0,0.6,10
-4.743831877348578,-0.5719962474473425,0.6249777223311352,2877,0.6006256517205423,4.874869655891554,50,0.0016798441823262945,-0.011864551228124518,-4.487712529951223,-6.241886084104012,22444,BANKNIFTY,1.0,0.6,20
-2.585230078394383,-0.40029100913897675,0.6730529317412226,1465,0.6757679180887372,10.311262798634813,89,0.0030533305168585164,-0.01971262727771913,-2.3791190953327597,-3.961581649893895,22444,BANKNIFTY,1.0,0.6,50
-1.641509612786982,-0.2858020993411268,0.6628943147389057,767,0.7144719687092569,19.33767926988266,238,0.00483799519589812,-0.030953179243761345,-1.178778690130913,-2.948746196900652,22444,BANKNIFTY,1.0,0.6,100
-10.262977225633989,-0.8246951568809483,0.5084209588308679,6001,0.09648391934677554,1.9015164139310115,18,0.0008022087674281778,-0.004172954759000449,-10.417311297393322,-11.743970529566194,22444,BANKNIFTY,1.0,1.0,10
-8.275186910177787,-0.7563952488595842,0.535644270183568,4524,0.07449160035366932,2.6573828470380194,34,0.0006625847049202495,-0.004342068434547205,-8.270463666328041,-9.686485823562984,22444,BANKNIFTY,1.0,1.0,20
-5.511752667025958,-0.6421678458460804,0.5753876314382463,3066,0.05968688845401174,4.212002609262883,83,0.000595717833482843,-0.004545272485731782,-5.815050323230627,-7.1799538896067405,22444,BANKNIFTY,1.0,1.0,50
-3.972061743161209,-0.5282371837485416,0.5705756549634646,2047,0.060576453346360526,6.255495847581827,141,0.0005359110536481551,-0.004936002402122985,-3.9717707322457803,-5.45370891638435,22444,BANKNIFTY,1.0,1.0,100
-17.873900478162756,-0.9577239053571723,0.4359294243450365,7595,0.01000658327847268,1.288215931533904,10,0.0007813927967851405,-0.00537508798300643,-19.468975123379742,-20.886925568289946,22444,BANKNIFTY,1.0,1.5,10
-17.969151229547645,-0.9647333107237743,0.4444394938513634,6444,0.000931098696461825,1.547951582867784,17,0.001066767931383688,-0.006626421958874657,-20.007387189369727,-22.647116774277016,22444,BANKNIFTY,1.0,1.5,20
-17.19434879337074,-0.9832480214723878,0.4669399394047407,5576,0.0,1.87948350071736,36,,-0.009337938441275577,-24.146612699241647,-27.921732049310968,22444,BANKNIFTY,1.0,1.5,50
-17.008680459528108,-0.9886359953675621,0.45883086793797895,4555,0.0,2.2608122941822173,83,,-0.012497442016147838,-24.831611606511874,-32.09423677704153,22444,BANKNIFTY,1.0,1.5,100
-4.125382861329026,-0.5226863675398004,0.6453395116734985,2543,0.5804168305151396,5.695635076681086,34,0.003331750410956607,-0.013349856558948913,-3.5608847897072615,-5.765748552119277,22444,BANKNIFTY,1.5,0.0,10
-2.774014703700758,-0.41337204364976865,0.6902958474425236,1361,0.6039676708302718,11.382072005878031,86,0.005349288563294921,-0.020498113947975488,-2.5324254610839327,-4.118942757846431,22444,BANKNIFTY,1.5,0.0,20
-1.40447096575914,-0.25947610132529747,0.7190785956157547,591,0.6074450084602369,27.307952622673437,155,0.009885164451652752,-0.03092013135429615,-1.217961975238384,-2.4067344608149854,22444,BANKNIFTY,1.5,0.0,50
-0.9271322006179074,-0.18869509976764998,0.7161824986633398,298,0.6442953020134228,53.79194630872483,290,0.014777112851321264,-0.04989496650898604,-0.42595137406678374,-2.0257094084320544,22444,BANKNIFTY,1.5,0.0,100
-4.586634744550492,-0.542317053000171,0.588620566743896,2901,0.573250603240262,4.553946914856946,34,0.002742475908035802,-0.011668378693352651,-3.9654315115858187,-5.919283875721226,22444,BANKNIFTY,1.5,0.3,10
-2.9869528693690053,-0.4187602276802007,0.6227054001069328,1592,0.5973618090452262,8.777638190954773,85,0.004369413722748941,-0.017065936104063345,-2.5754096100140504,-4.208542982356308,22444,BANKNIFTY,1.5,0.3,20
-1.5985924125588966,-0.2771373910997788,0.6575476742113705,688,0.6162790697674418,21.450581395348838,140,0.008075597834939479,-0.02791353816132255,-1.206569854260148,-2.7385507383146663,22444,BANKNIFTY,1.5,0.3,50
-0.9220515742043716,-0.17754776613085047,0.636472999465336,351,0.6267806267806267,40.572649572649574,243,0.012400596557247467,-0.03860697818494305,-0.39917256842192905,-1.930210331211168,22444,BANKNIFTY,1.5,0.3,100
-5.44820872951337,-0.5852388985216538,0.5236588843343433,3346,0.5633592349073521,3.51255230125523,34,0.002077043013249331,-0.01031079658166173,-4.769744127726763,-6.379103598106035,22444,BANKNIFTY,1.5,0.6,10
-3.4289890324729684,-0.4326482956847855,0.546693993940474,1890,0.5867724867724867,6.491005291005291,51,0.0033609521000579857,-0.013919494618222835,-2.7283012780363367,-4.415528139831391,22444,BANKNIFTY,1.5,0.6,20
-1.7750951259900134,-0.2834052728829175,0.5795312778470861,856,0.6366822429906542,15.195093457943925,88,0.006080032187367064,-0.023769617495114356,-1.3282683587522952,-2.75046514011322,22444,BANKNIFTY,1.5,0.6,50
-1.2187331866349758,-0.21139890794523167,0.5671448939582963,423,0.6359338061465721,29.988179669030732,229,0.009506191969816134,-0.035267493531993946,-0.6624228364228602,-2.2116055276236666,22444,BANKNIFTY,1.5,0.6,100
-6.782357616900185,-0.6356354956765229,0.43232044198895025,4244,0.5094250706880301,2.286286522148916,19,0.0011841486424506735,-0.007387885160328567,-5.685839577584382,-7.135607961241338,22444,BANKNIFTY,1.5,1.0,10
-4.535375320469674,-0.49357832272916624,0.44408305114952773,2579,0.5843350135711516,3.8646762310973246,34,0.0019362940452176901,-0.01076290158549044,-3.652563484420505,-4.967271889082188,22444,BANKNIFTY,1.5,1.0,20
-2.485034269043502,-0.33574148541730886,0.4682765995366245,1225,0.636734693877551,8.579591836734695,84,0.0035174307911630094,-0.017652655508819132,-1.951582589911672,-3.160253094405695,22444,BANKNIFTY,1.5,1.0,50
-1.5778761795514629,-0.24527105077351005,0.46653894136517554,627,0.6539074960127592,16.700159489633172,140,0.005731688541997994,-0.02665117412281987,-1.0789837871991534,-2.354328695233581,22444,BANKNIFTY,1.5,1.0,100
-10.973133894107356,-0.78896667937616,0.34686330422384604,5545,0.06853020739404869,1.4039675383228134,10,0.0007058159046884247,-0.003890760810780674,-9.372894212472257,-10.45467533142832,22444,BANKNIFTY,1.5,1.5,10
-8.791413540686678,-0.7099365661016395,0.34329887720548924,4094,0.04567659990229604,1.8820224719101124,18,0.000556013688651058,-0.004059616943379547,-7.492828749345692,-8.264120088660448,22444,BANKNIFTY,1.5,1.5,20
-5.8500106385595725,-0.5936181003492252,0.34837818570664764,2880,0.030208333333333334,2.7149305555555556,37,0.0004913634792319019,-0.004109988612093539,-5.300492779598199,-6.13595679128588,22444,BANKNIFTY,1.5,1.5,50
-4.13492862144928,-0.48448418970004625,0.3427642131527357,1913,0.02561421850496602,4.021432305279665,82,0.0003614220936382383,-0.004494115609163267,-3.727428190297436,-4.631893622594619,22444,BANKNIFTY,1.5,1.5,100
-3.696351367583512,-0.46365692357392824,0.5838085902691142,2081,0.5559827006246997,6.296492071119654,34,0.003941808898927687,-0.013437068412535839,-2.960963364905417,-4.894214952218364,22444,BANKNIFTY,2.0,0.0,10
-2.37594120204438,-0.35168765276737174,0.6138388878987703,1101,0.59763851044505,12.513169845594915,85,0.006307902474285039,-0.021534061142796726,-1.91107613125117,-3.477913126928224,22444,BANKNIFTY,2.0,0.0,20
-1.2735880384490998,-0.223738082441638,0.6153537693815719,452,0.5907079646017699,30.555309734513273,154,0.011524903166539268,-0.03307043212547537,-0.834993314306921,-2.205887483440038,22444,BANKNIFTY,2.0,0.0,50
-0.8037674938371795,-0.15853670190826882,0.6138388878987703,223,0.5964125560538116,61.591928251121075,285,0.01909143884450924,-0.050486991364939886,-0.22408489997436254,-1.7805829565504991,22444,BANKNIFTY,2.0,0.0,100
-4.018358764032836,-0.4735060403765923,0.5237479950098022,2293,0.5473179241168774,5.12647187091147,33,0.0034165333888569183,-0.011940948146099603,-3.137011320969318,-4.969943451666637,22444,BANKNIFTY,2.0,0.3,10
-2.5253519340266677,-0.35074862513982635,0.5438424523257887,1218,0.5755336617405583,10.021346469622332,84,0.0054999411188871705,-0.0178711219822459,-1.9081767654060018,-3.4757345750752213,22444,BANKNIFTY,2.0,0.3,20
-1.4125147230105912,-0.2327566013575292,0.5574318303332739,502,0.5936254980079682,24.922310756972113,133,0.00984762427602345,-0.03008481207185858,-0.7829769221676425,-2.4197327062365206,22444,BANKNIFTY,2.0,0.3,50
-0.744928673527729,-0.1398632338643627,0.5421047941543397,253,0.5968379446640316,47.92490118577075,238,0.015785316745560253,-0.04076543443619209,-0.12612759155085693,-1.648363892361139,22444,BANKNIFTY,2.0,0.3,100
-4.648491369336969,-0.5026616267159056,0.4577615398324719,2529,0.5373665480427047,4.062475286674575,33,0.002822430417231099,-0.010834609235554373,-3.67339115247854,-5.167418716103014,22444,BANKNIFTY,2.0,0.6,10
-2.8036206411381364,-0.34749930771419324,0.461058634824452,1343,0.5681310498883098,7.705137751303053,49,0.004461533267419831,-0.015135843206213175,-1.8898906124785724,-3.484748564083737,22444,BANKNIFTY,2.0,0.6,20
-1.4239868996957175,-0.21915112743570156,0.4769648903938692,581,0.6006884681583476,18.42512908777969,87,0.008256239046243103,-0.02536067636697333,-0.7911519755554712,-2.2110975144434972,22444,BANKNIFTY,2.0,0.6,50
-1.0347918460142664,-0.17251305486481808,0.4669399394047407,277,0.6064981949458483,37.68231046931408,225,0.012671723085849726,-0.04042961549782518,-0.4465409721806153,-1.8314376386595752,22444,BANKNIFTY,2.0,0.6,100
-5.392895725266981,-0.5174988086935852,0.35818036000712883,2924,0.5194938440492476,2.749316005471956,19,0.0020543353440287972,-0.008800039988028214,-4.001556030209097,-5.241964765390799,22444,BANKNIFTY,2.0,1.0,10
-3.5225205041481504,-0.37527899496716,0.3558189271074675,1561,0.5502882767456758,5.11595131326073,34,0.0033149029642119037,-0.01254238389780214,-2.3462066818149134,-3.6110451681841633,22444,BANKNIFTY,2.0,1.0,20
-1.7990658920077842,-0.23409117155873635,0.3700766351808947,694,0.600864553314121,11.968299711815561,83,0.0061052634349233305,-0.021146302874182434,-0.9651802662172977,-2.346450777568208,22444,BANKNIFTY,2.0,1.0,50
-1.2623931826643027,-0.19020197682671947,0.36722509356620925,328,0.5670731707317073,25.128048780487806,133,0.009442292035961366,-0.030278748223996264,-0.5740340251745298,-1.9692819039441263,22444,BANKNIFTY,2.0,1.0,100
-6.884371860760035,-0.5656936855821278,0.25993584031366956,3551,0.3815826527738665,1.6429174880315405,10,0.0009692436005897086,-0.005428821978923198,-4.853555564242116,-5.754812422674172,22444,BANKNIFTY,2.0,1.5,10
-4.851015878014129,-0.42783993033105316,0.2495544466227054,2054,0.5068159688412853,2.7268743914313536,18,0.0015739203157257525,-0.008616686163270354,-3.1583263584934747,-3.931925676228885,22444,BANKNIFTY,2.0,1.5,20
-2.1592984062308487,-0.23383694901481167,0.24492069149884158,1022,0.5978473581213307,5.37866927592955,37,0.0032250603495736956,-0.012962508682866507,-1.1730969284405854,-2.1839822666280213,22444,BANKNIFTY,2.0,1.5,50
-1.5267868203413757,-0.19363040954649674,0.24558902156478346,499,0.5891783567134269,11.046092184368737,82,0.004924125142050995,-0.020064174188271056,-0.855818197878587,-1.8096447189539868,22444,BANKNIFTY,2.0,1.5,100
-3.6276742367130144,-0.45381966897657233,0.5690162181429336,1988,0.5563380281690141,6.424044265593562,34,0.004054371160971606,-0.013730468127744562,-2.8323468975653174,-4.793791487070788,22444,BANKNIFTY,2.1,0.0,10
-2.2820208338754067,-0.3375709833098333,0.5964177508465515,1050,0.5923809523809523,12.748571428571429,85,0.006696777912134274,-0.0216861201474125,-1.7467309985833472,-3.369532563161683,22444,BANKNIFTY,2.1,0.0,20
-1.2235416178167025,-0.21432486113282323,0.5977098556407058,435,0.593103448275862,30.839080459770116,154,0.011723114725112647,-0.03342287191846038,-0.8279544930730183,-2.063330237415405,22444,BANKNIFTY,2.1,0.0,50
-0.8551721792534673,-0.16504602619465267,0.5973979682765995,207,0.5845410628019324,64.57004830917874,285,0.019110563633620938,-0.05137963806817902,-0.25118736026254296,-1.8550833139327203,22444,BANKNIFTY,2.1,0.0,100
-3.923993816793549,-0.4617786449157152,0.5085100695063268,2180,0.5504587155963303,5.235321100917432,33,0.0035063246276893123,-0.01228127485371029,-2.9882589942412396,-4.839800809167668,22444,BANKNIFTY,2.1,0.3,10
-2.3900073206061,-0.3324737030325179,0.5281144181072892,1164,0.5867697594501718,10.18298969072165,84,0.005707858920869054,-0.018565612268197883,-1.6985910553328591,-3.333000802716758,22444,BANKNIFTY,2.1,0.3,20
-1.3371478732892668,-0.2202417488236578,0.5402334699697023,480,0.5958333333333333,25.260416666666668,133,0.010180300471910425,-0.030466559169775545,-0.7261809012570635,-2.2727656427130105,22444,BANKNIFTY,2.1,0.3,50
-0.756090380704484,-0.13991801185361183,0.5250400998039565,235,0.5829787234042553,49.96595744680851,238,0.016262609224910324,-0.040864928596611255,-0.11042697560278439,-1.6663585630524034,22444,BANKNIFTY,2.1,0.3,100
-4.549399602331852,-0.4901874917310907,0.4437711637854215,2379,0.5258511979823455,4.186633039092055,33,0.002966915191879281,-0.010849450901896346,-3.506780326449468,-5.01978938584863,22444,BANKNIFTY,2.1,0.6,10
-2.623424285569451,-0.3258466224646597,0.44715736945286044,1273,0.5695208169677927,7.883739198743126,49,0.0047852182911168805,-0.01537972744003368,-1.661491526497515,-3.297315849581205,22444,BANKNIFTY,2.1,0.6,20
-1.3573465856101987,-0.20803606367524982,0.45963286401710923,544,0.5863970588235294,18.96323529411765,87,0.008819748029917146,-0.025059977096484793,-0.7391867840540303,-2.085808441111479,22444,BANKNIFTY,2.1,0.6,50
-1.0261442843001811,-0.169527150497113,0.4521030119408305,255,0.592156862745098,39.627450980392155,223,0.013394108020532048,-0.04091387118181588,-0.41318023639310797,-1.8193520554154035,22444,BANKNIFTY,2.1,0.6,100
-5.215834243600001,-0.49906677609330874,0.34508109071466764,2717,0.5057048214942952,2.8505704821494295,19,0.002249595779350207,-0.008829826699365972,-3.749556781999357,-5.017955874421961,22444,BANKNIFTY,2.1,1.0,10
-3.268368144288438,-0.34955318599637225,0.3429424345036535,1457,0.543582704186685,5.282772820864791,34,0.0036951318139483305,-0.012586382694108058,-2.08641975269319,-3.3569803422415894,22444,BANKNIFTY,2.1,1.0,20
-1.7036208139161098,-0.21980375693334755,0.35359116022099446,634,0.6009463722397477,12.517350157728707,82,0.006445603138968967,-0.02187161579271998,-0.8524835095959298,-2.2252604900150494,22444,BANKNIFTY,2.1,1.0,50
-1.211171595334979,-0.18170540874191532,0.3508732846194974,298,0.5637583892617449,26.426174496644297,133,0.009649934430211985,-0.03101670915531533,-0.5947397117192079,-1.8162434941961705,22444,BANKNIFTY,2.1,1.0,100
-6.513895775833319,-0.5359795707485095,0.24616824095526643,3230,0.4244582043343653,1.7105263157894737,10,0.001126556583595542,-0.006083736892518164,-4.433595217002189,-5.331562590079587,22444,BANKNIFTY,2.1,1.5,10
-4.467478115253561,-0.3947091431390445,0.23703439672072715,1838,0.5190424374319913,2.894450489662677,18,0.0018756394936227053,-0.009233031654784351,-2.810308386483177,-3.562331519430128,22444,BANKNIFTY,2.1,1.5,20
-1.8766735626609878,-0.20175714137072867,0.22692033505613973,867,0.6020761245674741,5.874279123414071,37,0.003784797226103948,-0.013943497273684234,-0.8819621398376063,-1.9528802675571928,22444,BANKNIFTY,2.1,1.5,50
-1.343291212928821,-0.1705638269039939,0.23048476207449653,434,0.5829493087557603,11.919354838709678,82,0.0057731460927555635,-0.02082118241662011,-0.7358261638191379,-1.572201892121944,22444,BANKNIFTY,2.1,1.5,100
-3.2363263637926027,-0.3985527649477983,0.5084209588308679,1684,0.5546318289786223,6.776128266033254,34,0.00443215726882874,-0.014058847781076335,-2.3503133820677804,-4.054187564653427,22444,BANKNIFTY,2.5,0.0,10
-2.16832298614902,-0.30551823378398535,0.5156834788807699,839,0.5613825983313468,13.794994040524434,83,0.0073446419318166705,-0.021711166798267886,-1.5030930544207224,-3.027289977456208,22444,BANKNIFTY,2.5,0.0,20
-1.1316172069743098,-0.18922839468337177,0.5017822135091784,336,0.5565476190476191,33.517857142857146,154,0.01303925445443439,-0.03319129593386169,-0.8031699064765664,-1.703992604689596,22444,BANKNIFTY,2.5,0.0,50
-0.6971000522846182,-0.13156055794991445,0.5123418285510604,167,0.5688622754491018,68.65269461077844,279,0.0220675612259854,-0.05171100402314543,-0.08881920978994608,-1.5379547634079123,22444,BANKNIFTY,2.5,0.0,100
-3.4844025953036386,-0.40328533706053404,0.44929602566387455,1815,0.5487603305785124,5.555922865013774,33,0.003867994276952324,-0.012660984093487808,-2.424111504431273,-4.092712168290728,22444,BANKNIFTY,2.5,0.3,10
-2.262695938080956,-0.30054100139289497,0.45348422741044375,907,0.5523704520396913,11.221609702315325,82,0.00631438065596894,-0.01874369341166883,-1.5042480556439362,-2.9421867608531693,22444,BANKNIFTY,2.5,0.3,20
-1.284290245363695,-0.19892749638220714,0.44849402958474427,357,0.5602240896358543,28.19607843137255,131,0.011229568177877482,-0.0313217522242659,-0.7704444567662759,-1.9011570068679737,22444,BANKNIFTY,2.5,0.3,50
-0.5422620566882791,-0.09878725830162641,0.4424345036535377,185,0.5837837837837838,53.49189189189189,232,0.01926837192675244,-0.04260545461932873,0.1371970276199496,-1.3368328652189974,22444,BANKNIFTY,2.5,0.3,100
-3.9625898372887933,-0.42247357966389976,0.3879433256104081,1935,0.5260981912144703,4.499741602067184,23,0.003340040777935285,-0.011275162417172023,-2.815269299542593,-4.123893125066031,22444,BANKNIFTY,2.5,0.6,10
-2.3617515450212934,-0.27935881461655554,0.3769381571912315,974,0.5410677618069816,8.685831622176591,49,0.005342936480814907,-0.015512309895064491,-1.3241730386186106,-2.7941019590857596,22444,BANKNIFTY,2.5,0.6,20
-1.2982734207126139,-0.1856877878180945,0.3694974157904117,386,0.5595854922279793,21.484455958549223,86,0.009548796106349386,-0.026776306865791074,-0.7916640654395056,-1.6977681427735094,22444,BANKNIFTY,2.5,0.6,50
-0.8243005007950281,-0.13118544728655876,0.3778738192835502,194,0.5773195876288659,43.54123711340206,223,0.016152128773007073,-0.04246156333842778,-0.17398814762122808,-1.4988216235530578,22444,BANKNIFTY,2.5,0.6,100
-4.535642947632602,-0.4271046542683179,0.29455533772945997,2113,0.4988168480832939,3.128726928537624,19,0.0026359200497388462,-0.00929205568422,-2.926179534278106,-4.135847702886132,22444,BANKNIFTY,2.5,1.0,10
-2.800166106781384,-0.28418709234016776,0.2829709499198004,1071,0.5415499533146592,5.9299719887955185,33,0.004159819671043669,-0.013526271788739958,-1.5567311074239982,-2.6719729316419936,22444,BANKNIFTY,2.5,1.0,20
-1.6047985445519182,-0.1887251804821655,0.2754856531812511,422,0.5450236966824644,14.651658767772512,82,0.007692805930405344,-0.022728766324779937,-0.778347496614592,-1.8162302737499263,22444,BANKNIFTY,2.5,1.0,50
-0.8365762480704538,-0.12341847923874315,0.2781589734450187,215,0.5953488372093023,29.037209302325582,131,0.012081313346606792,-0.0354375182141828,-0.21103523994705506,-1.3256207363211792,22444,BANKNIFTY,2.5,1.0,100
-5.374149580217467,-0.4379034477673202,0.2013455711994297,2337,0.45656824989302525,1.933675652545999,10,0.0017052294994682076,-0.007197974147283312,-3.2515383753738387,-4.070408915743389,22444,BANKNIFTY,2.5,1.5,10
-3.5162186386546646,-0.29756686211975986,0.1865086437355195,1208,0.49503311258278143,3.4652317880794703,18,0.0028827636135422084,-0.01016658258788349,-1.953946700003625,-2.5237760377070626,22444,BANKNIFTY,2.5,1.5,20
-1.5567040339843463,-0.1450436115144048,0.1662359650686152,486,0.5699588477366255,7.676954732510288,34,0.005200013908858793,-0.016306580548648628,-0.6098732771367288,-1.357798204776949,22444,BANKNIFTY,2.5,1.5,50
-0.8672057793893303,-0.10476554673772262,0.16650329709499198,251,0.5856573705179283,14.888446215139442,82,0.008459139055939738,-0.02485805130929682,-0.25291286578530037,-1.0888310291584269,22444,BANKNIFTY,2.5,1.5,100
-2.9761847946730176,-0.3446956780594922,0.41819639992871144,1310,0.5396946564885496,7.1648854961832065,34,0.004753385573408137,-0.014407890765535407,-1.90596496846157,-3.4213495627567267,22444,BANKNIFTY,3.0,0.0,10
-1.9131220882568507,-0.24855472631199524,0.4043396898948494,610,0.5344262295081967,14.87704918032787,83,0.00786317057350046,-0.021489610318191934,-1.1134409411757749,-2.426214782229584,22444,BANKNIFTY,3.0,0.0,20
-1.0888430223251153,-0.16137429926324595,0.3675815362680449,224,0.5267857142857143,36.830357142857146,137,0.013631503764337041,-0.03499154634518609,-0.5734477950959762,-1.5271386733019785,22444,BANKNIFTY,3.0,0.0,50
-0.6938513611475065,-0.11545745026974642,0.356353591160221,110,0.5727272727272728,72.42727272727272,242,0.019569027189754694,-0.05634412789181162,-0.34359027191820124,-1.0717350260423988,22444,BANKNIFTY,3.0,0.0,100
-3.163869334043628,-0.34504507300730863,0.3665122081625379,1380,0.5362318840579711,5.960869565217391,33,0.004179804646484595,-0.013178696456320757,-1.952024874853113,-3.3892854187935706,22444,BANKNIFTY,3.0,0.3,10
-1.9189771767880464,-0.23452795411351743,0.3469969702370344,645,0.5441860465116279,12.074418604651163,82,0.006542595935667818,-0.019076372969261034,-1.0940506545805073,-2.2179518249628325,22444,BANKNIFTY,3.0,0.3,20
-1.2420346184117348,-0.1715402749728731,0.3260559615041882,232,0.521551724137931,31.54310344827586,131,0.012213201119787947,-0.033662999748451154,-0.6170070017564476,-1.6417886348272888,22444,BANKNIFTY,3.0,0.3,50
-0.44993146460130773,-0.07261538326434996,0.2867581536268045,115,0.5478260869565217,55.69565217391305,227,0.02083004320029829,-0.04171385721037332,0.00012293899086462576,-0.8569507923114851,22444,BANKNIFTY,3.0,0.3,100
-3.5833092386982246,-0.3599991043282585,0.31451612903225806,1451,0.5161957270847691,4.864920744314266,22,0.0036087279682358473,-0.011882893030972182,-2.3016937891742266,-3.337159870359595,22444,BANKNIFTY,3.0,0.6,10
-1.9640390243911836,-0.21164125085818486,0.28533238281946177,679,0.5257731958762887,9.431516936671576,49,0.005798972130561636,-0.015702341672814948,-1.007721974898232,-1.9781989931376767,22444,BANKNIFTY,3.0,0.6,20
-1.185892008631469,-0.15143794620482703,0.259490286936375,243,0.5473251028806584,23.967078189300413,86,0.010203807234594554,-0.03033821612803816,-0.6378041882775635,-1.3422932236055587,22444,BANKNIFTY,3.0,0.6,50
-0.6762481730875752,-0.09575313290462958,0.24558902156478346,118,0.559322033898305,46.44915254237288,223,0.017755533487386045,-0.04521079021347956,-0.20419292145287937,-0.9749029594805787,22444,BANKNIFTY,3.0,0.6,100
-3.9185281900228537,-0.35045288395828544,0.23159864551773301,1523,0.4891661195009849,3.4130006565988182,19,0.002970827311509469,-0.009870458055168459,-2.2241508542665867,-3.24179916557992,22444,BANKNIFTY,3.0,1.0,10
-2.338022420672218,-0.2129831164185726,0.20486544288005704,701,0.49358059914407987,6.5592011412268185,33,0.005062134158328767,-0.013459758492490767,-1.1620576754535719,-1.8646581705988967,22444,BANKNIFTY,3.0,1.0,20
-1.3575869883221494,-0.14072469232871257,0.18802352521832116,254,0.531496062992126,16.614173228346456,82,0.008557942899948478,-0.02545767180290412,-0.5793677464404063,-1.2947729066121396,22444,BANKNIFTY,3.0,1.0,50
-0.7731152263938363,-0.09428546353145922,0.17871145963286403,123,0.5447154471544715,32.609756097560975,131,0.014536494093748553,-0.03771049394151644,-0.19757864434676947,-0.9402639120969981,22444,BANKNIFTY,3.0,1.0,100
-4.476231765775106,-0.3439440305380724,0.15371591516663696,1609,0.4381603480422623,2.144188937228092,10,0.0022231227680522157,-0.00765841719544894,-2.3121239452869733,-3.043783647922056,22444,BANKNIFTY,3.0,1.5,10
-2.872277868472538,-0.22202887556263137,0.13544822669755838,743,0.48048452220726784,4.091520861372813,18,0.003612624225032675,-0.01158563811363357,-1.450385603702634,-1.7319638598232596,22444,BANKNIFTY,3.0,1.5,20
-1.2028874486358336,-0.09154622549335305,0.1072446979148102,265,0.5169811320754717,9.083018867924528,33,0.006215289325763388,-0.016092577371466528,-0.4834756464252816,-0.7248796194928498,22444,BANKNIFTY,3.0,1.5,50
-0.8462976560630254,-0.07950859464257844,0.10956157547674211,134,0.5597014925373134,18.350746268656717,81,0.010078152691644582,-0.02979847152694112,-0.1898480979740527,-0.8124002702421295,22444,BANKNIFTY,3.0,1.5,100
-5.134141131380897,-0.681539634826058,0.6738395038526592,1437,0.5942936673625608,4.985386221294363,37,0.003013036645209504,-0.01613789628849259,-2.375654040166571,-4.459606201015693,10642,RELIANCE,1.0,0.0,10
-3.620352499555338,-0.5802148171147332,0.7363277579402367,836,0.6303827751196173,9.360047846889952,68,0.00488459739350383,-0.0247923732004303,-1.7647498911188175,-3.321910601437626,10642,RELIANCE,1.0,0.0,20
-1.7745325968853392,-0.36742836368372933,0.7727870700996053,395,0.6911392405063291,20.744303797468355,129,0.008302831935898031,-0.03975931801996215,-0.7378841945103751,-1.8460794854248443,10642,RELIANCE,1.0,0.0,50
-1.04731278216698,-0.24747200210151046,0.769404247321932,198,0.696969696969697,41.323232323232325,334,0.011783940277154063,-0.05454113221217305,0.09270438633260869,-1.7389885608157318,10642,RELIANCE,1.0,0.0,100
-5.7919711335221,-0.7099817936287922,0.6259161811689532,1722,0.5795586527293844,3.8641114982578397,37,0.0022383332934805475,-0.013310465151017208,-2.796669463801864,-4.606250678641009,10642,RELIANCE,1.0,0.3,10
-3.980546334905864,-0.595324958894752,0.6759067844390152,1070,0.6514018691588785,6.71588785046729,68,0.0035089865436567745,-0.020889844801734857,-1.8678991385162584,-3.478249351602072,10642,RELIANCE,1.0,0.3,20
-2.0521381696120926,-0.39760429641128275,0.7002443149783876,503,0.6719681908548708,14.755467196819085,106,0.006406283480822745,-0.030718132741854767,-0.9105143009420588,-1.9926537849458905,10642,RELIANCE,1.0,0.3,50
-1.2199712711695665,-0.26861649367510354,0.7054125164442774,259,0.6988416988416989,28.961389961389962,252,0.009480860268347236,-0.04496108032333114,-0.1300151819446417,-1.6609133747043374,10642,RELIANCE,1.0,0.3,100
-7.026036179756291,-0.7655717070826649,0.5714151475286601,2105,0.5429928741092637,2.8855106888361046,30,0.0012966467703277224,-0.010581995946504922,-3.6080469777865303,-5.089765864266619,10642,RELIANCE,1.0,0.6,10
-4.964185406889915,-0.6573025366425975,0.6149220071415148,1374,0.6331877729257642,4.75764192139738,45,0.002131268331313445,-0.016332653613500826,-2.4513425457960816,-3.9261114271656368,10642,RELIANCE,1.0,0.6,20
-2.636573836147205,-0.4629303135315988,0.6407630144709641,717,0.7112970711297071,9.468619246861925,88,0.0038629939281698347,-0.02700355739251589,-1.0989849545322414,-2.5206245223519317,10642,RELIANCE,1.0,0.6,50
-1.5840404375068007,-0.3172109494264153,0.6362525841007329,392,0.7295918367346939,17.257653061224488,168,0.005777997659454205,-0.036229758345866996,-0.38430237893710006,-1.8035446751208983,10642,RELIANCE,1.0,0.6,100
-10.146177269082271,-0.8650863111629049,0.490791204660778,2822,0.10453579021970234,1.8483345145287031,13,0.0009344365180150185,-0.00488770762890141,-5.278228115356744,-6.797350290062689,10642,RELIANCE,1.0,1.0,10
-8.165278405717444,-0.8205821964773267,0.5273444841195264,2105,0.1016627078384798,2.66270783847981,27,0.0007230724881528883,-0.005535809852297117,-4.400028398759472,-5.913450519469658,10642,RELIANCE,1.0,1.0,20
-5.59215023796546,-0.7117902617824595,0.55102424356324,1384,0.078757225433526,4.226878612716763,65,0.0008325699614019056,-0.005864452236803937,-2.968457062447621,-4.417969413684588,10642,RELIANCE,1.0,1.0,50
-4.029044973397333,-0.5907010119706245,0.5400300695358016,1001,0.06493506493506493,5.7382617382617385,114,0.0005555845770065511,-0.005690849019578438,-2.00772385716062,-3.2827978276593712,10642,RELIANCE,1.0,1.0,100
-17.17206093585462,-0.9731540684849901,0.41947002443149783,3558,0.012928611579539067,1.254637436762226,9,0.0009693891209716536,-0.006242432327124888,-10.11353592395173,-11.765294509346178,10642,RELIANCE,1.0,1.5,10
-17.241254741407428,-0.9824333117591939,0.43929712460063897,3058,0.0013080444735120995,1.52648790058862,14,0.0006689959253792024,-0.007984384198075773,-10.786645142166188,-13.594988215055707,10642,RELIANCE,1.0,1.5,20
-17.063447926352016,-0.9919156556825431,0.4491636910355196,2505,0.0003992015968063872,1.9057884231536926,30,0.006253454902417361,-0.011591703061180994,-12.560741418876809,-16.458629591417985,10642,RELIANCE,1.0,1.5,50
-16.34314576987087,-0.9938499253209955,0.44455929336590866,2014,0.0,2.349056603773585,59,,-0.015205900180524947,-12.890751782996734,-17.733931180580512,10642,RELIANCE,1.0,1.5,100
-4.186543818883013,-0.5952311966391074,0.6314602518323623,1209,0.6071133167907361,5.5525227460711335,37,0.004065514764755538,-0.017617291270874535,-1.7882995429361737,-3.595825973398665,10642,RELIANCE,1.5,0.0,10
-3.1748883825191916,-0.5210655517684059,0.6788197707197895,635,0.5795275590551181,11.359055118110236,68,0.006662004527819703,-0.025271760450607333,-1.5711884789846935,-2.724753895089814,10642,RELIANCE,1.5,0.0,20
-1.5899976503963262,-0.32292806926119216,0.6850216124788574,285,0.6280701754385964,25.480701754385965,126,0.011021898540948347,-0.03920471872037183,-0.5409288643250655,-1.6418514812045943,10642,RELIANCE,1.5,0.0,50
-0.986972623823512,-0.22569167170078377,0.6735576019545199,139,0.6402877697841727,51.54676258992806,331,0.01498846320488678,-0.05623092600076884,0.04857640922031878,-1.526149484023837,10642,RELIANCE,1.5,0.0,100
-4.5195032603322,-0.6057678178093736,0.5783687276827664,1394,0.603299856527977,4.4103299856527975,37,0.003390840322543859,-0.015184594614922449,-1.9665375216492407,-3.5788465891434877,10642,RELIANCE,1.5,0.3,10
-3.289817936200387,-0.5119944093119488,0.6087201653824469,755,0.6052980132450331,8.570860927152317,68,0.005403298186788998,-0.022445477787823558,-1.481397936526403,-2.7380471728824456,10642,RELIANCE,1.5,0.3,20
-1.776016412381622,-0.3382703167129578,0.615861680135313,326,0.6411042944785276,20.01840490797546,104,0.009120327766160723,-0.03641614582878482,-0.5914440922560458,-1.7630964665841864,10642,RELIANCE,1.5,0.3,50
-1.1426904063264172,-0.242927790371512,0.6051494080060139,160,0.65,40.23125,251,0.0124895029919113,-0.051458503946778,-0.10220608026863917,-1.4805618295921539,10642,RELIANCE,1.5,0.3,100
-5.101931064196627,-0.6316191085287046,0.5170080811877467,1631,0.5971796443899449,3.369098712446352,30,0.0026798876149110294,-0.013047134689012394,-2.3054108695690902,-3.656346084188711,10642,RELIANCE,1.5,0.6,10
-3.8815680129527395,-0.5433549315966363,0.5406878406314602,877,0.5872291904218928,6.5530216647662485,45,0.004160142392713328,-0.01876655667854465,-1.6907553844364207,-2.960264800949378,10642,RELIANCE,1.5,0.6,20
-2.1142466694378172,-0.37387448037795257,0.5532794587483556,395,0.6430379746835443,14.835443037974683,87,0.007198338662257595,-0.03215213702675334,-0.5615032691981866,-2.143570031360604,10642,RELIANCE,1.5,0.6,50
-1.317887875689784,-0.25915590074046213,0.5341101296748731,198,0.6363636363636364,28.69191919191919,167,0.010436812673571496,-0.04186496512888151,-0.2633577027734943,-1.435881389635966,10642,RELIANCE,1.5,0.6,100
-6.1679922530643445,-0.6699320903012462,0.42529599699304643,2082,0.5557156580211335,2.170509125840538,13,0.0015462431829220606,-0.009125915532087303,-2.632045961897381,-4.0204225426425495,10642,RELIANCE,1.5,1.0,10
-4.5948819050525795,-0.5808861620861147,0.44277391467769217,1230,0.5967479674796748,3.8252032520325203,27,0.002374264371613229,-0.013969035280450914,-1.9862547101150128,-3.199676740224531,10642,RELIANCE,1.5,1.0,20
-2.8015706505781974,-0.43003807052680254,0.4530163503100921,566,0.6431095406360424,8.492932862190813,63,0.004314361567389987,-0.023990785737400742,-1.0186757709620773,-2.2570353374629173,10642,RELIANCE,1.5,1.0,50
-1.729643564967047,-0.2913437998261287,0.4344108250328886,295,0.6271186440677966,15.661016949152541,113,0.006381425440291248,-0.02871641131716399,-0.4595468954631429,-1.5186946429710142,10642,RELIANCE,1.5,1.0,100
-10.19251694745701,-0.8324452314398469,0.34335651193384703,2713,0.09104312569111685,1.3468485071876153,10,0.0009623195863653384,-0.004468671747748009,-4.754945062524052,-6.0271065295903,10642,RELIANCE,1.5,1.5,10
-8.62775611353356,-0.7861275231026735,0.34363841383198646,2007,0.05580468360737419,1.818634778276034,14,0.0008104410446593712,-0.004939457036656693,-4.001784436197825,-5.267717251264759,10642,RELIANCE,1.5,1.5,20
-6.041792248217144,-0.6713115704197461,0.3393159180605149,1295,0.036293436293436294,2.783011583011583,29,0.0008849856676067046,-0.005375732533288831,-2.7165323324968473,-3.9507875426700982,10642,RELIANCE,1.5,1.5,50
-4.3953701563778695,-0.5487431956806109,0.33574516068408194,818,0.03667481662591687,4.3667481662591685,58,0.0009592496622681572,-0.0060430565379155825,-1.8523437368934657,-2.8808073251159687,10642,RELIANCE,1.5,1.5,100
-3.7379398481357757,-0.5353532344443416,0.5757376433001316,993,0.5861027190332326,6.163141993957704,37,0.004861267573841835,-0.017971149069385156,-1.503604433735701,-3.0532801058056505,10642,RELIANCE,2.0,0.0,10
-2.8565873084592135,-0.4709694193554478,0.6121969554595001,510,0.5568627450980392,12.75294117647059,69,0.0077452890888460545,-0.02610117383306992,-1.3398940365875407,-2.359309148453981,10642,RELIANCE,2.0,0.0,20
-1.2610411433008895,-0.25718311372704594,0.6034579966171773,229,0.6026200873362445,27.982532751091703,126,0.013962754965079822,-0.03905445722505227,-0.2194050982104992,-1.407690324088242,10642,RELIANCE,2.0,0.0,50
-0.645903413930162,-0.1545530877275792,0.6043037023115956,116,0.6379310344827587,55.439655172413794,319,0.019530804157310955,-0.05690498102948777,0.30419017102157253,-1.2489198666190477,10642,RELIANCE,2.0,0.0,100
-3.968862117265025,-0.5409997081846413,0.516350310092088,1103,0.5902085222121487,4.975521305530371,37,0.004191598828069379,-0.01628379163662848,-1.5848009909642906,-3.0467419917186174,10642,RELIANCE,2.0,0.3,10
-2.89225035016455,-0.4520086222541929,0.5398421349370419,576,0.5625,9.961805555555555,69,0.006879439583198573,-0.022825380413918718,-1.17358206277324,-2.34947537657794,10642,RELIANCE,2.0,0.3,20
-1.5116028126696905,-0.28226185482209565,0.5387145273444841,245,0.5755102040816327,23.34285714285714,92,0.01207986873471615,-0.03440002241899575,-0.3629375554906914,-1.511403284489889,10642,RELIANCE,2.0,0.3,50
-0.818037898501023,-0.17679033012003964,0.5355196391655703,124,0.6209677419354839,45.95967741935484,240,0.016880207992881976,-0.05052640310434571,0.14051710297834338,-1.215482033430679,10642,RELIANCE,2.0,0.3,100
-4.374403679449389,-0.5537626244045418,0.45085510242435634,1230,0.5813008130081301,3.895121951219512,30,0.0035190924416152406,-0.01421917824890807,-1.7888285565286433,-3.017897145904116,10642,RELIANCE,2.0,0.6,10
-3.2704847286728804,-0.46369818739209867,0.4733132869761323,640,0.553125,7.859375,45,0.005639169809377862,-0.019864208338811487,-1.2287008135055721,-2.4561966588747506,10642,RELIANCE,2.0,0.6,20
-1.8504066527861096,-0.3176373201184997,0.47058823529411764,273,0.608058608058608,18.293040293040292,85,0.00947190475679162,-0.03525218312102125,-0.4116343018203096,-1.788013102501555,10642,RELIANCE,2.0,0.6,50
-1.0288117116690216,-0.201077977657115,0.46278894944559296,138,0.6304347826086957,35.68840579710145,156,0.013259659186802927,-0.04702166043219821,-0.10765396002470713,-1.1368603727655469,10642,RELIANCE,2.0,0.6,100
-4.68150105415454,-0.5406792898142535,0.35416275136252584,1446,0.5677731673582296,2.6016597510373445,13,0.0027128605440536126,-0.011012553033463395,-1.7090579462839801,-2.9465291929626263,10642,RELIANCE,2.0,1.0,10
-3.569725982285508,-0.45918048371116743,0.36656643488066154,780,0.5641025641025641,4.992307692307692,28,0.00413101861488494,-0.01608799526464405,-1.280465107433915,-2.371805091995688,10642,RELIANCE,2.0,1.0,20
-2.224936791769166,-0.3359411606966181,0.36741214057507987,331,0.5891238670694864,11.770392749244714,63,0.00700037307809684,-0.027447377414298296,-0.6673647002706005,-1.7004058778450841,10642,RELIANCE,2.0,1.0,50
-1.2302849344658322,-0.2023281412173813,0.3593309528284157,168,0.5892857142857143,22.761904761904763,112,0.009954291735547596,-0.03273218482481928,-0.2626154584442945,-1.010430412649024,10642,RELIANCE,2.0,1.0,100
-6.109232618828018,-0.6019815166792829,0.25925577898891183,1780,0.4443820224719101,1.55,10,0.001231133807927262,-0.006592925401180843,-2.1955750420810967,-3.3510013376162933,10642,RELIANCE,2.0,1.5,10
-4.544712633594131,-0.490551573394212,0.2589738770907724,1096,0.5656934306569343,2.508211678832117,14,0.0020890835797766224,-0.011174786961196392,-1.5882199031580293,-2.4357468709099477,10642,RELIANCE,2.0,1.5,20
-2.68789308785558,-0.335834298178211,0.25042285284720917,496,0.625,5.360887096774194,29,0.003938567128307348,-0.019608888940765304,-0.6475151019070321,-1.7787824313000364,10642,RELIANCE,2.0,1.5,50
-1.7604264055998902,-0.24282475568238845,0.2537117083255027,255,0.6078431372549019,10.588235294117647,57,0.0060943491227634285,-0.02561851865331499,-0.5123697274768824,-1.104858023826284,10642,RELIANCE,2.0,1.5,100
-3.7050041814242056,-0.527326207113674,0.5610787445968803,951,0.5783385909568874,6.2723449001051526,37,0.004980488730113023,-0.017947463616894883,-1.4593938456360824,-2.9982702631766016,10642,RELIANCE,2.1,0.0,10
-2.757340991181877,-0.457126192255181,0.6024243563239993,497,0.5533199195171026,12.877263581488934,69,0.008006458651946383,-0.025883161671212494,-1.2740136286086918,-2.2702721331152267,10642,RELIANCE,2.1,0.0,20
-1.231662163183974,-0.2488028045659518,0.5842886675436948,219,0.6073059360730594,28.328767123287673,125,0.013630753169269271,-0.03928697407107785,-0.2884864664877581,-1.2773031321121233,10642,RELIANCE,2.1,0.0,50
-0.5709734489669063,-0.13914672142196338,0.5887990979139259,111,0.6396396396396397,56.450450450450454,319,0.02096351462256404,-0.05801941763529204,0.36681762855896155,-1.1991847957685955,10642,RELIANCE,2.1,0.0,100
-3.8958902742811485,-0.528403734651913,0.5012215748919376,1054,0.5882352941176471,5.055028462998102,37,0.004318942361588545,-0.016475908686468466,-1.518667808261171,-2.9541322974812454,10642,RELIANCE,2.1,0.3,10
-2.774623987963261,-0.4354294840217037,0.5293177974065025,557,0.5727109515260324,10.100538599640933,69,0.006996857793900061,-0.023428527603752136,-1.0716432736595616,-2.272348659779327,10642,RELIANCE,2.1,0.3,20
-1.4535495601994213,-0.2694547665790376,0.5187934598759631,234,0.5726495726495726,23.534188034188034,86,0.011990547880944856,-0.03379138993056312,-0.3930209176418538,-1.3793846593678467,10642,RELIANCE,2.1,0.3,50
-0.7333430265641603,-0.16036462280869504,0.5211426423604586,118,0.6101694915254238,47.0,240,0.01855694573903511,-0.04980345544626396,0.18294198806207668,-1.1378008453796913,10642,RELIANCE,2.1,0.3,100
-4.327362941597645,-0.5433323566317617,0.43553843262544634,1157,0.581676750216076,4.00086430423509,30,0.0035914574336542025,-0.01464714855917475,-1.7353936721257655,-2.9367753776655343,10642,RELIANCE,2.1,0.6,10
-3.129789797369238,-0.4450212006722582,0.4591242247697801,614,0.5618892508143323,7.9462540716612375,45,0.005744562927711971,-0.020303033146260658,-1.1215801640555052,-2.3580615422279827,10642,RELIANCE,2.1,0.6,20
-1.7482878697941748,-0.2969158900966864,0.44878782183800037,260,0.5961538461538461,18.315384615384616,85,0.009842565995144433,-0.03381593732806695,-0.3878589565691219,-1.6372167336305208,10642,RELIANCE,2.1,0.6,50
-0.9473873580989424,-0.18616861013730748,0.4495395602330389,130,0.6230769230769231,36.8,156,0.014462106281023809,-0.04702878690281383,-0.07433969444331637,-1.058640255031633,10642,RELIANCE,2.1,0.6,100
-4.605536156743821,-0.5272700469815913,0.33809434316857734,1336,0.5583832335329342,2.688622754491018,13,0.0028763846712753626,-0.011240687283404544,-1.6036498415140152,-2.8825726909232445,10642,RELIANCE,2.1,1.0,10
-3.3991063907830874,-0.4383278966426206,0.3535049802668671,730,0.5616438356164384,5.1438356164383565,28,0.004360354775937928,-0.016288174971129214,-1.1330452890580185,-2.2914252435687796,10642,RELIANCE,2.1,1.0,20
-2.1612904867448273,-0.32211579699679155,0.3473971058071791,302,0.5927152317880795,12.195364238410596,63,0.007085200173745255,-0.028582571661400578,-0.6626739202983327,-1.5847315629535386,10642,RELIANCE,2.1,1.0,50
-1.0935497248421757,-0.18088263647629235,0.3444841195264048,156,0.5769230769230769,23.5,112,0.011126254978089934,-0.0320438628725812,-0.2040142903507228,-0.9095177112115427,10642,RELIANCE,2.1,1.0,100
-5.797293178893172,-0.5717453474527909,0.2435632399924826,1610,0.484472049689441,1.6099378881987578,10,0.0013975644251411402,-0.00746495912932117,-1.9734202082319654,-3.1323956174945176,10642,RELIANCE,2.1,1.5,10
-4.219849811261282,-0.4554286105360734,0.24553655327945875,985,0.5725888324873096,2.645685279187817,14,0.002426308837287271,-0.011857652143443568,-1.40457857238819,-2.2190547957715308,10642,RELIANCE,2.1,1.5,20
-2.5533185150217026,-0.3143934347259398,0.23426047735388084,422,0.5829383886255924,5.893364928909953,29,0.00463307126960915,-0.019187278473874605,-0.5446758372749626,-1.692549641803117,10642,RELIANCE,2.1,1.5,50
-1.5764752955936645,-0.21850192585520337,0.24093215560984776,222,0.5945945945945946,11.54954954954955,57,0.0071111024957493385,-0.026289733505698607,-0.47734407786457433,-0.9500664082093875,10642,RELIANCE,2.1,1.5,100
-3.4992159343501754,-0.48964738627740206,0.5082691223454238,811,0.5733662145499383,6.662145499383477,37,0.005323140819768428,-0.01871893008607665,-1.2952700445489886,-2.7062192840412136,10642,RELIANCE,2.5,0.0,10
-2.5100756111218487,-0.4045278241168243,0.5394662657395226,420,0.5523809523809524,13.654761904761905,69,0.008654667191097443,-0.026669476235763816,-0.9890111991821411,-2.0169675448068487,10642,RELIANCE,2.5,0.0,20
-1.2245929624319674,-0.2337517118568411,0.5124036835181357,172,0.5872093023255814,31.686046511627907,125,0.01461365355384688,-0.04153643417161193,-0.36448108775655663,-1.1086267294893555,10642,RELIANCE,2.5,0.0,50
-0.4978602567065234,-0.11912543523448,0.5141890622063522,92,0.6739130434782609,59.47826086956522,316,0.021372531826564494,-0.06722486336390562,0.3922225497622117,-1.0838714774323819,10642,RELIANCE,2.5,0.0,100
-3.6876065300779906,-0.4897830563402991,0.44878782183800037,882,0.5748299319727891,5.408163265306122,37,0.00466066578599145,-0.01698476054782647,-1.3585460520386392,-2.647781599898621,10642,RELIANCE,2.5,0.3,10
-2.584080407113905,-0.38708275252253893,0.4716218755872956,453,0.5540838852097131,11.066225165562914,69,0.007724852854799766,-0.02378018798166796,-0.8736055224542683,-1.991054383287919,10642,RELIANCE,2.5,0.3,20
-1.3843987671807176,-0.24320278138764442,0.4493516256342793,180,0.55,26.55,84,0.01330110841131995,-0.03586976709501393,-0.4071163400354493,-1.181525061940004,10642,RELIANCE,2.5,0.3,50
-0.6398267609278124,-0.1367897026844978,0.45329825220823156,96,0.6354166666666666,50.25,238,0.018777083286509195,-0.05527929662869867,0.19778990579114533,-0.9871632073185382,10642,RELIANCE,2.5,0.3,100
-4.076907672919041,-0.5013145683706078,0.3877090772411201,945,0.5682539682539682,4.35978835978836,30,0.004015291454218073,-0.015451531911046349,-1.4332003384250394,-2.7148131703667655,10642,RELIANCE,2.5,0.6,10
-2.856724419592595,-0.38535661882107586,0.40133433565119336,486,0.5473251028806584,8.775720164609053,45,0.0064000021278845,-0.02083243424928533,-0.861090997713698,-2.0196439711117966,10642,RELIANCE,2.5,0.6,20
-1.6305863115471528,-0.26309430506691056,0.379064085698177,190,0.5263157894736842,21.21578947368421,83,0.012017316806376356,-0.03298734982508416,-0.31469883330892745,-1.452430970311011,10642,RELIANCE,2.5,0.6,50
-0.7873587894806637,-0.15181138505131755,0.3799097913925954,102,0.6078431372549019,39.63725490196079,154,0.01599399109458041,-0.046960643476442646,-0.03976005837831878,-0.8470382328154015,10642,RELIANCE,2.5,0.6,100
-4.235264398532678,-0.47065111522602276,0.289795151287352,1041,0.5360230547550432,2.956772334293948,13,0.0033029883217797255,-0.01170516219570612,-1.2560266592565767,-2.554499197716393,10642,RELIANCE,2.5,1.0,10
-3.021057051226831,-0.3708211842519965,0.2998496523209923,548,0.5437956204379562,5.812043795620438,28,0.005253790880034277,-0.01727846270163886,-0.7413471289436635,-2.0126388642158366,10642,RELIANCE,2.5,1.0,20
-1.9988211042506117,-0.28089867278594755,0.28180793084006767,203,0.5073891625615764,14.758620689655173,61,0.009041954616284258,-0.028486351359358727,-0.5901097051051984,-1.3272041053533956,10642,RELIANCE,2.5,1.0,50
-0.7984350906685141,-0.1289165513644955,0.27353880849464385,115,0.5826086956521739,25.31304347826087,110,0.012928181254659254,-0.033533404074201384,-0.05686762265155046,-0.686547628847946,10642,RELIANCE,2.5,1.0,100
-4.806039241536741,-0.46858124610726776,0.20155985716970495,1180,0.5059322033898305,1.8177966101694916,9,0.0021198673887926974,-0.008698239524685415,-1.3818526750421558,-2.4236601367402004,10642,RELIANCE,2.5,1.5,10
-3.643228466160838,-0.36751547710586246,0.20118398797218567,649,0.5500770416024653,3.2896764252696458,14,0.0033845683387861317,-0.01349549491835701,-0.9312529815987283,-1.8011406376148702,10642,RELIANCE,2.5,1.5,20
-2.3409005449566873,-0.2603960545956611,0.18455177598195827,240,0.5333333333333333,8.170833333333333,30,0.006025353643000526,-0.02292506458069613,-0.49251090777773876,-1.3038510589561603,10642,RELIANCE,2.5,1.5,50
-1.344634946280066,-0.1763946082322414,0.18906220635218943,133,0.5714285714285714,15.12781954887218,57,0.0078114015554998344,-0.030030259333722078,-0.35978172147621046,-0.7582765423279603,10642,RELIANCE,2.5,1.5,100
-3.116183648609648,-0.43254185421702435,0.4417402743845142,670,0.564179104477612,7.011940298507462,36,0.006060319194401,-0.019397092204312277,-1.0483009859930732,-2.3248492821825337,10642,RELIANCE,3.0,0.0,10
-2.2029499669849857,-0.33981270976791533,0.43037023115955647,310,0.5290322580645161,14.754838709677419,69,0.010347708737686112,-0.028067792439894174,-0.7595783098013027,-1.6412951534427245,10642,RELIANCE,3.0,0.0,20
-0.9492680783877081,-0.17724950500138176,0.42266491261041156,130,0.5615384615384615,34.6,119,0.017091815925593636,-0.04053279412409374,-0.2444464076745798,-0.8182202948304275,10642,RELIANCE,3.0,0.0,50
-0.24173625663589834,-0.06379619355664896,0.44324375117459125,73,0.6438356164383562,64.61643835616438,315,0.027105196342570345,-0.0614272466331364,0.4218283124995483,-0.7449924968602883,10642,RELIANCE,3.0,0.0,100
-3.243021843053356,-0.4279352830287687,0.38686337154670175,711,0.5625879043600562,5.786216596343179,36,0.005455900155126967,-0.017711792375747333,-1.0679612239889087,-2.258046142817725,10642,RELIANCE,3.0,0.3,10
-2.1733608156541617,-0.3103424516204322,0.36976132305957526,330,0.5515151515151515,11.906060606060606,69,0.009077062992102796,-0.025803463380701344,-0.6175535402889633,-1.5493335754921267,10642,RELIANCE,3.0,0.3,20
-0.9809658484163598,-0.17091667445660153,0.3707009960533734,137,0.5401459854014599,28.795620437956206,84,0.01571130962146291,-0.035198044353291914,-0.24333052436047278,-0.8115093579086632,10642,RELIANCE,3.0,0.3,50
-0.4347116647979966,-0.09324026159368197,0.3822589738770908,74,0.6351351351351351,54.972972972972975,238,0.022613573768960425,-0.0580497610570986,0.24055013667688427,-0.7450557180774064,10642,RELIANCE,3.0,0.3,100
-3.503500713060889,-0.4285062275126455,0.33095282841571133,752,0.5465425531914894,4.679521276595745,29,0.004909257741469334,-0.015696921372621776,-1.0705991533501749,-2.2643461029699545,10642,RELIANCE,3.0,0.6,10
-2.352815874136096,-0.2992396025081255,0.3105619244502913,345,0.5391304347826087,9.56231884057971,44,0.007783941057822934,-0.022328509453082138,-0.538199224722407,-1.5642207415625875,10642,RELIANCE,3.0,0.6,20
-1.2558110538716643,-0.19913871398302121,0.3182672429994362,141,0.5390070921985816,24.02127659574468,83,0.013273719951856533,-0.03517394920488603,-0.23581745622374234,-1.0416865257527528,10642,RELIANCE,3.0,0.6,50
-0.38727682390269563,-0.07963390195932855,0.30962225145649314,78,0.6025641025641025,42.243589743589745,154,0.020677217685315788,-0.04432437730605779,0.08336427858789108,-0.48559074386584056,10642,RELIANCE,3.0,0.6,100
-3.4949122166199427,-0.3827632854365499,0.24112009020860742,800,0.535,3.20375,13,0.003959134963087413,-0.012323198060524884,-0.8652005468742172,-2.0245193674396265,10642,RELIANCE,3.0,1.0,10
-2.274673053389692,-0.2633861074331702,0.21978951324938922,370,0.5216216216216216,6.305405405405406,28,0.006773822728640047,-0.017634410961931062,-0.36472129446188234,-1.4492216591723865,10642,RELIANCE,3.0,1.0,20
-1.3142511702653643,-0.185081321491806,0.22664912610411578,150,0.5066666666666667,16.08,61,0.011740730875113651,-0.02793873268882442,-0.3740675137115239,-0.8011031587528461,10642,RELIANCE,3.0,1.0,50
-0.26561585004145244,-0.04740078183478496,0.20860740462319113,83,0.6385542168674698,26.746987951807228,96,0.01602716922394091,-0.03540358899446495,0.09610738261658652,-0.3087750835816666,10642,RELIANCE,3.0,1.0,100
-3.671288023929393,-0.35455622244539436,0.16275136252584102,863,0.5098493626882966,2.0069524913093857,9,0.0028535780629380643,-0.009187485339488958,-0.8779341106379859,-1.7527978402730953,10642,RELIANCE,3.0,1.5,10
-2.7919156141032286,-0.25947516179961216,0.14405186994925767,402,0.5099502487562189,3.798507462686567,13,0.004808681963765265,-0.014085984521477746,-0.5345639431141027,-1.2545952050451332,10642,RELIANCE,3.0,1.5,20
-1.4019004459942355,-0.1520288240857671,0.13794399548956962,160,0.49375,9.175,30,0.00935822182337283,-0.021187262953023183,-0.20450093452322518,-0.7723678406251994,10642,RELIANCE,3.0,1.5,50
-0.6515273244938459,-0.08379246070918675,0.1395414395790265,86,0.5930232558139535,17.267441860465116,51,0.012463486540290598,-0.03202368841974751,-0.07671903677247542,-0.408472244363867,10642,RELIANCE,3.0,1.5,100
-3.4786699259370244,-0.5057216926116775,0.6661967860163518,1652,0.6313559322033898,4.291162227602905,31,0.0026235223025995796,-0.011361467817530987,-1.305794018619663,-2.8770061206453477,10641,HDFCBANK,1.0,0.0,10
-2.056259682341469,-0.3608696894598295,0.7282210318579081,983,0.671414038657172,7.881993896236012,84,0.0038804226431427245,-0.016018286519195703,-0.6060564794066736,-2.006771121819341,10641,HDFCBANK,1.0,0.0,20
-0.7902813998275992,-0.18457061865858582,0.7725777652476271,457,0.7199124726477024,17.90153172866521,179,0.006634766718381566,-0.025081021164462963,-0.16128071298132252,-0.8662517457224013,10641,HDFCBANK,1.0,0.0,50
-0.18770507353159552,-0.06430407276250377,0.7547223005356639,245,0.7673469387755102,32.64081632653061,215,0.009981632492466502,-0.03722657819430951,0.24571100898709727,-0.49107905747903674,10641,HDFCBANK,1.0,0.0,100
-4.232187933421107,-0.563463160559516,0.6179870312940513,1953,0.611879160266257,3.366615463389657,28,0.0019247907999397035,-0.009556873695269955,-1.8024190225302683,-3.141566232556413,10641,HDFCBANK,1.0,0.3,10
-2.4634032252744116,-0.4017387909573801,0.6677004040973593,1247,0.6752205292702486,5.696872493985565,64,0.0028594475950585825,-0.013412159673531848,-0.9011209334835699,-2.123148859257501,10641,HDFCBANK,1.0,0.3,20
-1.0225797139231634,-0.21842026809098408,0.7046330232121041,600,0.7316666666666667,12.43,109,0.004943399561623621,-0.021601996466801127,-0.36595484432076136,-0.9418141792814508,10641,HDFCBANK,1.0,0.3,50
-0.5075025230083419,-0.12299248126039088,0.6914763650032891,319,0.774294670846395,22.95924764890282,181,0.00694916168997687,-0.032755019766798156,0.05783200118639317,-0.6997504869715739,10641,HDFCBANK,1.0,0.3,100
-5.618254974786556,-0.6538804147807314,0.5630109952072173,2361,0.5489199491740788,2.537484116899619,22,0.0011240200545093012,-0.0073461484656257665,-2.5708463140605136,-3.796071811186874,10641,HDFCBANK,1.0,0.6,10
-3.3824923306954946,-0.48967834404361515,0.5993797575415845,1625,0.6646153846153846,3.9243076923076923,50,0.0016601941242019775,-0.01062250026424877,-1.4056034746640698,-2.5906495152133746,10641,HDFCBANK,1.0,0.6,20
-1.527444146054312,-0.2870270448615036,0.6333991166243774,891,0.7317620650953984,7.564534231200898,103,0.003011356386977825,-0.016169280606052213,-0.7125564567288459,-1.188497243808091,10641,HDFCBANK,1.0,0.6,50
-0.6937492852066904,-0.1505854158372612,0.6171412461234846,513,0.7933723196881092,12.734892787524366,147,0.004231107756588029,-0.024071419103073997,-0.0643707653999134,-0.7651388025946027,10641,HDFCBANK,1.0,0.6,100
-9.109913694271883,-0.8105485366532631,0.4896156376280425,3021,0.09599470374048329,1.7242634889109567,18,0.0007889063725390553,-0.0037570972008781913,-4.474027097986191,-5.557822509575823,10641,HDFCBANK,1.0,1.0,10
-6.8556112876277115,-0.7365387121970285,0.5142373837045391,2410,0.07302904564315353,2.2701244813278008,28,0.000572553505495337,-0.003627632864866242,-3.49737392864204,-4.505988474501964,10641,HDFCBANK,1.0,1.0,20
-4.715793194569646,-0.6190304549988007,0.540456723992106,1669,0.05991611743559017,3.445775913720791,55,0.0007145610527070303,-0.0037089593938335443,-2.52240602699903,-3.2254951566550982,10641,HDFCBANK,1.0,1.0,50
-3.2192908807411964,-0.48909909634808985,0.5240109012310873,1191,0.0436607892527288,4.654911838790932,105,0.0007869562993884106,-0.003477092530957575,-1.5117273692135749,-2.407759295978906,10641,HDFCBANK,1.0,1.0,100
-16.08248056580311,-0.9559336372892708,0.4291889859975566,3682,0.010320478001086366,1.2400869092884301,7,0.0006575507212321593,-0.005184203699720747,-8.959880787145105,-9.906370567230473,10641,HDFCBANK,1.0,1.5,10
-15.869302873294538,-0.9646836878484439,0.4355793628418382,3240,0.0012345679012345679,1.430246913580247,17,0.0003558219602606207,-0.006237772795978486,-9.223395478667598,-10.96061400127774,10641,HDFCBANK,1.0,1.5,20
-15.692963931003279,-0.9800833931702826,0.4443191429376938,2718,0.0,1.739514348785872,47,,-0.00868895882114741,-10.566483245987406,-13.050106829891256,10641,HDFCBANK,1.0,1.5,50
-15.038946395935849,-0.9836182651408475,0.4274034395263603,2237,0.0,2.033080017881091,51,,-0.011066167823275736,-9.774314178126739,-14.980703242541086,10641,HDFCBANK,1.0,1.5,100
-2.4327573676766363,-0.3799161166532219,0.6183629358143031,1371,0.6491611962071481,4.799416484318016,32,0.003488822181912586,-0.012299156803015377,-0.7414441828338384,-2.0693984975143564,10641,HDFCBANK,1.5,0.0,10
-1.3360612641293592,-0.24809746847062575,0.6594305046518184,768,0.6744791666666666,9.135416666666666,84,0.005357244500373794,-0.017639473606771237,-0.20691436420409975,-1.427901386295084,10641,HDFCBANK,1.5,0.0,20
-0.5162710997403902,-0.12514851984608769,0.6864016539798891,323,0.6842105263157895,22.492260061919506,180,0.009337644791340673,-0.026316137312123237,-0.07834368429148997,-0.5422828226587919,10641,HDFCBANK,1.5,0.0,50
-0.08469876968781727,-0.03926596486100014,0.6583027910910628,166,0.7048192771084337,42.0,214,0.01397149977475668,-0.035450207170207124,0.24569409236626596,-0.3480887700598837,10641,HDFCBANK,1.5,0.0,100
-2.881191879383043,-0.41681959131113266,0.5636688281176581,1546,0.6423027166882277,3.8790426908150066,28,0.0029177555344241653,-0.011017077195131812,-1.0336653644190754,-2.1614470788056215,10641,HDFCBANK,1.5,0.3,10
-1.5458146232800916,-0.26808207965024006,0.5913917864862325,897,0.6744704570791528,7.0144927536231885,61,0.00442321256680736,-0.015360351370592988,-0.30576150872799296,-1.5034174885667073,10641,HDFCBANK,1.5,0.3,20
-0.6758649220855064,-0.14847844990252076,0.6181749835541772,389,0.7069408740359897,16.809768637532134,109,0.007472715019511655,-0.025091002227269038,-0.11739149446776075,-0.6879861290752043,10641,HDFCBANK,1.5,0.3,50
-0.31995442462438906,-0.08135928438453367,0.5984399962409548,194,0.7010309278350515,32.654639175257735,179,0.011137901860531884,-0.03261193990096455,0.1098033513715258,-0.48654121259513394,10641,HDFCBANK,1.5,0.3,100
-3.521375013676688,-0.4678750982861264,0.5021144629264167,1791,0.6292573981016192,2.983249581239531,23,0.0022495818235535175,-0.009486691748471065,-1.3351452011962555,-2.428739404643718,10641,HDFCBANK,1.5,0.6,10
-1.8985443456271427,-0.3010983942576623,0.5183723334273095,1059,0.6685552407932012,5.207743153918791,50,0.0034477978175686008,-0.012931014387004888,-0.5362026470580112,-1.5615425479421348,10641,HDFCBANK,1.5,0.6,20
-0.7054674194498729,-0.14454270989652593,0.5423362465933653,506,0.7272727272727273,11.40513833992095,103,0.005971170145566436,-0.02180516102612304,-0.22083740109247146,-0.5908842069440596,10641,HDFCBANK,1.5,0.6,50
-0.3807999827637222,-0.0878928319643408,0.5210036650690725,242,0.7024793388429752,22.772727272727273,147,0.008785490772052935,-0.026500172660613816,0.011992732876350158,-0.42647173319154563,10641,HDFCBANK,1.5,0.6,100
-5.061921797568239,-0.5694312025202602,0.41847570717037874,2212,0.5610307414104883,2.013110307414105,18,0.001261261135388143,-0.006821090742035908,-1.9423365034932718,-3.1157175380069093,10641,HDFCBANK,1.5,1.0,10
-2.8521733883135107,-0.39102826701354043,0.42467813175453434,1445,0.6567474048442906,3.126643598615917,28,0.0019784594179582866,-0.009698731410555056,-1.0571999721350522,-1.875812819857841,10641,HDFCBANK,1.5,1.0,20
-1.2486455830886798,-0.2100275721969665,0.4388685273940419,767,0.7288135593220338,6.088657105606258,55,0.003455773201465648,-0.015779116234848536,-0.45052275538994235,-0.899756201839256,10641,HDFCBANK,1.5,1.0,50
-0.7124229417028027,-0.13282139808286814,0.41922751621088244,390,0.7333333333333333,11.353846153846154,105,0.004973757746788765,-0.02071613054470126,-0.19087304883483247,-0.5411098122325113,10641,HDFCBANK,1.5,1.0,100
-9.290425651777724,-0.7773016554323493,0.3460201108918335,2761,0.086925027164071,1.3335747917421223,7,0.0007443696653888445,-0.003664012028466125,-4.042353237917176,-5.015972366152602,10641,HDFCBANK,1.5,1.5,10
-7.264559394518586,-0.696828966518699,0.3348369514143408,2139,0.0584385226741468,1.6652641421224872,17,0.0006124074540160763,-0.0036017640449555193,-3.1560193346957686,-4.021382520092638,10641,HDFCBANK,1.5,1.5,20
-4.983612841702737,-0.5767389203481855,0.33286345268301853,1511,0.0357379219060225,2.344142951687624,47,0.0007339023871270722,-0.003566736394598677,-2.302693053319913,-2.8544111447054967,10641,HDFCBANK,1.5,1.5,50
-3.5203494641535578,-0.4556681543492671,0.3165116060520628,1033,0.03484995159728945,3.2604065827686353,50,0.0004624502008914661,-0.0036336827016974146,-1.477601236751009,-2.1285322096092205,10641,HDFCBANK,1.5,1.5,100
-1.9991325005152825,-0.3103367397422968,0.5559627854524951,1098,0.6293260473588342,5.387067395264117,31,0.00423292115505916,-0.01253911045090826,-0.5217864381490209,-1.656682997224761,10641,HDFCBANK,2.0,0.0,10
-0.9809805578630643,-0.18165803630869332,0.5777652476271027,596,0.6610738255033557,10.313758389261745,84,0.006645507248306812,-0.018582269540736062,-0.024591042398558582,-1.1106975489972433,10641,HDFCBANK,2.0,0.0,20
-0.3047282019669881,-0.07991604432618138,0.5811483883093694,247,0.6842105263157895,24.894736842105264,180,0.01151536298466771,-0.0292195391749195,-0.05566112149168295,-0.2773665897431953,10641,HDFCBANK,2.0,0.0,50
-0.13509280187298764,-0.045543006160000746,0.5694953481815619,115,0.6869565217391305,52.426086956521736,206,0.01605403268898555,-0.03962540216525224,0.20519306360856843,-0.36343895912779095,10641,HDFCBANK,2.0,0.0,100
-2.3294414557647225,-0.3367201981769017,0.4965698712527018,1202,0.6356073211314476,4.395174708818636,28,0.0035962558177680894,-0.01180975177949131,-0.6905699731781294,-1.7345618614642437,10641,HDFCBANK,2.0,0.3,10
-1.071000359626111,-0.185966570265547,0.5101024339817686,668,0.6751497005988024,8.124251497005988,55,0.005674529897270839,-0.017218715350410276,-0.05377938086250095,-1.12346886650738,10641,HDFCBANK,2.0,0.3,20
-0.46876193037475716,-0.10506052422483927,0.5163988346959872,279,0.6594982078853047,19.56989247311828,104,0.010214662801487974,-0.02530457558503503,-0.11988195397728846,-0.40455477112725247,10641,HDFCBANK,2.0,0.3,50
-0.2686384929517441,-0.06651067676636872,0.5130156940137205,129,0.6589147286821705,42.07751937984496,179,0.013924654849341817,-0.03358362846806841,0.09484031016754801,-0.38892430056850363,10641,HDFCBANK,2.0,0.3,100
-2.7286668495305775,-0.364469954750801,0.4323841744196974,1332,0.6156156156156156,3.4534534534534536,23,0.0030422453862735993,-0.010137408612079388,-0.7973945536099485,-1.8983174390303463,10641,HDFCBANK,2.0,0.6,10
-1.281342028969457,-0.20235431224924924,0.4329480312000752,741,0.6531713900134952,6.2159244264507425,50,0.004862347707694699,-0.014257162703446744,-0.18295974007635155,-1.127754784185227,10641,HDFCBANK,2.0,0.6,20
-0.511870620306103,-0.1041755978517378,0.4404661216051123,329,0.6990881458966566,14.246200607902736,102,0.008315752454806542,-0.02486055724444933,-0.17006565801721954,-0.37850644457775906,10641,HDFCBANK,2.0,0.6,50
-0.3568162183319981,-0.07694833597760325,0.43435767315101964,149,0.6711409395973155,30.812080536912752,140,0.010950860365458576,-0.029685676985614255,-0.036177856611239415,-0.3233342791380014,10641,HDFCBANK,2.0,0.6,100
-3.4581230569465737,-0.4036232609576183,0.3437646837703223,1548,0.5878552971576227,2.362403100775194,19,0.0022153657782345835,-0.008005416704164417,-0.9532972297416661,-2.1381757693217613,10641,HDFCBANK,2.0,1.0,10
-1.7256964405440047,-0.2382506955169944,0.33662249788553705,888,0.6463963963963963,4.032657657657658,28,0.003584066479648901,-0.011618089351162169,-0.4863389052839773,-1.1044869916624738,10641,HDFCBANK,2.0,1.0,20
-0.7079352320677267,-0.11913076739193659,0.3384080443567334,410,0.7,8.782926829268293,55,0.006116437333402886,-0.020014227516750895,-0.14509793736730492,-0.5612345325064266,10641,HDFCBANK,2.0,1.0,50
-0.5124379554557862,-0.09235897623821857,0.3308899539516963,193,0.6528497409326425,18.082901554404145,105,0.008322930300099401,-0.022736175190535852,-0.07966557802011469,-0.3949689419332622,10641,HDFCBANK,2.0,1.0,100
-5.42175608200511,-0.5233888364330046,0.25993797575415845,1838,0.43416757344940154,1.5043525571273122,7,0.0010332182592139667,-0.005075655002512453,-1.7656257361566028,-2.6885472956036027,10641,HDFCBANK,2.0,1.5,10
-3.24847266569946,-0.3634729590295642,0.24452589042383235,1174,0.6081771720613288,2.2155025553662693,17,0.0015773796486908591,-0.008300681775787485,-1.0551612257571903,-1.6369033219397797,10641,HDFCBANK,2.0,1.5,20
-1.3277141319942452,-0.18279731862583606,0.23954515553049524,597,0.6984924623115578,4.269681742043551,47,0.0031794469035443247,-0.013922002977605723,-0.3299091342597445,-0.8502220429313019,10641,HDFCBANK,2.0,1.5,50
-0.7990631545510095,-0.11697775996721826,0.22808006766281363,313,0.7092651757188498,7.753993610223642,50,0.004364085725650475,-0.018284605542789656,-0.16005495277109816,-0.5350171205283552,10641,HDFCBANK,2.0,1.5,100
-1.879695325643072,-0.29264453057528067,0.5416784136829246,1058,0.6304347826086957,5.448015122873346,31,0.004359783796350885,-0.012617855272050274,-0.42768893336467756,-1.5979166858409402,10641,HDFCBANK,2.1,0.0,10
-0.9265415481410019,-0.17132490862060298,0.5582182125740062,564,0.6524822695035462,10.53014184397163,84,0.0069743857924213564,-0.018508148977029987,0.002067424469528345,-1.0630906523563466,10641,HDFCBANK,2.1,0.0,20
-0.23026285548775194,-0.06501308335177958,0.5589700216145099,235,0.6851063829787234,25.161702127659574,180,0.012012710115469437,-0.029386775534534906,-0.08627103474543,-0.1543040262195732,10641,HDFCBANK,2.1,0.0,50
-0.1049464780477142,-0.038947376362380395,0.5493844563480876,109,0.6788990825688074,53.34862385321101,197,0.016618642125489528,-0.0385534042541797,0.2435631909942208,-0.36315282260428483,10641,HDFCBANK,2.1,0.0,100
-2.1991739485857904,-0.3189136008892374,0.4820035710929424,1149,0.6292428198433421,4.463881636205396,28,0.003802033320045756,-0.011769609605274121,-0.5704895717285843,-1.6944940297251097,10641,HDFCBANK,2.1,0.3,10
-1.0685601220155057,-0.18315592582606324,0.4913072079691758,621,0.6666666666666666,8.417069243156199,55,0.005912319113843716,-0.017419544680426575,-0.03798512348426092,-1.1201605122327418,10641,HDFCBANK,2.1,0.3,20
-0.4192617394433892,-0.0953772018752944,0.49234094539986845,260,0.6692307692307692,20.015384615384615,104,0.010470221641491388,-0.02656644300785207,-0.14342440790378502,-0.3194711251519916,10641,HDFCBANK,2.1,0.3,50
-0.27398587239936506,-0.06648912483710646,0.49534818156188326,121,0.6528925619834711,43.30578512396694,179,0.014184978597298352,-0.03373605447726031,0.1229090652468231,-0.4192100441051861,10641,HDFCBANK,2.1,0.3,100
-2.60939972067462,-0.349104177997863,0.41734799360962316,1257,0.6149562450278441,3.5330151153540177,22,0.0031885792428527795,-0.010364041401442458,-0.6821670370637583,-1.869257246509193,10641,HDFCBANK,2.1,0.6,10
-1.273592045145499,-0.19814597626747826,0.4159383516586787,683,0.6412884333821376,6.478770131771596,50,0.0050836642944720655,-0.01431678293460064,-0.17493670993462063,-1.106030148063772,10641,HDFCBANK,2.1,0.6,20
-0.48021936893170575,-0.09813158027418366,0.4180058265200639,303,0.693069306930693,14.67986798679868,102,0.008731555849346892,-0.02520391696027374,-0.21118816974161855,-0.29914937920099216,10641,HDFCBANK,2.1,0.6,50
-0.3485489780880595,-0.07455296254736352,0.41885161169063057,137,0.6423357664233577,32.306569343065696,140,0.011798871493068712,-0.02826252255581436,-0.002673218341487037,-0.3438896955033701,10641,HDFCBANK,2.1,0.6,100
-3.203504224867955,-0.3774167756585898,0.33135983460201107,1451,0.5899379738111648,2.430048242591316,19,0.0024008128325395603,-0.008211831182865382,-0.8161343653576867,-2.0148094037933513,10641,HDFCBANK,2.1,1.0,10
-1.6782118344746833,-0.22880772397781884,0.3217742693355888,808,0.6435643564356436,4.236386138613861,28,0.003762505870993919,-0.012066103009948197,-0.434795234126966,-1.0837393798212767,10641,HDFCBANK,2.1,1.0,20
-0.656954577548541,-0.11060149154406324,0.31848510478338504,365,0.6931506849315069,9.284931506849315,55,0.006635287422122165,-0.020788447717911163,-0.13359375296030257,-0.5159846736488402,10641,HDFCBANK,2.1,1.0,50
-0.43495580426408226,-0.07982343896933028,0.31575979701155904,174,0.6609195402298851,19.132183908045977,104,0.008980613568511734,-0.024186502240556067,-0.018045797938226246,-0.3761872738757319,10641,HDFCBANK,2.1,1.0,100
-4.891605090605902,-0.48169566812362347,0.2472511981956583,1697,0.4985268120212139,1.5503830288744844,7,0.0012068064565998464,-0.005837095421501651,-1.5307822371110555,-2.4156277043033794,10641,HDFCBANK,2.1,1.5,10
-2.862319537687575,-0.3219105970818991,0.22901982896344328,1043,0.6164908916586769,2.335570469798658,17,0.0019004929068487868,-0.00883209775362112,-0.8626519530287273,-1.4481702093159505,10641,HDFCBANK,2.1,1.5,20
-1.198649709300646,-0.1652480255620725,0.22356921341979138,501,0.6846307385229541,4.748502994011976,47,0.003662078736173731,-0.014613314040730721,-0.297049748358222,-0.755760863569642,10641,HDFCBANK,2.1,1.5,50
-0.6327638706321075,-0.0931601515571842,0.21370171976318014,270,0.6962962962962963,8.422222222222222,50,0.0052661344795522395,-0.01861131272465171,-0.034728399427901485,-0.5013659618377181,10641,HDFCBANK,2.1,1.5,100
-1.6011612332060101,-0.24652288725956342,0.4728878864768349,872,0.6284403669724771,5.770642201834862,31,0.004856880429934971,-0.013298668537000652,-0.3612329775850124,-1.2859651527988354,10641,HDFCBANK,2.5,0.0,10
-0.9928965364267575,-0.1714812053921835,0.4859505685555869,443,0.6275395033860045,11.672686230248306,84,0.007488391013086803,-0.01912350667509173,-0.11777015421896839,-0.9558357455330362,10641,HDFCBANK,2.5,0.0,20
-0.37488386522336226,-0.08236401170679833,0.4555023024151865,176,0.6931818181818182,27.34659090909091,180,0.011938238331763324,-0.03388244671952342,0.012076485184389661,-0.3852635315635286,10641,HDFCBANK,2.5,0.0,50
-0.10198990763846003,-0.03471376664689549,0.4664975096325533,84,0.6428571428571429,58.726190476190474,182,0.01907082636494272,-0.038171398509944394,0.06585596390796342,-0.18117329549938804,10641,HDFCBANK,2.5,0.0,100
-1.880805276629734,-0.26965128372759284,0.41941546847100836,929,0.6135629709364908,4.8040904198062435,28,0.004381338195160698,-0.0120960781302286,-0.5088824598510675,-1.336246817659402,10641,HDFCBANK,2.5,0.3,10
-1.0732867757817215,-0.1740744530370221,0.42223475237289726,476,0.6365546218487395,9.4390756302521,54,0.0066737141352581,-0.018051718214116892,-0.10897513885287505,-0.9918367292061432,10641,HDFCBANK,2.5,0.3,20
-0.5397855147677566,-0.10452442519333399,0.3978949346865896,189,0.6455026455026455,22.22222222222222,96,0.01106279419813395,-0.028271999937505364,0.015639217744725487,-0.5602023213852433,10641,HDFCBANK,2.5,0.3,50
-0.27598233318823334,-0.0610107797098109,0.409829903204586,89,0.6741573033707865,48.651685393258425,178,0.015112382134749412,-0.041007858220610385,-0.014212305884832212,-0.2682726544279044,10641,HDFCBANK,2.5,0.3,100
-2.2302993584361337,-0.2943577202362275,0.35598158067850766,984,0.6036585365853658,3.8495934959349594,22,0.003704700458880435,-0.010936337836078995,-0.6004503163653196,-1.46412936713051,10641,HDFCBANK,2.5,0.6,10
-1.10620213517803,-0.16528654911931392,0.3475237289728409,512,0.634765625,7.22265625,50,0.005897577603492741,-0.01584113196866181,-0.12603865266121808,-0.9195403043433987,10641,HDFCBANK,2.5,0.6,20
-0.7270508013206636,-0.12548861727230134,0.3333333333333333,206,0.6213592233009708,17.218446601941746,94,0.009711425682857457,-0.025005187208546227,-0.06690149637948034,-0.640440618481371,10641,HDFCBANK,2.5,0.6,50
-0.2598814979906103,-0.054296586665095875,0.34028756695799267,99,0.696969696969697,36.26262626262626,134,0.012647037744220112,-0.03695823642944507,-0.06417328128089164,-0.17192820725127247,10641,HDFCBANK,2.5,0.6,100
-2.6770678291829326,-0.311682907276333,0.2730946339629734,1084,0.5719557195571956,2.680811808118081,18,0.0029242003145177886,-0.008702436928300769,-0.726587149673009,-1.4983393900575188,10641,HDFCBANK,2.5,1.0,10
-1.28775072905102,-0.16962741321476008,0.25843435767315104,572,0.6311188811188811,4.8076923076923075,22,0.0047677709367302664,-0.013262571793526374,-0.33597742678186904,-0.7412599134925701,10641,HDFCBANK,2.5,1.0,20
-0.8633238883142637,-0.12633193149398853,0.25392350343012876,231,0.6536796536796536,11.696969696969697,55,0.007477256801572844,-0.023687268271840107,-0.0030058227667930475,-0.762909861942916,10641,HDFCBANK,2.5,1.0,50
-0.3169882922722047,-0.05645365446994275,0.24349215299313975,116,0.6982758620689655,22.06896551724138,95,0.010318474556205453,-0.031206785949056317,0.020689612206220162,-0.2771306813705494,10641,HDFCBANK,2.5,1.0,100
-3.7701412681004847,-0.37332549312912555,0.19753782539235035,1205,0.5286307053941909,1.7443983402489627,7,0.001874760681105362,-0.007028830404616545,-1.0992475360513876,-1.6989055799066952,10641,HDFCBANK,2.5,1.5,10
-1.9274415594838477,-0.21358685777936057,0.1754534348275538,667,0.6011994002998501,2.7991004497751124,15,0.003166845034367144,-0.010101968990762149,-0.49423950912638726,-0.9229793836351197,10641,HDFCBANK,2.5,1.5,20
-1.1121755346795366,-0.13826519129116344,0.16906305798327226,275,0.6072727272727273,6.541818181818182,47,0.005186331655303608,-0.016077399747889912,-0.07683157537134891,-0.7934102109650591,10641,HDFCBANK,2.5,1.5,50
-0.4355832691553497,-0.0611467200556467,0.1582558030260314,145,0.6620689655172414,11.613793103448275,50,0.007574151194069723,-0.02166584528010114,0.0662114407023055,-0.4007193447965676,10641,HDFCBANK,2.5,1.5,100
-1.37739187114515,-0.20228225786058562,0.3898129875011747,673,0.6136701337295691,6.163447251114413,30,0.005256329704490605,-0.013394242223272465,-0.19170974440280036,-1.1199290656934209,10641,HDFCBANK,3.0,0.0,10
-0.9944260199229348,-0.15302862120526936,0.37637440090217084,314,0.60828025477707,12.754777070063694,53,0.007914384154906974,-0.020033994100692072,-0.02597822827325602,-0.9265556725246362,10641,HDFCBANK,3.0,0.0,20
-0.3187870312551643,-0.06534394044721921,0.3520345832158632,126,0.6746031746031746,29.46825396825397,180,0.013624824532927281,-0.03499103132055125,-0.035876182074454976,-0.24064601676932748,10641,HDFCBANK,3.0,0.0,50
0.2048385391049392,0.02034143478491187,0.33850202048679634,62,0.6451612903225806,57.645161290322584,154,0.024468634109434458,-0.03539597637656756,0.1552363925722207,0.04479749152067114,10641,HDFCBANK,3.0,0.0,100
-1.6160494599525255,-0.2205846349460014,0.34188516116906303,704,0.5980113636363636,5.167613636363637,28,0.004687150075445821,-0.01212971243944455,-0.2839147000151609,-1.1755037385849563,10641,HDFCBANK,3.0,0.3,10
-1.090916592881954,-0.1580224096402665,0.32675500422892584,334,0.6047904191616766,10.410179640718562,51,0.007220185909600623,-0.01859704862481981,-0.012852934476686145,-0.9834799302602028,10641,HDFCBANK,3.0,0.3,20
-0.3904828170326833,-0.07220008312312026,0.30025373555117,133,0.6541353383458647,23.774436090225564,95,0.012301116913940808,-0.030736393103660057,0.018453752808772816,-0.3621306640642853,10641,HDFCBANK,3.0,0.3,50
-0.02300807407748775,-0.01632864488645371,0.29799830842965885,63,0.6349206349206349,49.888888888888886,153,0.021522186398790336,-0.03833891842505504,0.07329843891655707,-0.09420610674120958,10641,HDFCBANK,3.0,0.3,100
-1.8562770349617461,-0.23353258845655772,0.287191053472418,740,0.5851351351351352,4.129729729729729,21,0.004198581181214682,-0.011036252060670514,-0.34826232363306353,-1.2218814075268267,10641,HDFCBANK,3.0,0.6,10
-1.1481933822595154,-0.1502217793453509,0.2652946151677474,353,0.6288951841359773,7.997167138810198,50,0.0060400411872700566,-0.017485254048794877,-0.02611676284947812,-0.9235623739686983,10641,HDFCBANK,3.0,0.6,20
-0.6421624692706392,-0.10293126556792509,0.2498825298374213,138,0.5942028985507246,19.268115942028984,93,0.010678730786460693,-0.025661753349464533,-0.12342729096379383,-0.4379749721164432,10641,HDFCBANK,3.0,0.6,50
-0.033687710894558846,-0.01609318836807541,0.2337186354665915,65,0.676923076923077,37.83076923076923,133,0.018055735130142955,-0.03867424603570092,0.0016714220163837681,-0.019378243039813184,10641,HDFCBANK,3.0,0.6,100
-2.080048267890826,-0.23380989352898257,0.21351376750305423,786,0.5712468193384224,2.89058524173028,13,0.0034397663670597566,-0.009272438521485534,-0.42521406926154215,-1.1551426136692524,10641,HDFCBANK,3.0,1.0,10
-1.2190155656979205,-0.1423108017977387,0.18814021238605394,370,0.5783783783783784,5.410810810810811,21,0.005454204438914519,-0.01319869791603343,-0.1721741015142661,-0.7196230234592418,10641,HDFCBANK,3.0,1.0,20
-0.7511736482156457,-0.10025602429670037,0.1817498355417724,144,0.6041666666666666,13.430555555555555,52,0.008776646781182817,-0.023855267835194312,-0.03907157729570224,-0.5571104193474684,10641,HDFCBANK,3.0,1.0,50
-0.19229414791193433,-0.03514287694483335,0.16718353538201297,71,0.676056338028169,24.661971830985916,92,0.014560955789929594,-0.03625683994371525,0.004348868589506475,-0.13933030937833665,10641,HDFCBANK,3.0,1.0,100
-2.9195641979981257,-0.27606708128061397,0.15083168875105724,832,0.5276442307692307,1.9290865384615385,7,0.002541763637468995,-0.007749191408116937,-0.70254220319326,-1.2270557833478073,10641,HDFCBANK,3.0,1.5,10
-1.6022536189342431,-0.15814046700054818,0.12574006202424584,404,0.5643564356435643,3.3118811881188117,13,0.003926235253951782,-0.010853558556956862,-0.23193228880167555,-0.7831123793217262,10641,HDFCBANK,3.0,1.5,20
-0.7210537275882986,-0.07877604858495334,0.11737618644864205,158,0.569620253164557,7.905063291139241,46,0.00739399086297114,-0.016663159272166727,0.16101779776788847,-0.6286534506078234,10641,HDFCBANK,3.0,1.5,50
-0.2928017071258643,-0.03970841825049394,0.10882435861291231,79,0.6455696202531646,14.658227848101266,50,0.01115330750053869,-0.027598661114919248,0.07162550824196487,-0.2755693369322308,10641,HDFCBANK,3.0,1.5,100
-3.4117210142396037,-0.6080545703597066,0.6565009657415879,1429,0.6207137858642408,4.51924422673198,32,0.003990022852477408,-0.015933792897412195,-1.7939502082336374,-3.303015272016311,9837,ICICIBANK,1.0,0.0,10
-1.947747426217767,-0.4340890224530517,0.7056013012097184,839,0.6710369487485102,8.257449344457688,51,0.005584422684423992,-0.02230063722065527,-0.761970625048029,-2.2489752765221174,9837,ICICIBANK,1.0,0.0,20
-0.9124726040495955,-0.2762821537700998,0.7471790179932907,390,0.7102564102564103,18.84102564102564,154,0.010152685345033968,-0.03885131411667326,-0.0720100296833795,-1.5058946249262903,9837,ICICIBANK,1.0,0.0,50
-0.5971139431822203,-0.20634638973769695,0.7491105011690556,194,0.7010309278350515,37.98453608247423,342,0.015455536888319736,-0.05463978051678469,0.16323029085268348,-1.2303845440147114,9837,ICICIBANK,1.0,0.0,100
-4.245024813990096,-0.6667037914803896,0.6047575480329369,1689,0.6181172291296625,3.5222024866785078,23,0.002881921612543422,-0.014005406040317931,-2.3544654056195657,-3.670295326890168,9837,ICICIBANK,1.0,0.3,10
-2.3066859189142255,-0.4667944454312917,0.6438954965944902,1068,0.6694756554307116,5.919475655430712,49,0.004114344018530545,-0.01786716574430562,-0.9130593740800699,-2.4522941604104753,9837,ICICIBANK,1.0,0.3,20
-1.1402066076516986,-0.3126251837033547,0.6884212666463353,513,0.7076023391812866,13.196881091617934,141,0.007430547339399136,-0.030741499520361645,-0.21971534676294485,-1.6942208970894153,9837,ICICIBANK,1.0,0.3,50
-0.806632981834291,-0.24707415645790212,0.6880146386093321,259,0.7335907335907336,26.131274131274132,232,0.010792886362394425,-0.04937438908999399,-0.07385553706942027,-1.2823289012852246,9837,ICICIBANK,1.0,0.3,100
-5.674641358387514,-0.7552751090901393,0.5513876181762732,2053,0.5820750121773015,2.6419873356064296,21,0.0016614066808647659,-0.011373524034582775,-3.3053333542340213,-4.467769283804605,9837,ICICIBANK,1.0,0.6,10
-3.254446441132839,-0.5680738227862684,0.5779200975907289,1422,0.6673699015471167,3.9971870604781996,36,0.0025031956208828835,-0.014686730326508482,-1.6952325031890703,-2.8760582970315856,9837,ICICIBANK,1.0,0.6,20
-1.5147634179622178,-0.3735684448952381,0.6212259835315646,746,0.739946380697051,8.191689008042895,78,0.004448486799535662,-0.025218264489229085,-0.6060460196999148,-1.8307325778668428,9837,ICICIBANK,1.0,0.6,50
-0.9489234145087504,-0.26528469231996243,0.610450340550981,404,0.7524752475247525,14.863861386138614,150,0.006693967820262874,-0.0356420706756579,-0.18349369382087155,-1.3457471563850054,9837,ICICIBANK,1.0,0.6,100
-9.254632092183844,-0.8907389217247131,0.4805326827284741,2640,0.11060606060606061,1.790530303030303,18,0.001096203398889721,-0.005376862251571592,-5.631728016754742,-6.673053157459557,9837,ICICIBANK,1.0,1.0,10
-6.9806995394518525,-0.8197609000827918,0.49964420046762226,2051,0.09897610921501707,2.3963920039005364,22,0.0009300315547495345,-0.005231533814127345,-4.24563375409477,-5.233444328798409,9837,ICICIBANK,1.0,1.0,20
-4.466583845068785,-0.7187804586158314,0.5289214191318491,1469,0.09802586793737236,3.5418652144315863,63,0.0006456499601647657,-0.005324597959663586,-2.9928416968682847,-3.969277005422241,9837,ICICIBANK,1.0,1.0,50
-3.3664499777649004,-0.6133063896157976,0.5270915929653349,980,0.06938775510204082,5.290816326530612,119,0.000663305753598414,-0.005702428588842969,-2.0257715392862288,-3.129738542493867,9837,ICICIBANK,1.0,1.0,100
-16.10030542920546,-0.9840384409837903,0.41526888278946833,3286,0.009738283627510651,1.2431527693244067,8,0.0011632293691109033,-0.00710163048415352,-11.06939908579848,-12.002083169825521,9837,ICICIBANK,1.0,1.5,10
-15.849254965451129,-0.9872136069169314,0.42086001829826164,2841,0.0021119324181626186,1.457233368532207,12,0.0013747303080531743,-0.008572077635565861,-11.292152114953893,-13.001439600027005,9837,ICICIBANK,1.0,1.5,20
-15.717821393943835,-0.9951788242236996,0.43285554538985466,2432,0.0,1.7508223684210527,29,,-0.012184792943541639,-13.470080284093786,-16.163336154599474,9837,ICICIBANK,1.0,1.5,50
-15.04534515559269,-0.9965509795907653,0.43011080614008335,1941,0.0,2.1798042246264813,59,,-0.016200914303976924,-13.318572998838269,-18.12740166518094,9837,ICICIBANK,1.0,1.5,100
-2.6877901704050666,-0.5026528253957618,0.6062824031716987,1164,0.6194158075601375,5.123711340206185,32,0.005127447383765656,-0.01687409331224489,-1.2712892729138172,-2.507044500715632,9837,ICICIBANK,1.5,0.0,10
-1.2685079662883487,-0.30640991511277554,0.6422689844464776,656,0.6615853658536586,9.612804878048781,51,0.007649318727977525,-0.02343160528622845,-0.37907086236751375,-1.5029411832329564,9837,ICICIBANK,1.5,0.0,20
-0.687177400191137,-0.21383751690190878,0.6709362610551998,282,0.6631205673758865,23.404255319148938,154,0.014108961017797675,-0.039600855230343686,0.07953321490679294,-1.2032387514612783,9837,ICICIBANK,1.5,0.0,50
-0.3984312340620495,-0.14831546401220955,0.6673782657314222,143,0.6573426573426573,45.90909090909091,332,0.021541610345376896,-0.05535224475856119,0.3154858134982394,-1.0028344342023086,9837,ICICIBANK,1.5,0.0,100
-3.2264528409737694,-0.5424442874187294,0.5511843041577716,1306,0.6094946401225115,4.151607963246555,23,0.004205973764115484,-0.014923102097283257,-1.5886271374657064,-2.674199815912828,9837,ICICIBANK,1.5,0.3,10
-1.3114187135655444,-0.29494033548734705,0.5731422181559419,781,0.6734955185659411,7.203585147247119,49,0.006331029016453929,-0.020163686467604632,-0.24600641185391592,-1.565612374730498,9837,ICICIBANK,1.5,0.3,20
-0.7231055804926968,-0.21178563232443878,0.6038426349496798,340,0.6823529411764706,17.470588235294116,141,0.011248187414423587,-0.03485091411999892,0.16190967049955227,-1.3162289153131637,9837,ICICIBANK,1.5,0.3,50
-0.6283457779333284,-0.19581794561630045,0.6027244078479211,165,0.6787878787878788,35.93333333333333,227,0.016727130549997454,-0.05426460911336714,0.14358445210965728,-1.1461701135184013,9837,ICICIBANK,1.5,0.3,100
-3.990881004553785,-0.5947252587729875,0.4921215817830639,1507,0.5938951559389516,3.212342402123424,21,0.003338690862171385,-0.01298648137340294,-1.982675152525522,-2.976923126353687,9837,ICICIBANK,1.5,0.6,10
-1.6911284875413393,-0.34231593966245166,0.5021856256988919,943,0.6670201484623541,5.238600212089078,36,0.005104732203153027,-0.017326885707528692,-0.6261683443407393,-1.6035972120400166,9837,ICICIBANK,1.5,0.6,20
-0.8175956029254166,-0.22040171201716982,0.5290230761410999,416,0.6754807692307693,12.509615384615385,79,0.008925329625130266,-0.027712008911678285,-0.13128639455606134,-1.101817183858902,9837,ICICIBANK,1.5,0.6,50
-0.7401922063209222,-0.20610346813352165,0.519873945308529,201,0.6567164179104478,25.442786069651742,149,0.012806675397453945,-0.04059135728812326,-0.022419273634741832,-1.0879032267818425,9837,ICICIBANK,1.5,0.6,100
-5.719484070968414,-0.6948073630568817,0.4081528921419132,1883,0.5650557620817844,2.132235793945831,18,0.0017260701110139425,-0.010260946558156325,-2.737168084898143,-3.830008548113053,9837,ICICIBANK,1.5,1.0,10
-2.9496285629873995,-0.48272798282629753,0.41435396970621124,1236,0.6432038834951457,3.2977346278317152,21,0.003012824669777086,-0.013576067262317333,-1.408051167881831,-2.1837988823273293,9837,ICICIBANK,1.5,1.0,20
-1.2633322169089491,-0.27838946049325825,0.4282809799735692,629,0.7106518282988871,6.697933227344992,63,0.00509558510962288,-0.02195193098674114,-0.4147275096295706,-1.3027973859558895,9837,ICICIBANK,1.5,1.0,50
-1.0137124138838818,-0.24423674179255297,0.43377045847311174,321,0.6947040498442367,13.292834890965732,119,0.007398052907581135,-0.03131762187655689,-0.05722775259418615,-1.362133392917796,9837,ICICIBANK,1.5,1.0,100
-9.806368120730138,-0.8605817728438522,0.3299786520280573,2437,0.08658186294624538,1.3319655313910546,8,0.0009032353492889826,-0.005014040950678862,-5.011237471774395,-5.959435025736778,9837,ICICIBANK,1.5,1.5,10
-7.303033591381348,-0.7868292269587973,0.3245908305377656,1877,0.06393180607352157,1.7011188066062866,12,0.0009326495150245302,-0.0049480356650323885,-3.8484457332711015,-4.733334988387863,9837,ICICIBANK,1.5,1.5,20
-4.786326770955154,-0.6675647567832609,0.31798312493646436,1279,0.05551211884284597,2.445660672400313,29,0.0006658809239346273,-0.005060499376080834,-2.6911515604008542,-3.3746541403054344,9837,ICICIBANK,1.5,1.5,50
-3.490406842436173,-0.571311413449121,0.3220494053064959,869,0.0379746835443038,3.6455696202531644,60,0.0004969814903534393,-0.005554517454411279,-1.9430826513382826,-2.6840935513678827,9837,ICICIBANK,1.5,1.5,100
-2.1561759850788116,-0.4149890644343461,0.5421368303344516,952,0.6071428571428571,5.601890756302521,32,0.006118821501293583,-0.01716563518898545,-0.8502254190673936,-2.0330433138654733,9837,ICICIBANK,2.0,0.0,10
-0.9041408248979151,-0.22393184751119952,0.5671444546101454,519,0.6339113680154143,10.726396917148362,51,0.009311050489005636,-0.022810236103429825,-0.1901285982106654,-1.0804806505581475,9837,ICICIBANK,2.0,0.0,20
-0.6028732144471038,-0.18250637025917674,0.5840195181457761,216,0.6620370370370371,26.59722222222222,153,0.01622485784852798,-0.044400628863045466,0.13265261399186482,-1.0537438486546824,9837,ICICIBANK,2.0,0.0,50
-0.39514369880021494,-0.13828703110200702,0.5857476873030395,108,0.6111111111111112,53.351851851851855,331,0.025805632925470563,-0.05558959957220058,0.2860946108496345,-0.9176860198010016,9837,ICICIBANK,2.0,0.0,100
-2.569447306193328,-0.44648124213293583,0.48927518552404187,1032,0.5988372093023255,4.663759689922481,23,0.005225012767304344,-0.015551219517787457,-1.0975639139963722,-2.11158307617355,9837,ICICIBANK,2.0,0.3,10
-0.8507121203651811,-0.19658986007413948,0.4942563789773305,586,0.658703071672355,8.276450511945393,49,0.00801489918815531,-0.020945623601643294,0.044991799317525005,-1.140365433018234,9837,ICICIBANK,2.0,0.3,20
-0.5690300717123697,-0.16487340653740457,0.5135712107349801,245,0.6612244897959184,20.620408163265306,137,0.014201602517592232,-0.03791773225987178,0.30396675234725984,-1.1504789220666756,9837,ICICIBANK,2.0,0.3,50
-0.6167958142605043,-0.18235294317599274,0.5287181051133476,117,0.6153846153846154,44.452991452991455,225,0.0209672773447324,-0.054005718744169734,0.05186238225926229,-0.9724757569261674,9837,ICICIBANK,2.0,0.3,100
-3.119766896067411,-0.48416837995841705,0.4265528108163058,1134,0.5793650793650794,3.7001763668430336,21,0.004476071974767678,-0.01375586682706383,-1.2724261064855567,-2.3483430826015264,9837,ICICIBANK,2.0,0.6,10
-1.1224701180439074,-0.22994972761165883,0.4229948154925282,662,0.6435045317220544,6.285498489425982,32,0.006947541576468441,-0.01831355557743091,-0.24125762164918443,-1.1210887830489538,9837,ICICIBANK,2.0,0.6,20
-0.5947395518686581,-0.15823796070785864,0.42909423604757546,273,0.652014652014652,15.461538461538462,76,0.011820162573645376,-0.0309203839717197,0.06309544390863658,-0.8965429831131311,9837,ICICIBANK,2.0,0.6,50
-0.5899533637185906,-0.16272915316422323,0.4448510724814476,134,0.6119402985074627,32.656716417910445,146,0.017218880367080216,-0.043041241492210544,-0.02582662258268555,-0.800369744911685,9837,ICICIBANK,2.0,0.6,100
-3.917420647651523,-0.5235850338816671,0.3401443529531361,1339,0.573562359970127,2.4988797610156834,18,0.0032686873993058225,-0.011549162746106867,-1.465792645905493,-2.6184273594546568,9837,ICICIBANK,2.0,1.0,10
-1.9156462297583663,-0.3200282406825864,0.33292670529633017,765,0.6366013071895424,4.281045751633987,21,0.0050248021386927735,-0.01626316348699537,-0.6640773400447957,-1.4100034677965372,9837,ICICIBANK,2.0,1.0,20
-0.8349108999091873,-0.17656880393009114,0.3343499034258412,332,0.6506024096385542,9.906626506024097,63,0.008691672555410776,-0.02480945583809184,-0.014440813352777249,-0.9860547918971492,9837,ICICIBANK,2.0,1.0,50
-0.7178768463644629,-0.17137383651811586,0.3487851987394531,173,0.6358381502890174,19.832369942196532,119,0.01241919266270831,-0.03628067809596092,0.12773207744362042,-1.047303604591245,9837,ICICIBANK,2.0,1.0,100
-5.551114600242937,-0.6056365521104118,0.24966961471993493,1632,0.47549019607843135,1.5049019607843137,8,0.0014201044211774646,-0.007318633166642995,-2.0596842484682703,-3.1030647113444214,9837,ICICIBANK,2.0,1.5,10
-3.35959169478801,-0.4375102234305873,0.2374707736098404,1024,0.5927734375,2.28125,12,0.0024471827243522553,-0.011153032005089297,-1.1802568303552956,-1.9851176020851222,9837,ICICIBANK,2.0,1.5,20
-1.3878219416101796,-0.233950490483083,0.22628850259225375,484,0.6611570247933884,4.599173553719008,29,0.004539979192174552,-0.01751357419964735,-0.542525042339952,-0.8769077849063573,9837,ICICIBANK,2.0,1.5,50
-0.8478860928034119,-0.16620267413869663,0.23787740164684354,278,0.6870503597122302,8.417266187050359,59,0.0062958479345991665,-0.024640332303354526,-0.19271525850900426,-0.748486696374399,9837,ICICIBANK,2.0,1.5,100
-2.1427480504707304,-0.4071198789562377,0.5279048490393413,918,0.6111111111111112,5.6568627450980395,32,0.006034735673382992,-0.017361593642563084,-0.8206737407857947,-1.9919284768413688,9837,ICICIBANK,2.1,0.0,10
-0.9171236144377929,-0.22039223067420355,0.5420351733252008,495,0.6343434343434343,10.747474747474747,51,0.0092110210136474,-0.022915157947790078,-0.22984296658261905,-1.0255400236821017,9837,ICICIBANK,2.1,0.0,20
-0.6466352445297567,-0.18956015563975392,0.5665345125546406,203,0.6354679802955665,27.45320197044335,153,0.016695258398617345,-0.04228304402088938,0.019201019387696805,-0.9944579435118724,9837,ICICIBANK,2.1,0.0,50
-0.36702135154295534,-0.13017463468940405,0.5737521602114466,104,0.6057692307692307,54.26923076923077,331,0.02655313265414178,-0.054940596464082544,0.30692090081524614,-0.8866379986316983,9837,ICICIBANK,2.1,0.0,100
-2.5616302598556877,-0.4386206743127578,0.47534817525668394,989,0.5935288169868554,4.728008088978767,23,0.005229085953490076,-0.015433465538729329,-1.0960422005069321,-2.0387374913635834,9837,ICICIBANK,2.1,0.3,10
-0.8535029175647459,-0.1917232704710928,0.47006201077564297,555,0.654054054054054,8.30990990990991,49,0.008085903790574283,-0.02085960658877849,-0.014126907500770156,-1.055734481566236,9837,ICICIBANK,2.1,0.3,20
-0.6044417119983071,-0.16966357551311773,0.49273152383856866,229,0.6593886462882096,21.16593886462882,137,0.014191938882187621,-0.03883091180865715,0.16601137793306076,-1.0518397277979876,9837,ICICIBANK,2.1,0.3,50
-0.6231402710068558,-0.1820764647251801,0.516519264003253,109,0.5871559633027523,46.61467889908257,225,0.02234280433645034,-0.052226326433123374,0.049926736281403594,-0.9701719482391336,9837,ICICIBANK,2.1,0.3,100
-3.052613557945347,-0.46911337368267453,0.41547219680796993,1085,0.5861751152073733,3.766820276497696,21,0.004465467321637008,-0.01404047621409681,-1.2385028831297076,-2.2256337204386227,9837,ICICIBANK,2.1,0.6,10
-1.1707704937683172,-0.23172550790768182,0.39981701738334857,615,0.6439024390243903,6.3951219512195125,32,0.006930739686653934,-0.0188422041554666,-0.29422796537192225,-1.087641828760305,9837,ICICIBANK,2.1,0.6,20
-0.5903668310462766,-0.1546642804637624,0.4113042594286876,254,0.65748031496063,15.929133858267717,75,0.01186075707373591,-0.032156562399565165,0.00235821404364972,-0.819232711491922,9837,ICICIBANK,2.1,0.6,50
-0.5310969984286374,-0.14891431392947302,0.4330588594083562,126,0.5952380952380952,33.80952380952381,144,0.018547410341222557,-0.04169474079875583,0.003177826381413785,-0.7385538315262693,9837,ICICIBANK,2.1,0.6,100
-3.7690035653165994,-0.49987999161296487,0.3276405408152892,1259,0.5734710087370929,2.5599682287529784,18,0.0033915287332786062,-0.011668544092788448,-1.401206485795856,-2.4161179466043876,9837,ICICIBANK,2.1,1.0,10
-1.9586268040612134,-0.3186100828999486,0.314323472603436,694,0.6195965417867435,4.455331412103747,21,0.00518509033450531,-0.016276213459158785,-0.6785486483411798,-1.3887828610394553,9837,ICICIBANK,2.1,1.0,20
-0.8002859848947496,-0.1663682415869658,0.316254955779201,301,0.6411960132890365,10.335548172757475,63,0.009099506029861627,-0.02492889935110126,-0.03165130253727862,-0.9044651636183643,9837,ICICIBANK,2.1,1.0,50
-0.6468874756109046,-0.15566946127773376,0.33384161837958726,158,0.6392405063291139,20.78481012658228,119,0.013321873549876592,-0.03790520560508785,0.1552654636775876,-0.9703529546300594,9837,ICICIBANK,2.1,1.0,100
-5.137328235850289,-0.5623814189162366,0.2364542035173325,1501,0.5216522318454364,1.5496335776149235,8,0.001674246717083725,-0.008210994591074234,-1.7981051471628695,-2.7864537897518726,9837,ICICIBANK,2.1,1.5,10
-3.154090177487403,-0.40643938009553554,0.22435701941648878,901,0.5849056603773585,2.4495005549389566,12,0.0027968712501382055,-0.011615979367467732,-1.0511692099697987,-1.819255924640299,9837,ICICIBANK,2.1,1.5,20
-1.2820387558674098,-0.21103771870142404,0.20931178204737216,413,0.6634382566585957,4.985472154963681,29,0.005027811858666725,-0.01897992352727875,-0.5025787366283812,-0.7580101843886826,9837,ICICIBANK,2.1,1.5,50
-0.6787508709261654,-0.1331628096726476,0.22364542035173327,236,0.673728813559322,9.322033898305085,58,0.007752019897529001,-0.0254734178122729,-0.1327753005871982,-0.5961067072507037,9837,ICICIBANK,2.1,1.5,100
-1.956799566355745,-0.36537178217727284,0.46853715563688114,760,0.6052631578947368,6.064473684210526,32,0.006408173228287474,-0.017973241432765224,-0.6962694299631689,-1.7479433148541603,9837,ICICIBANK,2.5,0.0,10
-0.5580794797120718,-0.14046458678501328,0.46680898647961777,408,0.6348039215686274,11.22549019607843,51,0.010560726587933132,-0.02319786187533091,0.01613561830802536,-0.73738885145765,9837,ICICIBANK,2.5,0.0,20
-0.8068852720608419,-0.21090026149255217,0.49049506963505135,154,0.5909090909090909,31.33116883116883,154,0.017087857641369365,-0.042924394446138936,-0.2455703542462974,-0.9036714504958441,9837,ICICIBANK,2.5,0.0,50
-0.254012047126685,-0.0967765473940985,0.5096065873741995,87,0.6436781609195402,57.62068965517241,330,0.0275837048222309,-0.06229262773171308,0.23514977370346773,-0.6215337633416431,9837,ICICIBANK,2.5,0.0,100
-2.301371933167101,-0.3890673857556652,0.41923350615024907,809,0.5834363411619283,5.097651421508035,23,0.005643234709252507,-0.015835745023378426,-0.9067539595875388,-1.7662853305238082,9837,ICICIBANK,2.5,0.3,10
-0.5995739566846785,-0.13502656911101732,0.39849547626308834,436,0.6353211009174312,8.963302752293577,49,0.009315849768938617,-0.02064906120896711,0.04667490551881665,-0.7493852517485898,9837,ICICIBANK,2.5,0.3,20
-0.7718557694423123,-0.19083670336828487,0.4138456846599573,167,0.6107784431137725,24.377245508982035,136,0.015186033548944928,-0.04003809964562409,-0.08938805121933627,-0.9641130037538479,9837,ICICIBANK,2.5,0.3,50
-0.49149483399041993,-0.14588810348612447,0.46294602012808783,90,0.5888888888888889,50.6,224,0.02451358418732581,-0.05378135923832342,0.020549815530164404,-0.7112401454198626,9837,ICICIBANK,2.5,0.3,100
-2.655053004111997,-0.40603733427224054,0.36006912676629055,865,0.5722543352601156,4.094797687861272,21,0.00498581452568056,-0.014366126321007875,-1.0108249171060577,-1.8366636314549787,9837,ICICIBANK,2.5,0.6,10
-0.9755113449879211,-0.18523957693109502,0.335874758564603,465,0.6301075268817204,7.105376344086022,32,0.007784217631950171,-0.019465793421281765,-0.1900396201884338,-0.8773010821106293,9837,ICICIBANK,2.5,0.6,20
-0.6841354803229523,-0.1582496458708056,0.33953441089763137,178,0.6067415730337079,18.764044943820224,75,0.012559485271375955,-0.03197667812332883,-0.11330068758765743,-0.7686423717367574,9837,ICICIBANK,2.5,0.6,50
-0.40599458727568266,-0.1151501517754765,0.37816407441293076,98,0.6122448979591837,37.95918367346939,141,0.020253807502084564,-0.046149075659734674,-0.07805376926893627,-0.46038265567590775,9837,ICICIBANK,2.5,0.6,100
-3.252166106509222,-0.42496191294052055,0.2765070651621429,956,0.5575313807531381,2.8451882845188283,18,0.003981501278360907,-0.012224057029460488,-1.1622344048012818,-1.8864015372941403,9837,ICICIBANK,2.5,1.0,10
-1.6934050324296461,-0.26069024975107485,0.2582088034970011,494,0.5850202429149798,5.1417004048583,21,0.0061045697859302625,-0.016530362414048937,-0.580802475134897,-1.04370115161129,9837,ICICIBANK,2.5,1.0,20
-0.7874989372666606,-0.1436750489516572,0.24479007827589713,194,0.5824742268041238,12.412371134020619,63,0.010537130517602302,-0.024687188709048385,-0.11479377392122904,-0.6941727630226301,9837,ICICIBANK,2.5,1.0,50
-0.4543329946263462,-0.10988529370267675,0.2743722679678764,114,0.631578947368421,23.67543859649123,119,0.01649736961626063,-0.04116766325264728,0.1312845147729417,-0.6725157590133619,9837,ICICIBANK,2.5,1.0,100
-3.9628691102547178,-0.4395686589110673,0.19081020636372878,1080,0.5324074074074074,1.737962962962963,8,0.002686006481841889,-0.009408056624175693,-1.1682345002625847,-2.0383803678870542,9837,ICICIBANK,2.5,1.5,10
-2.4091543219073275,-0.294250448043825,0.17444342787435194,580,0.5827586206896552,2.9586206896551723,12,0.003956355039328312,-0.013435539823259774,-0.730125554170136,-1.1840270797657597,9837,ICICIBANK,2.5,1.5,20
-0.8789631772057229,-0.13209495740489918,0.15787333536647352,238,0.6134453781512605,6.525210084033613,28,0.007165085847702402,-0.0195344558389578,-0.24111844508349992,-0.5099489583360673,9837,ICICIBANK,2.5,1.5,50
-0.37797590334313774,-0.07181971343807275,0.17281691572633934,134,0.5970149253731343,12.686567164179104,56,0.01225788193528159,-0.02497366895271283,-0.05946569271646362,-0.3084818759075023,9837,ICICIBANK,2.5,1.5,100
-1.726571112150528,-0.30675675654472606,0.3855850360882383,592,0.589527027027027,6.407094594594595,32,0.006807657527774146,-0.01786650789063126,-0.4281241376102899,-1.5375648026199293,9837,ICICIBANK,3.0,0.0,10
-0.34180536073610873,-0.08691604016559609,0.36311883704381415,301,0.6312292358803987,11.827242524916944,51,0.011634113971055546,-0.02354776757525786,0.2042885572796148,-0.6076091036326842,9837,ICICIBANK,3.0,0.0,20
-0.5328513675673775,-0.14190145459926837,0.3807054996442005,114,0.5789473684210527,32.85087719298246,154,0.02219673700743998,-0.0451007266166513,-0.06382915093351252,-0.6360210841747116,9837,ICICIBANK,3.0,0.0,50
-0.3896124764360224,-0.11619722198592537,0.4147605977432144,61,0.6721311475409836,66.88524590163935,329,0.02677145276553311,-0.08178661258102554,0.07978000250845574,-0.6178826907421089,9837,ICICIBANK,3.0,0.0,100
-1.9874212039423522,-0.31947849739204803,0.33953441089763137,619,0.5912762520193862,5.395799676898223,23,0.00589606140983503,-0.016769186529792136,-0.6118916326071944,-1.4727540834305937,9837,ICICIBANK,3.0,0.3,10
-0.4105067974718393,-0.0889035899660302,0.30659753990037614,308,0.6266233766233766,9.753246753246753,49,0.010633645399424478,-0.021584676615268257,0.20749344065226177,-0.6374376893191867,9837,ICICIBANK,3.0,0.3,20
-0.5231627011127818,-0.13045572390033094,0.32154112026024195,120,0.6083333333333333,26.358333333333334,136,0.01984106640112745,-0.04496333407979886,0.1076633705254226,-0.7725422249936653,9837,ICICIBANK,3.0,0.3,50
-0.49134248538379394,-0.13247069558285376,0.36911660058961066,64,0.609375,56.734375,204,0.02513401186264321,-0.0644839091041079,-0.04546709798784193,-0.5864041669717702,9837,ICICIBANK,3.0,0.3,100
-2.2599412073783087,-0.32819426683672387,0.2877909931889804,649,0.551617873651772,4.362095531587057,21,0.0053655418478444844,-0.014057905003773748,-0.6618123355513289,-1.508174039018506,9837,ICICIBANK,3.0,0.6,10
-0.6876448059073239,-0.1238424068603044,0.25719223340449326,323,0.6099071207430341,7.8328173374613,29,0.009296022185561173,-0.019902839950395195,0.03567801801040121,-0.7121194812046447,9837,ICICIBANK,3.0,0.6,20
-0.23955291993176206,-0.054370343019577716,0.2552607502287283,126,0.6190476190476191,19.928571428571427,74,0.01651889265667025,-0.032169439286431074,0.2525490449071599,-0.508208503435572,9837,ICICIBANK,3.0,0.6,50
-0.42534069591306656,-0.1077111360996692,0.2824031716986886,65,0.5846153846153846,42.738461538461536,141,0.02344934200234247,-0.052114021309446874,-0.05272773645133558,-0.4632758428147158,9837,ICICIBANK,3.0,0.6,100
-2.7101712392826722,-0.3383895385364589,0.22008742502795567,695,0.5381294964028777,3.115107913669065,18,0.004540895819168522,-0.012380948539901838,-0.8369536226570699,-1.439035822282393,9837,ICICIBANK,3.0,1.0,10
-1.084824469651057,-0.15990351818206416,0.1906068923452272,338,0.5887573964497042,5.547337278106509,19,0.0075809679160284155,-0.017492535909902022,-0.25046087806067047,-0.6723889981260558,9837,ICICIBANK,3.0,1.0,20
-0.42731375635324886,-0.07175158169845827,0.18115279048490393,131,0.5877862595419847,13.603053435114504,62,0.013501928387705224,-0.026134306511681873,0.1054455814766191,-0.4770496472541381,9837,ICICIBANK,3.0,1.0,50
-0.37155993324688585,-0.08606430541516492,0.2022974484090678,73,0.684931506849315,27.26027397260274,118,0.0188855925041932,-0.058925431203223175,0.1872031068062484,-0.5982083992707212,9837,ICICIBANK,3.0,1.0,100
-3.1821772574840868,-0.33207950008230086,0.14669106434888685,744,0.5241935483870968,1.939516129032258,8,0.0033709393024207806,-0.01002504099897533,-0.7737310215752919,-1.4604671641178708,9837,ICICIBANK,3.0,1.5,10
-1.491119830578587,-0.17288702338027745,0.12686794754498323,370,0.5702702702702702,3.372972972972973,12,0.005616448164139188,-0.01396434734909674,-0.2950834888102361,-0.7401771770627767,9837,ICICIBANK,3.0,1.5,20
-0.19943388470241952,-0.029681825389868948,0.10938294195384772,144,0.6041666666666666,7.472222222222222,28,0.01173930816032647,-0.020310503304972884,0.06968607842652376,-0.20606495686157503,9837,ICICIBANK,3.0,1.5,50
0.03617630009074132,-0.0030179159654088314,0.11446579241638712,76,0.6447368421052632,14.81578947368421,56,0.014866342843907848,-0.026747012258366763,0.19317927698550164,-0.18689780860992,9837,ICICIBANK,3.0,1.5,100
-3.6351292187996167,-0.5531696257056952,0.6664160872016538,1609,0.6432566811684276,4.40522063393412,39,0.0027387931099890853,-0.013207329129100793,-1.722005411192346,-3.0243506400728055,10642,INFY,1.0,0.0,10
-1.9929409308132395,-0.3750847493531942,0.7113324563052058,986,0.6866125760649088,7.657200811359027,65,0.00426254656881414,-0.017947071187792152,-0.7531696052896264,-1.9067313646509767,10642,INFY,1.0,0.0,20
-0.6269044615302849,-0.16465809452237895,0.7565307273068972,474,0.729957805907173,16.90717299578059,157,0.008000333347633063,-0.02821796360613448,0.02894372570255077,-0.8727277290067241,10642,INFY,1.0,0.0,50
-0.4638350699384351,-0.13128800862713702,0.7810561924450291,236,0.7245762711864406,35.07203389830509,239,0.011666463167360095,-0.040898619208511656,0.15168011582344937,-0.81512516275813,10642,INFY,1.0,0.0,100
-4.545367268138382,-0.6193834890995451,0.6202781432061643,1892,0.6057082452431289,3.486786469344609,40,0.001991789379346743,-0.010747524649502524,-2.1610050122582463,-3.5740577475392685,10642,INFY,1.0,0.3,10
-2.501068904523443,-0.4300980693694156,0.6535425671866191,1224,0.6838235294117647,5.665849673202614,50,0.0031571377250021702,-0.015166777266007571,-1.0175427448401457,-2.209475781277969,10642,INFY,1.0,0.3,20
-0.8570689789091829,-0.20067567457825297,0.6871828603645931,625,0.7376,11.6416,156,0.005924988593668154,-0.02350228437830886,-0.18998114109152042,-0.9329737552701146,10642,INFY,1.0,0.3,50
-0.570925874879577,-0.14510322629693062,0.7134937041909416,323,0.7492260061919505,23.39938080495356,198,0.008374716131991004,-0.03450213366991489,0.07677792291487351,-0.8447694462361568,10642,INFY,1.0,0.3,100
-5.978440030181242,-0.6953073428288896,0.5620184175906785,2286,0.5546806649168854,2.614610673665792,33,0.00121057202608534,-0.008484862547644209,-2.9249281675948673,-4.177656576830726,10642,INFY,1.0,0.6,10
-3.502314586072333,-0.5361960503573876,0.5904905093027626,1561,0.657911595131326,4.012812299807815,44,0.0018847744883458445,-0.0120203759124266,-1.6741123731946124,-2.8091049645100092,10642,INFY,1.0,0.6,20
-1.4683241797465225,-0.29265089729228505,0.6194324375117459,901,0.758046614872364,7.275249722530521,86,0.003463463779654045,-0.019421744982515407,-0.5158744720975286,-1.352520172587118,10642,INFY,1.0,0.6,50
-0.9227450275154294,-0.20258354071437543,0.6354068784063146,492,0.7764227642276422,13.672764227642276,189,0.004943504611543909,-0.027990471075638422,-0.2054447919504258,-0.9850882647600274,10642,INFY,1.0,0.6,100
-9.275274889658881,-0.8370163020969063,0.4868445780868258,2943,0.1019367991845056,1.7590893645939518,13,0.0008392505736326207,-0.004224363865944207,-4.812122487266399,-6.101096038334354,10642,INFY,1.0,1.0,10
-6.982193844900604,-0.7709431143253428,0.5089268934410826,2246,0.09038290293855744,2.409617097061443,33,0.0007602603038718758,-0.004390626254545897,-3.732803449034813,-5.082913147316463,10642,INFY,1.0,1.0,20
-4.808824257932698,-0.6527480300263636,0.5310092087953392,1630,0.0705521472392638,3.454601226993865,50,0.000717930438454229,-0.004146905773684409,-2.4926554578250055,-3.7073447888846385,10642,INFY,1.0,1.0,50
-3.4722427154877873,-0.5414732081358323,0.5424732193196767,1152,0.052083333333333336,4.993923611111111,110,0.0006863307582585411,-0.0041870667031079205,-1.707280546383115,-2.8238164479152204,10642,INFY,1.0,1.0,100
-16.907215241511686,-0.96676505720807,0.42059763202405565,3660,0.009562841530054645,1.222950819672131,6,0.0005721096173165149,-0.00567931477541192,-9.371147910853981,-11.19634431340815,10642,INFY,1.0,1.5,10
-15.710716588886065,-0.971873099778781,0.42773914677692165,3103,0.0016113438607798904,1.4669674508540123,13,0.0009880591530212156,-0.0069536101699160255,-9.32955486746315,-12.20778914317159,10642,INFY,1.0,1.5,20
-16.05994566373388,-0.9873163870706877,0.43798158240932156,2662,0.0,1.7486851990984222,36,,-0.009857241426808593,-11.364381975540939,-14.875594702623538,10642,INFY,1.0,1.5,50
-15.640078999263894,-0.9903716856954857,0.43798158240932156,2219,0.0,2.091482649842271,51,,-0.012551000050328148,-10.698806155773518,-17.15186295590464,10642,INFY,1.0,1.5,100
-2.525708754832385,-0.4220757053583063,0.6168953204284909,1354,0.6558345642540621,4.845642540620384,40,0.003803171042450768,-0.014091242449209581,-1.0844991190027535,-2.1048039766326294,10642,INFY,1.5,0.0,10
-1.3770582480424773,-0.2724703079984251,0.6411388836684834,758,0.6741424802110818,8.977572559366754,65,0.00578795446487819,-0.019074872223412524,-0.45146611043004153,-1.3023825972000966,10642,INFY,1.5,0.0,20
-0.4273224752819594,-0.11766768622507325,0.6759067844390152,337,0.6943620178041543,21.240356083086052,156,0.01065015692793697,-0.029277392092746168,0.17855516413353575,-0.7019898285491403,10642,INFY,1.5,0.0,50
-0.1926757538421385,-0.06873453271223856,0.708701371922571,177,0.7062146892655368,42.41242937853107,234,0.015926552531885064,-0.04318051450227964,0.2779890279154362,-0.5325567155483448,10642,INFY,1.5,0.0,100
-3.081956535883231,-0.4692942919270474,0.5670926517571885,1538,0.6469440832249674,3.9213263979193758,40,0.003101513181915809,-0.012539555008660148,-1.2530389858064872,-2.469933767889742,10642,INFY,1.5,0.3,10
-1.6938380405634388,-0.3086564851005009,0.5782747603833865,868,0.6670506912442397,7.0691244239631335,49,0.0048386838001339355,-0.01686434682450379,-0.5903699417677003,-1.4818283702363473,10642,INFY,1.5,0.3,20
-0.5297697589754632,-0.13033510674879284,0.6045856042097351,397,0.6926952141057935,16.1183879093199,155,0.009056160969258844,-0.02557614163237291,-0.03390946002917044,-0.5959355525741428,10642,INFY,1.5,0.3,50
-0.2065673515289789,-0.0662916714520265,0.6278894944559293,214,0.7242990654205608,31.060747663551403,198,0.013027377391815958,-0.038442179083163074,0.23953152814902243,-0.4883765983241703,10642,INFY,1.5,0.3,100
-3.840369917475987,-0.5161959021524734,0.503100920879534,1756,0.6304100227790432,3.0466970387243735,32,0.0024406259540791456,-0.010795367165922984,-1.615240744546042,-2.6891796149723612,10642,INFY,1.5,0.6,10
-2.2088975881410198,-0.36886891611427175,0.5112760759255779,1007,0.6564051638530288,5.385302879841112,43,0.003735769152718651,-0.014740937902939816,-0.9318354364733763,-1.699185667996772,10642,INFY,1.5,0.6,20
-0.7802866362601834,-0.1653158010779332,0.5250892689344109,491,0.7026476578411406,11.309572301425662,87,0.007059742235036335,-0.0227443828039333,-0.25123217641346274,-0.6338366418732634,10642,INFY,1.5,0.6,50
-0.5088215963594789,-0.11870702137086928,0.5436947942116144,259,0.7142857142857143,22.204633204633204,189,0.009891194375801028,-0.032889359448491855,-0.04481107781526458,-0.5591305618499423,10642,INFY,1.5,0.6,100
-5.238462317316993,-0.6137345749507198,0.41712084194700244,2157,0.5656003708854891,2.0560964302271674,14,0.0013536133784239567,-0.007830946696117278,-2.3402538912881976,-3.345934841296466,10642,INFY,1.5,1.0,10
-3.4303020189938755,-0.4845250554379744,0.4188122533358391,1329,0.63732129420617,3.351392024078254,33,0.0021299714835938434,-0.011873348206651403,-1.5391382806301799,-2.379729708371811,10642,INFY,1.5,1.0,20
-1.4325120478416327,-0.25267703690857285,0.42792708137568125,707,0.7114568599717115,6.413012729844413,50,0.00396866813255318,-0.017521400194336904,-0.5663107162142247,-1.011814852756253,10642,INFY,1.5,1.0,50
-0.7267526577336136,-0.14397719432093048,0.4335651193384702,405,0.7481481481481481,11.34320987654321,110,0.0056398228824077155,-0.024350860495947514,-0.3237154664142977,-0.4512059708028109,10642,INFY,1.5,1.0,100
-9.042990238588676,-0.8043466206887191,0.33734260477353883,2763,0.07745204487875498,1.2993123416576184,6,0.0008729930234761377,-0.003930069237477869,-4.353215603760037,-5.477710375547158,10642,INFY,1.5,1.5,10
-7.169635659754853,-0.7340238261309747,0.32634843074610037,2005,0.05536159600997506,1.7321695760598503,13,0.0007385655038146101,-0.004238667278925751,-3.299516566382314,-4.646538488979639,10642,INFY,1.5,1.5,20
-4.938246451150885,-0.6038125261647946,0.321931967675249,1398,0.04864091559370529,2.4463519313304722,35,0.0006864422956214874,-0.004150762214997353,-2.2380018696217308,-3.235833800222487,10642,INFY,1.5,1.5,50
-3.756245614002671,-0.5009494995370342,0.3274760383386581,1023,0.02932551319648094,3.3870967741935485,50,0.0008243701512238641,-0.004102454179307163,-1.6060343786073084,-2.442971516907988,10642,INFY,1.5,1.5,100
-1.9089637424614825,-0.3310010332394481,0.553091524149596,1114,0.6436265709156194,5.280071813285458,39,0.004713730066112085,-0.01432203158833084,-0.7270474305236333,-1.579054652641346,10642,INFY,2.0,0.0,10
-0.9602571104045159,-0.19302318987164077,0.5791204660778049,610,0.660655737704918,10.080327868852459,63,0.007201664630434287,-0.019523163183436405,-0.23173559631767612,-0.9072883365886426,10642,INFY,2.0,0.0,20
-0.4154159796789679,-0.10571803445869014,0.5828791580529975,254,0.6811023622047244,24.283464566929133,152,0.011818722905441737,-0.031063452256766863,-0.028159235566726032,-0.44334133458996894,10642,INFY,2.0,0.0,50
-0.13670119263879946,-0.05267660557032576,0.6258222138695734,133,0.6842105263157895,49.81203007518797,229,0.019167942836912585,-0.04556513872379747,0.29066049465067517,-0.46011352289112367,10642,INFY,2.0,0.0,100
-2.3024843258199397,-0.3673941936103858,0.5022552151851156,1229,0.6493083807973963,4.345809601301871,39,0.004013771895461823,-0.013609029477361123,-0.7959632015493272,-1.8665385306147817,10642,INFY,2.0,0.3,10
-1.1702488266733333,-0.21725340455878905,0.5140011276075925,674,0.6661721068249258,8.094955489614243,43,0.006206405770096856,-0.018295577450120646,-0.29288396271287265,-1.0369447727907843,10642,INFY,2.0,0.3,20
-0.5361154846323477,-0.12162695558902221,0.5159744408945687,276,0.6811594202898551,19.768115942028984,151,0.01035029021977649,-0.028868911627483618,-0.17769021408242003,-0.4169194478181584,10642,INFY,2.0,0.3,50
-0.08880455168341016,-0.03863206019201414,0.5378688216500658,153,0.6928104575163399,37.18300653594771,198,0.01685243526442695,-0.03995892861893127,0.25083702567843075,-0.34254853273894376,10642,INFY,2.0,0.3,100
-2.9408277729740098,-0.4116558759050504,0.43722984401428305,1336,0.6362275449101796,3.479790419161677,32,0.003311592670019708,-0.012219371603665152,-1.0713593803742754,-2.0524014494902376,10642,INFY,2.0,0.6,10
-1.5287563542394973,-0.2597391859546181,0.4431497838752114,742,0.6482479784366577,6.336927223719677,42,0.005219829955179103,-0.01604391405411236,-0.5279440870825148,-1.1487792725996626,10642,INFY,2.0,0.6,20
-0.7190484094821621,-0.1424232627558968,0.43976696109753804,313,0.6325878594249201,14.840255591054314,84,0.009313838098267324,-0.02252785175342206,-0.3347663611603854,-0.41179664702622115,10642,INFY,2.0,0.6,50
-0.3397066585286915,-0.08136325497071405,0.4560233038902462,169,0.6686390532544378,28.50887573964497,189,0.013825252273718548,-0.03454581571518983,-0.01260292894306779,-0.3597092441773669,10642,INFY,2.0,0.6,100
-3.5816783869742177,-0.4478495548308521,0.34730313850779926,1546,0.6015523932729625,2.388098318240621,13,0.002441658478284008,-0.009407678509612348,-1.3035637429061486,-2.220823834210931,10642,INFY,2.0,1.0,10
-2.226315959435272,-0.3272051867991643,0.34890058259725615,882,0.6281179138321995,4.209750566893424,33,0.003898027141943739,-0.013641384386712425,-0.8153650234785597,-1.4995020187262849,10642,INFY,2.0,1.0,20
-0.8602723175543424,-0.15187704570188076,0.3345235857921443,387,0.6563307493540051,9.162790697674419,49,0.007056608107118082,-0.019817414865904416,-0.3968687543164679,-0.44646896364082633,10642,INFY,2.0,1.0,50
-0.304052999781774,-0.06504381056888371,0.3492764517947754,222,0.6891891891891891,16.66216216216216,109,0.010228442723174865,-0.026531944088491577,-0.21753350727219878,-0.048218898187965625,10642,INFY,2.0,1.0,100
-5.25953085201404,-0.5586224121188912,0.2539936102236422,1848,0.4518398268398268,1.4626623376623376,7,0.0011104560691607365,-0.005756226193601785,-1.967555032689865,-2.936271283679528,10642,INFY,2.0,1.5,10
-3.372674225848346,-0.4131841128888661,0.2464762262732569,1156,0.596885813148789,2.269031141868512,13,0.0018651693038275157,-0.009544065107460304,-1.2387851417774176,-1.9217823786580976,10642,INFY,2.0,1.5,20
-1.4849050563945014,-0.21556865863689018,0.22834053749295244,549,0.663023679417122,4.415300546448087,35,0.0035010064622501046,-0.014261809377221867,-0.6222366401826269,-0.7418317423443803,10642,INFY,2.0,1.5,50
-0.7460590719010559,-0.11898497344094018,0.24149595940612667,346,0.7398843930635838,7.375722543352601,50,0.005215539485969757,-0.021871067434768507,-0.42095610250864934,-0.2122618582122582,10642,INFY,2.0,1.5,100
-1.7940207903039016,-0.3129935442599066,0.5415335463258786,1069,0.6426566884939195,5.387277829747427,39,0.004864571013881809,-0.014367864174499336,-0.7240037965362117,-1.4225600315857312,10642,INFY,2.1,0.0,10
-0.9284686287335335,-0.18597025675819667,0.5625822213869573,579,0.6563039723661486,10.316062176165802,63,0.007399360934145189,-0.01960638231432282,-0.2206982288705296,-0.8692146967045408,10642,INFY,2.1,0.0,20
-0.3741514962816835,-0.09596325916842226,0.5633339597819959,239,0.6778242677824268,24.93723849372385,152,0.012205468549448907,-0.03101358834175187,0.0076110695690591035,-0.4183714668732293,10642,INFY,2.1,0.0,50
-0.12598621434242857,-0.04964760177499654,0.6053373426047736,127,0.7007874015748031,50.48031496062992,229,0.019171809249101206,-0.0489138307788744,0.2994659004267149,-0.4519004468539353,10642,INFY,2.1,0.0,100
-2.1550239616507887,-0.34590716049779757,0.48985153166697987,1174,0.6490630323679727,4.436967632027257,39,0.004181285482175309,-0.013706808930259058,-0.7612712005248796,-1.6997945413242679,10642,INFY,2.1,0.3,10
-1.1846150525443333,-0.21676148711451626,0.49746288291674495,632,0.6566455696202531,8.354430379746836,43,0.006352035159553182,-0.018274466858569732,-0.27886268414552284,-1.050602032949538,10642,INFY,2.1,0.3,20
-0.5396527994266753,-0.11955577847474033,0.49436196203721106,256,0.67578125,20.4140625,151,0.01049332230971071,-0.028930278693634345,-0.1506313550703778,-0.43523701692132016,10642,INFY,2.1,0.3,50
-0.04154966275074345,-0.028699460924674843,0.5149408006013907,146,0.7054794520547946,37.321917808219176,198,0.017228097096868438,-0.04199620993431499,0.280906024561311,-0.31224905075940645,10642,INFY,2.1,0.3,100
-2.772180857899504,-0.38913471217261886,0.42585980078932534,1268,0.636435331230284,3.5709779179810726,32,0.00346880484522915,-0.012359123538667551,-1.0172371582086295,-1.8809932830171887,10642,INFY,2.1,0.6,10
-1.5346309566391083,-0.2578285488372907,0.4280210486750611,689,0.6400580551523948,6.590711175616836,42,0.0053616152126161045,-0.016244612651171154,-0.5094382200640787,-1.1547534086626654,10642,INFY,2.1,0.6,20
-0.6905634277114094,-0.13439924269378106,0.4188122533358391,288,0.6319444444444444,15.354166666666666,84,0.009466746732877576,-0.02281719397548919,-0.3039657631447441,-0.3917088928733914,10642,INFY,2.1,0.6,50
-0.2888502639345507,-0.07124268717500207,0.43488066152978766,159,0.6792452830188679,28.91194968553459,189,0.014264962790661688,-0.03625539879822306,0.009276700889966127,-0.31768605820787965,10642,INFY,2.1,0.6,100
-3.264245157369326,-0.41341498484397404,0.3349934222890434,1459,0.6086360520904729,2.440712816997944,13,0.0026185682945159576,-0.009604294595800214,-1.16968209686866,-1.989081471803091,10642,INFY,2.1,1.0,10
-2.1218867473494782,-0.31101291903270506,0.33358391279834615,812,0.6231527093596059,4.37192118226601,33,0.0041149088900333496,-0.013906667778950138,-0.7306120849919064,-1.442684357009962,10642,INFY,2.1,1.0,20
-0.8007985052482965,-0.13959559069279706,0.3177034392031573,351,0.6695156695156695,9.592592592592593,49,0.007262940428109221,-0.021283218406002485,-0.3652988392114045,-0.39676349527921706,10642,INFY,2.1,1.0,50
-0.2797164350610635,-0.05991422235384675,0.3300131554219132,201,0.681592039800995,17.388059701492537,102,0.010731790924205635,-0.026684834026353337,-0.1770495856997887,-0.0605244353706528,10642,INFY,2.1,1.0,100
-4.6729517853224865,-0.5097640905004219,0.24121405750798722,1721,0.5072632190586868,1.4915746658919233,6,0.001316820667311381,-0.00638858120651056,-1.688330516531895,-2.5796019040262244,10642,INFY,2.1,1.5,10
-3.093339650490614,-0.37743510934550933,0.23256906596504417,1028,0.5963035019455253,2.407587548638132,13,0.002201743048863745,-0.010013811665837518,-1.0909730568918408,-1.7150902954772536,10642,INFY,2.1,1.5,20
-1.2973399378524129,-0.1875854406319832,0.2155609847772975,473,0.6659619450317125,4.837209302325581,35,0.004113822886929939,-0.015524302837523686,-0.5398290123609177,-0.6171566265848939,10642,INFY,2.1,1.5,50
-0.6206750440587446,-0.09942466885759127,0.22476978011651946,293,0.7235494880546075,8.10580204778157,50,0.006156899283007283,-0.022343345571935402,-0.3539383386630029,-0.15061000466622082,10642,INFY,2.1,1.5,100
-1.5482156484984846,-0.26445501899186646,0.4840255591054313,898,0.6380846325167038,5.73162583518931,38,0.005316504174418916,-0.014744555480264196,-0.5021386790564013,-1.2434849600874243,10642,INFY,2.5,0.0,10
-0.6277275859718511,-0.1283134644616844,0.5021612478857358,486,0.6460905349794238,10.96707818930041,63,0.008377412528194326,-0.019296419621728008,-0.11368532971200063,-0.5747913113721979,10642,INFY,2.5,0.0,20
-0.27333372508042775,-0.07158418669041058,0.4798909979327194,188,0.6542553191489362,26.97872340425532,126,0.013988266952920898,-0.03056687959927389,-0.10801179670870766,-0.15827854203482505,10642,INFY,2.5,0.0,50
-0.16153193097041785,-0.05300004392024004,0.5197331328697613,98,0.6938775510204082,56.1530612244898,229,0.02141487527894719,-0.05479920603413756,0.2992641286815695,-0.4870287907372873,10642,INFY,2.5,0.0,100
-1.9276719078828932,-0.30178412964047824,0.43506859612854726,966,0.6262939958592133,4.788819875776397,38,0.0046830134832761446,-0.013590359114944375,-0.5800177880963354,-1.492878695016516,10642,INFY,2.5,0.3,10
-0.8757889649757067,-0.1601766152333119,0.4399548956962977,519,0.653179190751445,8.99421965317919,43,0.007239580225007745,-0.01874085452156175,-0.17255677803935282,-0.7465793395641369,10642,INFY,2.5,0.3,20
-0.44042696973626855,-0.0948359419527824,0.41317421537305016,195,0.6717948717948717,22.369230769230768,123,0.011820173850781596,-0.031011899402831652,-0.24945446139891617,-0.18686432592992047,10642,INFY,2.5,0.3,50
-0.107430192762054,-0.038191747730444106,0.4412704378876151,109,0.7339449541284404,42.825688073394495,198,0.018095469801279223,-0.053626308626110605,0.2513549024724633,-0.3588802685273326,10642,INFY,2.5,0.3,100
-2.4225327507069196,-0.33159191303496527,0.3736139823341477,1024,0.6201171875,3.87890625,32,0.003977962492447137,-0.01256095794770737,-0.7474349246472138,-1.6127715343070224,10642,INFY,2.5,0.6,10
-1.1889718515026486,-0.1956909499399838,0.37370794963352755,551,0.631578947368421,7.192377495462795,42,0.006288010527495056,-0.016635647925775623,-0.3305408993757395,-0.8582679659884318,10642,INFY,2.5,0.6,20
-0.5444237790735501,-0.10198323374313933,0.34871264799849655,214,0.6448598130841121,17.177570093457945,84,0.010499950062376964,-0.025531116093082257,-0.31620967123823696,-0.1751620432279936,10642,INFY,2.5,0.6,50
-0.2178796169967502,-0.054256772568767694,0.3645931215936854,117,0.7008547008547008,32.92307692307692,189,0.01601386934437626,-0.04372011301526177,0.01590714399707322,-0.23297381329238243,10642,INFY,2.5,0.6,100
-2.7299484131068423,-0.33916159627533277,0.2850967863183612,1129,0.608503100088574,2.683790965456156,14,0.0031897452727244475,-0.010484933557200902,-0.8618759173349342,-1.5811097125861686,10642,INFY,2.5,1.0,10
-1.7652360381055607,-0.24868705310736638,0.2829355384326254,603,0.6135986733001658,4.993366500829187,33,0.004941694144613216,-0.014959003228317199,-0.46574433513828906,-1.1912765835527286,10642,INFY,2.5,1.0,20
-0.6894567870575634,-0.11147199622499238,0.2578462694982146,245,0.6448979591836734,11.142857142857142,49,0.008827842469662006,-0.022791654929092638,-0.3712202089478068,-0.21685465967665557,10642,INFY,2.5,1.0,50
-0.23073601173939287,-0.04764551325683597,0.2653636534485999,132,0.696969696969697,21.28787878787879,101,0.012647350725566992,-0.03356155533391231,-0.12462781701347404,-0.05427812959085467,10642,INFY,2.5,1.0,100
-3.5126613216001905,-0.38395196065705156,0.19610975380567564,1263,0.5629453681710214,1.6524148851939826,7,0.0021000726448164695,-0.007939901374143118,-1.064810916837637,-1.8248629912248548,10642,INFY,2.5,1.5,10
-2.1279094582818554,-0.2547179631760495,0.18624318737079495,703,0.6059743954480796,2.8193456614509245,13,0.0033382473370803293,-0.01135394965544576,-0.5913804066102759,-1.1315702823519793,10642,INFY,2.5,1.5,20
-0.9886803920305218,-0.13222171942566216,0.16895320428490884,289,0.643598615916955,6.221453287197232,35,0.005829540328367751,-0.018097404724644044,-0.4371627909057313,-0.3425753946562031,10642,INFY,2.5,1.5,50
-0.42917900731075903,-0.0659360850483043,0.16820146588987034,164,0.6829268292682927,10.829268292682928,50,0.009803514111897652,-0.026904764855280407,-0.2465074801393143,-0.05454671180272973,10642,INFY,2.5,1.5,100
-1.3737041323782595,-0.22326682819821062,0.39945498966359705,682,0.6231671554252199,6.2272727272727275,33,0.005926009864540046,-0.015360516747107993,-0.3055575588270894,-1.1235410527501457,10642,INFY,3.0,0.0,10
-0.5177603367422808,-0.09921023055993013,0.402555910543131,357,0.6246498599439776,11.96078431372549,63,0.009544351216884642,-0.019712131023250652,0.012375418769117151,-0.5254106545194289,10642,INFY,3.0,0.0,20
-0.28315849117640646,-0.06607177928738893,0.3700432249577147,132,0.6363636363636364,29.62121212121212,125,0.01599533145478789,-0.033425092150124076,-0.17937724209187586,-0.0814193389118975,10642,INFY,3.0,0.0,50
-0.35459070273363275,-0.07766579173720287,0.37258034204096974,64,0.671875,61.734375,229,0.021869547722634997,-0.06315245682539951,0.03119135683395706,-0.4170023980940419,10642,INFY,3.0,0.0,100
-1.7133519119741336,-0.2556921974795032,0.35679383574516066,726,0.6088154269972452,5.2245179063360885,33,0.005342222281487562,-0.014290965255672226,-0.30566960075374516,-1.391702283439665,10642,INFY,3.0,0.3,10
-0.6847134752302668,-0.118502722352934,0.34786694230407816,376,0.6223404255319149,9.808510638297872,42,0.008544783809028598,-0.018636548761479407,-0.05479978528284012,-0.5921107275345439,10642,INFY,3.0,0.3,20
-0.4183402592524511,-0.08277221510754525,0.3177974065025371,134,0.664179104477612,25.029850746268657,122,0.013835752256076002,-0.03587194945454677,-0.27593482498506705,-0.10692094967877348,10642,INFY,3.0,0.3,50
-0.3011256952574815,-0.062434995943439556,0.304078180793084,67,0.7014925373134329,48.08955223880597,198,0.019285713942206708,-0.06048467891036977,0.03149563678537863,-0.33476065970905877,10642,INFY,3.0,0.3,100
-2.1477239624659226,-0.277589808386093,0.29778237173463634,745,0.6013422818791946,4.248322147651007,32,0.004693239807630363,-0.013479291833050196,-0.49499191116932045,-1.4057863294281847,10642,INFY,3.0,0.6,10
-0.966880747718825,-0.1500349031787518,0.2934598759631648,391,0.5882352941176471,7.951406649616368,42,0.00765607771973592,-0.016354378773331592,-0.23138048164281932,-0.6407766253243053,10642,INFY,3.0,0.6,20
-0.4478961835230312,-0.07804736774105858,0.25671866190565684,143,0.6643356643356644,18.90909090909091,84,0.012278145271668229,-0.03176647886857762,-0.3114266777647393,-0.04694050711850488,10642,INFY,3.0,0.6,50
-0.3353404203987345,-0.06331221508278664,0.24516068408193947,71,0.704225352112676,36.54929577464789,189,0.016972088978344763,-0.05543009547667484,-0.11592483027601919,-0.1995027258169143,10642,INFY,3.0,0.6,100
-2.2265118413370923,-0.2623987962530935,0.22054125164442773,801,0.599250936329588,2.9250936329588013,14,0.003878601451067143,-0.011371980292007498,-0.5238965522132092,-1.2647804250089696,10642,INFY,3.0,1.0,10
-1.3210927428742114,-0.1773533337313584,0.218380003758692,417,0.5731414868105515,5.5731414868105515,33,0.006382321649457661,-0.014856987043863939,-0.25208457752204494,-0.8670842420653556,10642,INFY,3.0,1.0,20
-0.48769262405007874,-0.07268615298901927,0.1835181356887803,155,0.6258064516129033,12.509677419354839,49,0.010977863328082921,-0.024488074849189294,-0.299175706624935,-0.05627989180400059,10642,INFY,3.0,1.0,50
-0.2541340235394414,-0.042772250934546154,0.17139635406878406,77,0.7142857142857143,23.506493506493506,97,0.014863785881540265,-0.04515132223206882,-0.15312747648118114,-0.02269338913961842,10642,INFY,3.0,1.0,100
-2.6650121396211697,-0.2794129564034514,0.14922007141514754,864,0.5694444444444444,1.837962962962963,7,0.0028696734294775938,-0.009030030737593975,-0.6876749864236473,-1.2596171206583353,10642,INFY,3.0,1.5,10
-1.5515100671032254,-0.17540212363516544,0.13860176658522835,450,0.5955555555555555,3.2777777777777777,13,0.004621987947139271,-0.012950968220913253,-0.42019802468838297,-0.6981854216845044,10642,INFY,3.0,1.5,20
-0.6786443881603854,-0.08387774864464653,0.1152039090396542,164,0.6463414634146342,7.475609756097561,35,0.007718411337393988,-0.022116812956565868,-0.31503324632445434,-0.14959030339260324,10642,INFY,3.0,1.5,50
-0.6062027481317579,-0.07735245446369454,0.1080623942867882,80,0.6375,14.2,49,0.011550845219951937,-0.03414758576577788,-0.28980831442677646,-0.11137856656323333,10642,INFY,3.0,1.5,100
-3.5387166970884945,-0.49344144432724263,0.6593685397481677,1624,0.6360837438423645,4.320812807881773,28,0.002758601436201348,-0.011669859367792983,-1.432800278875556,-2.614451323894105,10642,TCS,1.0,0.0,10
-1.9739452191085745,-0.34040809906494324,0.7009960533734261,971,0.6776519052523172,7.6828012358393405,72,0.0043157240016191215,-0.01680255995507954,-0.6562397472041103,-1.763215125670404,10642,TCS,1.0,0.0,20
-1.0240954659552899,-0.2099493248736106,0.7663972937417779,471,0.732484076433121,17.21443736730361,177,0.007080107539984263,-0.02961446419956428,-0.09633950491334259,-1.1924458829371851,10642,TCS,1.0,0.0,50
-0.8256880866825409,-0.17760134678293696,0.7819018981394474,220,0.7136363636363636,37.654545454545456,225,0.010686535668142245,-0.04357987031872318,0.06527658493340202,-1.133022315114629,10642,TCS,1.0,0.0,100
-4.470774635476327,-0.5649480511607305,0.6100357075737644,1904,0.6207983193277311,3.4096638655462184,25,0.0019810486855069915,-0.010137407013325007,-1.9501993438797396,-3.0274089734716503,10642,TCS,1.0,0.3,10
-2.653414259217948,-0.41254087239986514,0.6471527908287916,1195,0.6878661087866109,5.763179916317991,52,0.003067856552498912,-0.015145254508946101,-1.0570442970604492,-2.070357548622341,10642,TCS,1.0,0.3,20
-1.261501947982484,-0.23943657222685846,0.7071978951324939,616,0.7418831168831169,12.150974025974026,177,0.005212327887680232,-0.024586078945268326,-0.2608865158719626,-1.2662661917558342,10642,TCS,1.0,0.3,50
-1.0217295103557265,-0.2028121091371983,0.7243939109190002,287,0.7212543554006968,26.73170731707317,224,0.007848402142004664,-0.03615859855641439,-0.07966515771306612,-1.1884034834051187,10642,TCS,1.0,0.3,100
-5.9052618047204595,-0.6527411818477125,0.5524337530539373,2298,0.5578764142732812,2.5583115752828545,21,0.0011720334509821688,-0.007732479897965635,-2.6834300057118474,-3.6702226864620973,10642,TCS,1.0,0.6,10
-3.5962373660166405,-0.49578033580793474,0.5833489945498966,1572,0.6615776081424937,3.94910941475827,35,0.0018355857883783934,-0.011226302204310645,-1.6214945960671279,-2.4418889567126056,10642,TCS,1.0,0.6,20
-1.7845326018779628,-0.3055766614708057,0.6370043224957714,889,0.7390326209223848,7.579302587176603,144,0.003101794596390631,-0.017775698680169646,-0.5701954722905991,-1.515887571680115,10642,TCS,1.0,0.6,50
-1.3003602059576718,-0.2372440863570214,0.6578650629580906,448,0.7566964285714286,15.544642857142858,179,0.004782397900608387,-0.028960788977689167,-0.32012187660801517,-1.215371233653861,10642,TCS,1.0,0.6,100
-9.620179446315984,-0.8123319595149726,0.48458936290171023,2939,0.10207553589656346,1.7546784620619258,13,0.0007885055166335556,-0.003915086604123414,-4.687750896550619,-5.407610996741005,10642,TCS,1.0,1.0,10
-7.401605901290241,-0.7391309461347547,0.49981206540124035,2300,0.10478260869565217,2.312608695652174,24,0.000641779799958817,-0.004003167464487227,-3.597201368631202,-4.490651508957923,10642,TCS,1.0,1.0,20
-5.20467516369633,-0.6356142379682757,0.5420973501221575,1673,0.049611476389719064,3.4447101016138673,64,0.0004965818860681987,-0.0038088769105092254,-2.4938690217800614,-3.521028969385947,10642,TCS,1.0,1.0,50
-3.9452974678526034,-0.5368284430974185,0.5687840631460251,1113,0.05750224618149147,5.405211141060198,143,0.0005868860497650104,-0.004383656431090699,-1.7073925706966386,-2.8535023183325436,10642,TCS,1.0,1.0,100
-17.32349347047203,-0.9576466522589026,0.42012779552715657,3642,0.007138934651290499,1.2276221856123009,7,0.0012590068083794964,-0.005296075244323329,-9.187064923418484,-9.930808983036805,10642,TCS,1.0,1.5,10
-16.58426482142851,-0.9644673837511893,0.42538996429242626,3088,0.0029145077720207253,1.465997409326425,13,0.0008939482553279071,-0.006553753140963701,-9.314915986955203,-10.85604439977408,10642,TCS,1.0,1.5,20
-17.15078762956212,-0.9839750612954176,0.4468145085510242,2726,0.0,1.743580337490829,28,,-0.009142227530066714,-10.901060181801089,-14.020652065160768,10642,TCS,1.0,1.5,50
-17.07612917916161,-0.9901510831148087,0.4610035707573764,2290,0.0,2.1397379912663754,53,,-0.012148948503776803,-12.240412794556322,-15.580679279092555,10642,TCS,1.0,1.5,100
-2.3195842821432144,-0.3519181522780383,0.6105995113700432,1354,0.6432791728212703,4.7991137370753325,28,0.0038625288852777114,-0.012253385494454256,-0.7904908273387143,-1.7636317074058043,10642,TCS,1.5,0.0,10
-1.372780168971341,-0.24455942837984795,0.6387897011839879,765,0.6745098039215687,8.886274509803922,70,0.00561342187228133,-0.01807216346025706,-0.369443463040006,-1.2339995524668361,10642,TCS,1.5,0.0,20
-0.9833747888007266,-0.19183821191238196,0.6779740650253712,320,0.6875,22.39375,175,0.009216625026034606,-0.03191934477985811,-0.14567947115964583,-1.018597501098551,10642,TCS,1.5,0.0,50
-0.6519488196653539,-0.1395824610578509,0.7121781619996241,162,0.6481481481481481,46.5679012345679,225,0.014400127086032713,-0.0405906037934983,0.17409583748114948,-0.9757469096771182,10642,TCS,1.5,0.0,100
-2.929860962207942,-0.40882568987566714,0.5583536929148656,1524,0.6338582677165354,3.8989501312335957,25,0.0031563319356481758,-0.01105517849140166,-1.1175176807655407,-2.002255267600448,10642,TCS,1.5,0.3,10
-1.807689956485892,-0.2927877550338624,0.5805299755685022,882,0.6825396825396826,7.00453514739229,50,0.004506461417654806,-0.01686469395706463,-0.6191693111443256,-1.390055223405577,10642,TCS,1.5,0.3,20
-1.0756585004586938,-0.19788267239097276,0.6147340725427551,382,0.6884816753926701,17.01832460732984,175,0.007676467937977898,-0.027211941552392992,-0.19500026541876236,-1.0243097116278168,10642,TCS,1.5,0.3,50
-0.7035409798746302,-0.14149277981156463,0.6506295809058448,194,0.6649484536082474,35.51030927835052,224,0.012090206253230214,-0.03667423863518452,0.12778023600710528,-0.9519691406274017,10642,TCS,1.5,0.3,100
-3.6647316765385836,-0.46038386124928643,0.4958654388272881,1760,0.6261363636363636,2.9982954545454548,21,0.002432863232984298,-0.00967172593408559,-1.3846760363496022,-2.2983043455300187,10642,TCS,1.5,0.6,10
-2.1444661522465718,-0.3172183787595867,0.5076113512497651,1053,0.6647673314339981,5.130104463437797,35,0.0035946179393169203,-0.013454854688969736,-0.7726545036893396,-1.4606766439951322,10642,TCS,1.5,0.6,20
-1.0535921905229244,-0.18479934776276316,0.5388084946438639,484,0.6900826446280992,11.762396694214877,142,0.006114451840208943,-0.02113276407531664,-0.14896370057845307,-0.9787239960892558,10642,TCS,1.5,0.6,50
-0.9142505378910991,-0.16580832985726934,0.5704754745348619,243,0.6831275720164609,24.839506172839506,179,0.009113372205132116,-0.03269775039597839,-0.08153858728614935,-0.9233684071522553,10642,TCS,1.5,0.6,100
-5.5188792408391345,-0.579527247290068,0.41420785566622814,2134,0.5567010309278351,2.0656044985941895,13,0.0013890390153339165,-0.007247125065306318,-2.259257475184656,-2.946344486378427,10642,TCS,1.5,1.0,10
-3.3339223493693395,-0.41439465103112916,0.41373801916932906,1405,0.6533807829181495,3.1338078291814946,24,0.001997967074195403,-0.010323778067167621,-1.2421379517034148,-1.9514081928958358,10642,TCS,1.5,1.0,20
-1.6823659628475869,-0.2509877947116122,0.4293365908663785,691,0.6989869753979739,6.603473227206947,64,0.0034402528579183123,-0.016015431093457037,-0.5345080121597101,-1.1350595249048085,10642,TCS,1.5,1.0,50
-1.11244020979655,-0.17942535039903523,0.46852095470776167,391,0.7135549872122762,12.662404092071611,143,0.005461859657269771,-0.02352152694722923,-0.16653363759433615,-0.9440185361170715,10642,TCS,1.5,1.0,100
-9.838825485493954,-0.7812496870382177,0.339785754557414,2731,0.08421823507872574,1.3240571219333577,7,0.0007945041817260092,-0.003739843840273098,-4.298216083857121,-4.872397398868916,10642,TCS,1.5,1.5,10
-8.003114882899633,-0.7082184294746945,0.33283217440330765,2059,0.06362311801845556,1.7202525497814474,13,0.0005645213726994807,-0.003892073575464508,-3.3260142566481923,-4.103951297023748,10642,TCS,1.5,1.5,20
-5.521540139056404,-0.5811128111094663,0.3260665288479609,1417,0.035285815102328866,2.44742413549753,28,0.0006231070467609756,-0.0038356251836444725,-2.1790282507933814,-3.033116022910564,10642,TCS,1.5,1.5,50
-4.2305759281306115,-0.49673095587166105,0.3486186806991167,1083,0.02677746999076639,3.420129270544783,53,0.00044959462724568827,-0.003887106268154389,-1.5151446663227295,-2.568827096121871,10642,TCS,1.5,1.5,100
-1.896341258936104,-0.28505497792768836,0.5427551212178162,1096,0.6423357664233577,5.2700729927007295,28,0.004495749923596454,-0.013090228571006463,-0.5759971559033712,-1.3903644977192582,10642,TCS,2.0,0.0,10
-1.0250965183019503,-0.18285528115845387,0.5641796654764142,598,0.6505016722408027,10.040133779264215,70,0.00693090692989125,-0.01832993984292175,-0.2535318924864644,-0.8813027389564855,10642,TCS,2.0,0.0,20
-0.5982314823116742,-0.12111811305087634,0.6026122909227589,253,0.691699604743083,25.201581027667984,175,0.011650686462158924,-0.03473794606325105,0.05850221615836384,-0.7291918782141338,10642,TCS,2.0,0.0,50
-0.4566687165441159,-0.09845406405721026,0.6323059575267806,128,0.609375,52.296875,223,0.017713248648999032,-0.038289944646987276,0.2410210266793748,-0.7738848644068144,10642,TCS,2.0,0.0,100
-2.4019644293641393,-0.3328755488037506,0.49032136816387895,1190,0.6319327731092437,4.384873949579832,25,0.0038427629523028846,-0.012064264498444768,-0.826160763087615,-1.568229347099423,10642,TCS,2.0,0.3,10
-1.329042024637702,-0.2158916773635198,0.5079872204472844,668,0.6482035928143712,8.092814371257486,50,0.006008529648603724,-0.01698751663655979,-0.4290648735259517,-0.9613081982201868,10642,TCS,2.0,0.3,20
-0.7837240171682479,-0.1434553407428671,0.5355196391655703,278,0.6618705035971223,20.366906474820144,175,0.009939203806413091,-0.028333200012575086,-0.05471658685500742,-0.779790713947042,10642,TCS,2.0,0.3,50
-0.5408266175530447,-0.10536702242527554,0.5657771095658711,145,0.6413793103448275,41.282758620689656,222,0.014469916026935066,-0.03728689050699298,0.11939880109322869,-0.7126149169519032,10642,TCS,2.0,0.3,100
-2.871404216553002,-0.3620213652600559,0.42614170268746476,1321,0.6101438304314913,3.433005299015897,21,0.00328151974652119,-0.010328004785895111,-0.8989406990173086,-1.775076850022594,10642,TCS,2.0,0.6,10
-1.411565635655334,-0.21078327111360626,0.4310280022552152,757,0.6565389696169088,6.059445178335535,35,0.005053785646111721,-0.014901441019713852,-0.4537715433592409,-0.908871655648835,10642,TCS,2.0,0.6,20
-0.5633896178410662,-0.10115733362337562,0.45029129862807743,326,0.6809815950920245,14.585889570552148,142,0.008609571624581484,-0.023693186825597273,-0.0091647497853595,-0.5436017794196675,10642,TCS,2.0,0.6,50
-0.724954437968263,-0.12556103867326412,0.48120654012403685,164,0.676829268292683,31.01219512195122,177,0.011545430687278297,-0.03809327765946205,-0.07503172965947714,-0.66236918000412,10642,TCS,2.0,0.6,100
-4.058639035471215,-0.438851543487099,0.34467205412516444,1490,0.5852348993288591,2.461744966442953,13,0.002331147977515032,-0.008892532273349988,-1.4242394417945834,-2.038584466742602,10642,TCS,2.0,1.0,10
-2.0373366398014356,-0.2553013613636445,0.33922195076113515,892,0.6434977578475336,4.047085201793722,23,0.0036762080624286476,-0.012115858678600107,-0.5456672930105089,-1.197032338950281,10642,TCS,2.0,1.0,20
-0.6576381069168858,-0.10235586971971784,0.34288667543694795,408,0.6813725490196079,8.936274509803921,63,0.0064750155469869095,-0.018431126871901155,-0.1590837003677142,-0.4369084709170753,10642,TCS,2.0,1.0,50
-0.7214870659344523,-0.11146172825775673,0.3664724675812817,209,0.6746411483253588,18.492822966507177,143,0.008623617433532717,-0.027366664588243658,-0.0525133547103475,-0.5924897791621082,10642,TCS,2.0,1.0,100
-5.6856273185824495,-0.5254759315830067,0.2548393159180605,1795,0.4428969359331476,1.5108635097493037,7,0.0010807968321342532,-0.005344218594761678,-2.1113679771054645,-2.373617136109482,10642,TCS,2.0,1.5,10
-3.890554192220711,-0.389774357249071,0.2481676376620936,1136,0.6153169014084507,2.324823943661972,14,0.0017308665075520318,-0.00955412014536521,-1.2077792371958809,-1.7574955775498444,10642,TCS,2.0,1.5,20
-1.6008823368347123,-0.19068207806895748,0.23895884232287165,574,0.6567944250871081,4.425087108013937,28,0.0032674115629457916,-0.012557466810079911,-0.4441591029263437,-0.7978476994288358,10642,TCS,2.0,1.5,50
-1.0976018051233931,-0.13942724901120424,0.24619432437511746,315,0.6825396825396826,8.2984126984127,53,0.004743736507643715,-0.018752974965629082,-0.24659712788631227,-0.6087970195331965,10642,TCS,2.0,1.5,100
-1.7625528717954877,-0.26629102468269367,0.530069535801541,1057,0.6471144749290445,5.336802270577105,28,0.004602847554921447,-0.013293595802211903,-0.5158993190498163,-1.2942641876089538,10642,TCS,2.1,0.0,10
-1.0040437041757655,-0.17751538598515793,0.5445404999060327,567,0.6490299823633157,10.220458553791888,70,0.00700162610357557,-0.018467277544867856,-0.22379128870984583,-0.8745985366030485,10642,TCS,2.1,0.0,20
-0.6013754959086828,-0.1204448494220766,0.5849464386393535,238,0.6848739495798319,26.0,175,0.011999692069272181,-0.03498665169306824,0.03409477449986832,-0.7021438441886213,10642,TCS,2.1,0.0,50
-0.49463878281630724,-0.1033424745469293,0.6125728246570193,119,0.6050420168067226,54.48739495798319,223,0.017643024681854046,-0.039115219263811535,0.20098032106952088,-0.7690978493751717,10642,TCS,2.1,0.0,100
-2.2642814228774095,-0.31468358078531306,0.47641420785566624,1136,0.6302816901408451,4.463028169014085,25,0.003996732622897637,-0.012127765883852469,-0.7341641111777082,-1.4978370020456202,10642,TCS,2.1,0.3,10
-1.28263882165098,-0.20710742806298074,0.4904153354632588,629,0.6343402225755167,8.297297297297296,50,0.006262780539564104,-0.016627145113787975,-0.39103074284394934,-0.9343631980412073,10642,TCS,2.1,0.3,20
-0.7583761875066907,-0.13810162165923479,0.5189813944747228,262,0.6641221374045801,20.938931297709924,175,0.010141065871760014,-0.029123212470703163,-0.07538250711565656,-0.722914728619979,10642,TCS,2.1,0.3,50
-0.5513168452127566,-0.1055373319065827,0.546419845893629,134,0.6268656716417911,43.134328358208954,222,0.014946978518739986,-0.03704333478297937,0.07763730053203842,-0.674257844106848,10642,TCS,2.1,0.3,100
-2.6824947129479293,-0.339379481058368,0.41242247697801165,1253,0.6153232242617718,3.5027932960893855,21,0.0034092382301487696,-0.01056385626920589,-0.7893746032352702,-1.6738814430772677,10642,TCS,2.1,0.6,10
-1.348392020347269,-0.20010450273953692,0.41430182296560797,707,0.6633663366336634,6.236209335219236,35,0.0051662597324612465,-0.015572078842896943,-0.41217561559757554,-0.8710033344875725,10642,TCS,2.1,0.6,20
-0.4942565910278052,-0.08959911007167777,0.4365720729186243,303,0.66996699669967,15.211221122112212,142,0.00924309337506483,-0.02354892139219821,-0.02178371713831356,-0.4567604669433475,10642,TCS,2.1,0.6,50
-0.7141486238790724,-0.12203129781221195,0.4592181920691599,150,0.66,32.346666666666664,177,0.012323223057854469,-0.03796380640070445,-0.10567939895464228,-0.6104756447536924,10642,TCS,2.1,0.6,100
-3.7874857537013096,-0.4100401616749205,0.3308588611163315,1398,0.5851216022889842,2.5185979971387695,13,0.0025077619190873664,-0.008985294644592868,-1.246807515552411,-1.913314128497987,10642,TCS,2.1,1.0,10
-1.8922058033296167,-0.23645497959072553,0.3218380003758692,817,0.631578947368421,4.192166462668299,23,0.003967716295491942,-0.012092881138748283,-0.4836592217609149,-1.1089563925284764,10642,TCS,2.1,1.0,20
-0.5570435350177866,-0.08693420353664774,0.32860364593121594,372,0.6747311827956989,9.39516129032258,63,0.007043703182644671,-0.018732585321370922,-0.13509004130044178,-0.3635832837416279,10642,TCS,2.1,1.0,50
-0.6425229597575509,-0.09892780460923598,0.34363841383198646,188,0.6595744680851063,19.26595744680851,143,0.009515093006319671,-0.02722400026628926,-0.04057348707710124,-0.521890997181772,10642,TCS,2.1,1.0,100
-5.178994495551015,-0.4819092281776111,0.24140199210674684,1665,0.4990990990990991,1.5429429429429429,7,0.0012303075483721746,-0.005966631740566547,-1.8538756697520689,-2.099909629183154,10642,TCS,2.1,1.5,10
-3.524137749518057,-0.3554547569457183,0.23247509866566435,1002,0.6067864271457086,2.469061876247505,14,0.0020985948540867367,-0.009924717174261988,-1.0569126754877456,-1.5774802198867415,10642,TCS,2.1,1.5,20
-1.3529272432923272,-0.1591602911991304,0.22373613982334148,498,0.6646586345381527,4.77710843373494,28,0.0038037514858132353,-0.01361911712237286,-0.3456896901319452,-0.6696611275001416,10642,TCS,2.1,1.5,50
-0.9467018464431736,-0.11969220949735092,0.2298440142830295,267,0.6779026217228464,9.138576779026216,53,0.005498488149609701,-0.019962346089461847,-0.24772382067942678,-0.4738115879349362,10642,TCS,2.1,1.5,100
-1.638015867905012,-0.23740952443988947,0.4718098101860553,881,0.6288308740068105,5.699205448354143,28,0.004958780893681688,-0.013242949207369448,-0.43967789659829803,-1.1436018791118556,10642,TCS,2.5,0.0,10
-0.8200004748895461,-0.1419569191119605,0.47274948317985344,460,0.6608695652173913,10.93695652173913,70,0.007457189358435598,-0.019981253953710747,-0.1536457837017805,-0.6964442681126745,10642,TCS,2.5,0.0,20
-0.7387756437592177,-0.13187682046460045,0.49727494831798535,181,0.6519337016574586,29.044198895027623,175,0.012771607419638798,-0.0361268790590117,-0.0968778773328381,-0.6720658278675206,10642,TCS,2.5,0.0,50
-0.36239429844755694,-0.07663754549453947,0.5376808870513061,96,0.59375,59.270833333333336,223,0.01961641331446747,-0.03880364679222893,0.35620430948253984,-0.7514109754548225,10642,TCS,2.5,0.0,100
-1.956959068609103,-0.2652530870305646,0.41843638413831985,935,0.6203208556149733,4.762566844919786,25,0.004362697266324064,-0.01224478499934878,-0.6033823750924514,-1.213151885208409,10642,TCS,2.5,0.3,10
-1.0901761391647153,-0.1699042613179001,0.4199398609283969,496,0.6330645161290323,9.01008064516129,50,0.006819629479989707,-0.017577935165083734,-0.34388734120356823,-0.7139332021249036,10642,TCS,2.5,0.3,20
-0.7605749702202427,-0.12794200896498809,0.43478669423040783,199,0.6331658291457286,23.07537688442211,175,0.011200699946608873,-0.02956483831542984,-0.12283316744858716,-0.6241118363050733,10642,TCS,2.5,0.3,50
-0.3882297895934968,-0.07457417438842681,0.46776921631272317,105,0.638095238095238,47.10476190476191,222,0.016553290025732727,-0.03962865512682867,0.23326286298669238,-0.6300813260820893,10642,TCS,2.5,0.3,100
-2.333173011972539,-0.2867481897720863,0.35839127983461755,1003,0.6071784646061814,3.80259222333001,21,0.003808395629959797,-0.010975568028423475,-0.6379970478348835,-1.3670638167184497,10642,TCS,2.5,0.6,10
-1.0733692758275528,-0.1526548642019611,0.3473971058071791,541,0.634011090573013,6.833641404805915,35,0.00617869310728197,-0.015476316634606196,-0.29735073185643457,-0.6476682259978768,10642,TCS,2.5,0.6,20
-0.5534387750881111,-0.08920883880066224,0.3598007893253148,220,0.6363636363636364,17.245454545454546,142,0.01031782265929813,-0.024233777940503982,-0.07915332863160537,-0.4150537343069747,10642,TCS,2.5,0.6,50
-0.6256476382796966,-0.10274670899790868,0.395414395790265,111,0.6216216216216216,37.62162162162162,177,0.01440048850261507,-0.03772300505000422,0.02459239128785795,-0.6153248967075958,10642,TCS,2.5,0.6,100
-3.1628781111386113,-0.335200671741192,0.281619996241308,1085,0.5861751152073733,2.7622119815668205,13,0.003020744797401401,-0.009717052279416728,-0.9177080147781587,-1.5240547675326606,10642,TCS,2.5,1.0,10
-1.513167674152145,-0.17903046392043512,0.2636722420597632,592,0.6216216216216216,4.739864864864865,22,0.004865418464600736,-0.013182080042729567,-0.316335958131301,-0.8459759764670507,10642,TCS,2.5,1.0,20
-0.5098445790032903,-0.07241132107228578,0.25859800789325316,251,0.6374501992031872,10.96414342629482,63,0.008702075867136488,-0.019775033520599547,-0.1245515994780086,-0.2826443121547125,10642,TCS,2.5,1.0,50
-0.43118670103309253,-0.06453303038507611,0.2798346175530915,129,0.7209302325581395,22.837209302325583,143,0.011022085206272758,-0.03811966325839659,0.03587394153165512,-0.38312789465056624,10642,TCS,2.5,1.0,100
-3.9246223025482383,-0.359782752161111,0.19855290358955083,1231,0.545085296506905,1.7164906580016246,7,0.002006121222230848,-0.007183875008954997,-1.2314050835790362,-1.4454575813188635,10642,TCS,2.5,1.5,10
-2.705357836862607,-0.258764627618622,0.18323623379064086,658,0.5866261398176292,2.9635258358662613,14,0.0033423634537647897,-0.011340770820141467,-0.6789480490040022,-1.1155893209212677,10642,TCS,2.5,1.5,20
-0.8362627506944923,-0.08984683625280206,0.16895320428490884,296,0.6114864864864865,6.074324324324325,28,0.0063697635862690226,-0.014694455076803866,-0.14127136548183394,-0.39566375923591746,10642,TCS,2.5,1.5,50
-0.6015956197093202,-0.07226124297829829,0.17600075173839505,153,0.6405228758169934,12.222222222222221,53,0.008040356593125457,-0.022014239779945308,-0.14855784742641942,-0.2742703943442774,10642,TCS,2.5,1.5,100
-1.2154855616369626,-0.1719814155625568,0.39532042849088517,689,0.6182873730043541,6.105950653120464,28,0.005765594659131619,-0.013494169883338044,-0.23538368145239105,-0.8574396730754454,10642,TCS,3.0,0.0,10
-0.6912350118899435,-0.11324339561720041,0.38611163315166325,352,0.65625,11.673295454545455,70,0.008399472994543774,-0.021528923401147367,-0.06126106927082289,-0.6034604005283967,10642,TCS,3.0,0.0,20
-0.6555233557411738,-0.10588763481262023,0.39682390528096223,132,0.6590909090909091,31.727272727272727,175,0.013888556500741491,-0.040403665241554004,-0.09824125057947808,-0.5116192697259427,10642,TCS,3.0,0.0,50
0.07074061804051458,-0.0010900327047181596,0.37154670174779175,68,0.6176470588235294,57.94117647058823,223,0.025379331151168822,-0.038885640906225434,0.48631285110916633,-0.43140760632193653,10642,TCS,3.0,0.0,100
-1.4622642569215079,-0.19213164561658802,0.348994549896636,727,0.6052269601100413,5.108665749656121,22,0.005218365630042428,-0.012355004446190046,-0.3250633866521203,-0.9247420121857545,10642,TCS,3.0,0.3,10
-0.9703105536388622,-0.14132225717496968,0.3369667355760195,367,0.6403269754768393,9.771117166212534,50,0.007479347291369486,-0.01987479935333928,-0.26757818395293714,-0.5982487172160182,10642,TCS,3.0,0.3,20
-0.7168576881713921,-0.10785281672140364,0.34232287164066905,139,0.6402877697841727,25.9568345323741,175,0.012056793878515114,-0.03403806270562656,-0.1054786443111502,-0.5233698357823324,10642,TCS,3.0,0.3,50
-0.07444022881356921,-0.02080287846096077,0.322965607968427,70,0.6142857142857143,48.9,222,0.02248880661484669,-0.03889320968138355,0.3661849525053532,-0.4492829294643015,10642,TCS,3.0,0.3,100
-1.7879863817550534,-0.21009806708081274,0.29618492764517945,764,0.6138743455497382,4.12565445026178,21,0.00449218111391734,-0.011867493490166896,-0.39620063411628914,-0.9978770030557133,10642,TCS,3.0,0.6,10
-1.051517373753655,-0.1371805672721951,0.2768276639729374,385,0.6285714285714286,7.651948051948052,35,0.00678713457608179,-0.017392961465652678,-0.2644576867131836,-0.5802492354633559,10642,TCS,3.0,0.6,20
-0.5628357115491516,-0.07827294265163647,0.2732569065965044,148,0.6486486486486487,19.41216216216216,142,0.010473285804621603,-0.02775129418605974,-0.06090948456600433,-0.3767223758654282,10642,TCS,3.0,0.6,50
-0.22378514675524755,-0.03812215709601464,0.2695921819206916,74,0.6486486486486487,38.58108108108108,177,0.018654997057216807,-0.04206520617391622,0.1954276212335544,-0.3936831230089696,10642,TCS,3.0,0.6,100
-2.4066040068484686,-0.24313910031633884,0.2274948317985341,808,0.5792079207920792,2.996287128712871,13,0.0038060847932999808,-0.010124298307955328,-0.5686583007496704,-1.0923554406907503,10642,TCS,3.0,1.0,10
-1.1959283803482728,-0.1298750649666838,0.20118398797218567,404,0.5965346534653465,5.2995049504950495,22,0.0059570025951306395,-0.013822717724603924,-0.12283086863454162,-0.6946344950494135,10642,TCS,3.0,1.0,20
-0.5973160718851372,-0.06986000157496403,0.18859236985529035,157,0.6178343949044586,12.78343949044586,63,0.008859616543473297,-0.021034182589981288,-0.14717393305082213,-0.2554942176311454,10642,TCS,3.0,1.0,50
-0.3714606014805392,-0.04892990575710114,0.19526404811125728,76,0.631578947368421,27.157894736842106,143,0.014904960616793458,-0.03536258467740712,0.07992046652126088,-0.35463472788257416,10642,TCS,3.0,1.0,100
-2.822244663154698,-0.24673801139797064,0.15429430558165758,869,0.5546605293440736,1.8895281933256616,7,0.0028736280546830836,-0.007957770770016479,-0.748381197030091,-0.9461873686090403,10642,TCS,3.0,1.5,10
-2.1432154567447084,-0.18551914691903412,0.13925953768088706,428,0.5630841121495327,3.4626168224299065,14,0.004398445874905966,-0.012244552740740353,-0.35675390369206633,-0.8729520029740416,10642,TCS,3.0,1.5,20
-0.8208370600762929,-0.07434172370520895,0.12215748919376057,172,0.622093023255814,7.558139534883721,28,0.00671378668151979,-0.017866382395227694,-0.15033082386088398,-0.2926088569062988,10642,TCS,3.0,1.5,50
-0.32978094403011043,-0.0356930826920275,0.11670738582973125,83,0.6385542168674698,14.963855421686747,46,0.011005706157084034,-0.025933632266811463,-0.054049125907736736,-0.14065741577115326,10642,TCS,3.0,1.5,100
-3.5491031530167625,-0.5241893588309862,0.6509114828039843,1621,0.6421961752004935,4.2689697717458355,32,0.0026908255264332173,-0.01239414111874421,-1.8846810506019818,-2.502771425252681,10642,ITC,1.0,0.0,10
-2.28676054097323,-0.40384653966650075,0.7048487126479985,978,0.6850715746421268,7.655419222903886,62,0.003961267993202504,-0.018286082695190914,-1.2588886142255076,-1.7191753004476156,10642,ITC,1.0,0.0,20
-1.0454242262184605,-0.234022058046766,0.7671490321368164,465,0.7247311827956989,17.544086021505375,212,0.007123360480858384,-0.030467180444942715,-0.41522455883729725,-1.0840020560660943,10642,ITC,1.0,0.0,50
-0.6085332555144577,-0.15139845275600325,0.7838752114264236,235,0.7404255319148936,35.47659574468085,225,0.010607093113288326,-0.04448697838204065,-0.1738640056736338,-0.6942074739186767,10642,ITC,1.0,0.0,100
-4.278561513496361,-0.5771963754114169,0.5989475662469461,1936,0.6363636363636364,3.291838842975207,26,0.0019259157675572893,-0.010647901581281864,-2.396418584135386,-2.726975903456466,10642,ITC,1.0,0.3,10
-2.7461751410102924,-0.44667106605791335,0.6464950197331328,1226,0.6900489396411092,5.6068515497553015,59,0.0028263270831452147,-0.015377297961475658,-1.4226544391893885,-2.0296460738305107,10642,ITC,1.0,0.3,20
-1.2853520694093634,-0.26645604490490765,0.7008081187746664,612,0.7532679738562091,12.176470588235293,127,0.0050628431120893986,-0.027060840617939275,-0.5645222118241904,-1.1876940468114277,10642,ITC,1.0,0.3,50
-0.7117586890944986,-0.16871976860975185,0.7194136440518699,315,0.7523809523809524,24.288888888888888,225,0.007891660366349373,-0.03671543661200027,-0.11607776064766741,-0.8774027882635518,10642,ITC,1.0,0.3,100
-5.69934348714523,-0.6707716237393657,0.5470776169892877,2317,0.5649546827794562,2.512300388433319,19,0.0011122493743434994,-0.008033445073265547,-3.2715942297367198,-3.3701839730993095,10642,ITC,1.0,0.6,10
-3.744274266367851,-0.5353049420786333,0.5814696485623003,1579,0.6668777707409753,3.9151361621279293,37,0.0016274443197826548,-0.011891620419283417,-1.9503242184201777,-2.5909692533917656,10642,ITC,1.0,0.6,20
-1.6237963954506822,-0.3087388432695769,0.6282653636534486,913,0.7579408543263965,7.316538882803943,106,0.0031810348967495302,-0.01955338684541813,-0.7028730746125776,-1.4171492696741546,10642,ITC,1.0,0.6,50
-0.9025194359522839,-0.19645752594946772,0.640293177974065,498,0.7771084337349398,13.680722891566266,209,0.004693632296985747,-0.027477091420859072,-0.25245300815285593,-0.9810684406290173,10642,ITC,1.0,0.6,100
-9.00178028014645,-0.8183587134280491,0.47669610975380566,2976,0.10786290322580645,1.7046370967741935,13,0.0007669462496281469,-0.003959809513410326,-5.11607141991303,-5.151033092060748,10642,ITC,1.0,1.0,10
-7.148416674080915,-0.7570969302615959,0.5023491824844954,2311,0.08135006490696668,2.312851579402856,19,0.0005813396613441751,-0.004049823982401814,-4.112539677697402,-4.375944780608943,10642,ITC,1.0,1.0,20
-4.835064544055043,-0.6446316658462434,0.5354256718661906,1674,0.06869772998805257,3.399641577060932,62,0.000590517844615717,-0.003983581518653587,-2.8674363197981956,-3.27505771565194,10642,ITC,1.0,1.0,50
-3.4290867588617395,-0.5251371576552832,0.5317609471903777,1183,0.05917159763313609,4.782755705832629,107,0.0006187190156267441,-0.004015574022960449,-1.963905868968111,-2.462117687492996,10642,ITC,1.0,1.0,100
-16.000604244129573,-0.9571609690203144,0.4139259537680887,3626,0.009376723662437948,1.214561500275786,7,0.0007747428159714793,-0.005307964629444965,-9.643885928543254,-9.395981764680029,10642,ITC,1.0,1.5,10
-15.755904778531237,-0.9670676120854941,0.4228528472091712,3135,0.0006379585326953748,1.4354066985645932,13,0.0010116493473835808,-0.006575575974801106,-10.351222465237036,-10.24803376512006,10642,ITC,1.0,1.5,20
-15.892929276851604,-0.9846188913142154,0.4404247321931968,2716,0.0,1.7253313696612667,30,,-0.009259087787522822,-12.692617561118624,-12.455064869793363,10642,ITC,1.0,1.5,50
-15.580570741181178,-0.9908594179023877,0.43084006765645555,2262,0.0,2.026525198938992,62,,-0.012489594856807732,-14.074237901728683,-14.177225664370404,10642,ITC,1.0,1.5,100
-2.61209125496598,-0.41231181275950796,0.5987596316481865,1322,0.6527987897125568,4.814674735249622,32,0.0035876792865236077,-0.013531310858483164,-1.3614952524638828,-1.7532092073100167,10642,ITC,1.5,0.0,10
-1.6390644529033003,-0.30217947995556665,0.641326818267243,766,0.6919060052219321,8.89295039164491,62,0.005384275776896433,-0.020713076519237643,-0.8371842775589651,-1.1974356192260096,10642,ITC,1.5,0.0,20
-1.0408996892945688,-0.22206101345775267,0.6722420597632024,308,0.6525974025974026,23.207792207792206,212,0.009557878624929114,-0.031193273509494576,-0.47339348248062163,-0.9431531794245458,10642,ITC,1.5,0.0,50
-0.5116955373416985,-0.12381525362897619,0.7017477917684646,161,0.7142857142857143,46.38509316770186,224,0.014427031691630243,-0.050681460398074474,0.009936850031151152,-0.6821753838050986,10642,ITC,1.5,0.0,100
-3.0138511815476745,-0.4433559453378579,0.5424732193196767,1511,0.6459298477829252,3.8206485771012573,26,0.0029088197503894997,-0.011768121440828252,-1.6401039446392032,-1.81683294982376,10642,ITC,1.5,0.3,10
-1.8258582510596655,-0.31524412193104717,0.5752678068032325,895,0.6860335195530727,6.833519553072626,59,0.0044267669026920335,-0.017407117867819417,-0.8040900317408318,-1.3692752108635158,10642,ITC,1.5,0.3,20
-1.1718097144107213,-0.2353081946408275,0.6073106558917497,369,0.6720867208672087,17.498644986449865,124,0.007703475263432289,-0.02828919896524705,-0.53355378284211,-0.9789774266215748,10642,ITC,1.5,0.3,50
-0.5485901223435552,-0.1251923412303432,0.6330576959218192,199,0.7236180904522613,33.85427135678392,223,0.011953629521207175,-0.04371752854443696,0.09655968593141034,-0.7797011048216103,10642,ITC,1.5,0.3,100
-3.709431736660735,-0.4967686818242541,0.4878782183800038,1753,0.6349115801483172,2.961779806046777,19,0.0022768428927665,-0.010320677702000354,-2.0472903358599965,-2.023817253771116,10642,ITC,1.5,0.6,10
-2.2581841880340514,-0.35341645923232384,0.504604397669611,1053,0.6600189933523267,5.094017094017094,37,0.003497278853712447,-0.013912636132012948,-0.9571328937646109,-1.5929820381658744,10642,ITC,1.5,0.6,20
-1.09240467612366,-0.21249416424902026,0.5250892689344109,478,0.7112970711297071,11.675732217573222,105,0.00619171035737806,-0.024972587318167094,-0.41554865470266045,-0.9254868736958585,10642,ITC,1.5,0.6,50
-0.5828515227729049,-0.12331197975448902,0.5379627889494456,259,0.7142857142857143,22.104247104247104,209,0.009060332577660311,-0.032257121610212124,0.025504166432283135,-0.7363696387208226,10642,ITC,1.5,0.6,100
-5.099433206063147,-0.589000771330348,0.4080060139071603,2178,0.588613406795225,1.9935720844811753,12,0.001222992843852847,-0.007687151199913788,-2.6063082739935743,-2.7135023753098304,10642,ITC,1.5,1.0,10
-3.3349649439948625,-0.45207370199064084,0.4177786130426612,1412,0.6550991501416431,3.148016997167139,19,0.001941210780048161,-0.011014584581081005,-1.6101633530001367,-1.9583193664417644,10642,ITC,1.5,1.0,20
-1.6724023551838596,-0.27952300109622547,0.42849088517196016,706,0.7152974504249292,6.449008498583569,62,0.0035737866998956968,-0.018319035259151375,-0.798865819745636,-1.078497983896463,10642,ITC,1.5,1.0,50
-0.9552426435611848,-0.1715412829294645,0.4233226837060703,389,0.7146529562982005,11.580976863753213,107,0.0054739093446645164,-0.023247317579158835,-0.13953876333706441,-0.9191666901328307,10642,ITC,1.5,1.0,100
-9.016954009310805,-0.7854847540073733,0.33583912798346177,2752,0.07921511627906977,1.2986918604651163,7,0.0007492209010088491,-0.0037259245254958927,-4.52819986320293,-4.749962727983732,10642,ITC,1.5,1.5,10
-7.3205937957396925,-0.7193487390903206,0.3279458748355572,2089,0.05552896122546673,1.6706558161799905,13,0.000710927362724695,-0.003911078323912336,-3.5850679198327366,-4.0490220391702385,10642,ITC,1.5,1.5,20
-5.062171903242992,-0.6001579431450371,0.32287164066904717,1430,0.04265734265734266,2.402097902097902,30,0.0004682541493158684,-0.004024987153418758,-2.5071616971834616,-2.9744822127385504,10642,ITC,1.5,1.5,50
-3.773827390950222,-0.4829905258522128,0.31601202781432064,1023,0.022482893450635387,3.2873900293255134,62,0.0007101330655874735,-0.00392782611884453,-1.7180402268146502,-2.193452831521369,10642,ITC,1.5,1.5,100
-2.1297023761279728,-0.34140783790712154,0.5351437699680511,1073,0.6421248835041938,5.301957129543337,31,0.00438203217315057,-0.014204940029581128,-0.9844636746302271,-1.4510131294281825,10642,ITC,2.0,0.0,10
-1.5211941276492191,-0.2738311733543927,0.5625822213869573,576,0.6423611111111112,10.371527777777779,60,0.006552848313882596,-0.02055693423680555,-0.7301823247159789,-1.0799922519294034,10642,ITC,2.0,0.0,20
-0.8881162757038011,-0.1851428644030134,0.5829731253523773,239,0.6276150627615062,25.93305439330544,208,0.01127294494975007,-0.03190357681710442,-0.1792196583001776,-0.9692569359596049,10642,ITC,2.0,0.0,50
-0.6609389684038494,-0.14136881646617022,0.6180229280210486,116,0.6293103448275862,56.69827586206897,224,0.01677779371998237,-0.047459032820460004,-0.18572236088185817,-0.6302371088392087,10642,ITC,2.0,0.0,100
-2.387455121255136,-0.3574249812383645,0.4781995865438827,1175,0.6306382978723404,4.331063829787234,24,0.003744144688553715,-0.0123693302267869,-1.1942454220249792,-1.3996326821822327,10642,ITC,2.0,0.3,10
-1.6094358508972368,-0.27351717209787507,0.49558353692914864,641,0.6489859594383776,8.218408736349454,50,0.005513518033842283,-0.01833484612168879,-0.6794187370395671,-1.152298138262021,10642,ITC,2.0,0.3,20
-0.8951852152993115,-0.17976915095573548,0.5192632963728623,274,0.6313868613138686,20.145985401459853,122,0.010159668484827184,-0.028291901240720337,-0.1538056777678384,-0.946053699669813,10642,ITC,2.0,0.3,50
-0.6192194309263034,-0.1280766220236747,0.5399361022364217,137,0.708029197080292,41.941605839416056,220,0.013781303143035661,-0.0514677664939124,-0.09683074036579621,-0.6250935145162406,10642,ITC,2.0,0.3,100
-2.9007401657088216,-0.39916300501835345,0.42163127231723363,1304,0.6234662576687117,3.440950920245399,19,0.0030700535864755943,-0.011203153431596865,-1.53805436687725,-1.4667404022321524,10642,ITC,2.0,0.6,10
-1.8902175257950764,-0.2907759264074818,0.42717534298064275,716,0.6312849162011173,6.340782122905028,36,0.004454560659110138,-0.015214445649394115,-0.7016726690078134,-1.3014795645144512,10642,ITC,2.0,0.6,20
-0.8058087212644293,-0.15698784583707812,0.4314978387521143,317,0.6529968454258676,14.46372239747634,103,0.008932010776927303,-0.025342711616953954,-0.0825473207422667,-0.8562247262987169,10642,ITC,2.0,0.6,50
-0.573572132834242,-0.11230016099916768,0.4481300507423417,162,0.6666666666666666,29.438271604938272,209,0.011741222759442874,-0.03553620151285205,-0.06920937333067723,-0.581693450343503,10642,ITC,2.0,0.6,100
-3.519631814591477,-0.4377088560820365,0.337248637474159,1512,0.6097883597883598,2.373677248677249,13,0.0022720465122895244,-0.009360169057690253,-1.6821897164415178,-1.7454831432647906,10642,ITC,2.0,1.0,10
-2.3179103596158708,-0.3178120311091794,0.3354632587859425,858,0.6165501165501166,4.160839160839161,19,0.0034802920554249358,-0.012427155574398635,-0.9280260595991596,-1.3194336270582,10642,ITC,2.0,1.0,20
-0.9995638704639392,-0.17206103311731946,0.3333020109002067,386,0.6735751295336787,9.17098445595855,62,0.006534414957010898,-0.021815485788784072,-0.3897107397679709,-0.6600925807959884,10642,ITC,2.0,1.0,50
-0.7726422388557551,-0.1320958211341133,0.3334899454989664,194,0.6804123711340206,18.29381443298969,106,0.008259394770316003,-0.030289586113407575,-0.15001573764161208,-0.6376984917079448,10642,ITC,2.0,1.0,100
-5.167341360782275,-0.5395524657835908,0.2506107874459688,1798,0.4582869855394883,1.4833147942157954,7,0.0010538413710395457,-0.005672377661964779,-2.2030104456414525,-2.453520107375658,10642,ITC,2.0,1.5,10
-3.636507079562483,-0.4138284640583476,0.2403683518135689,1129,0.6058458813108946,2.265721877767936,13,0.0016451709970119715,-0.00968327267925579,-1.4109857510355948,-1.7727736292770433,10642,ITC,2.0,1.5,20
-1.6032474975956172,-0.23114240034786615,0.23134749107310656,567,0.6666666666666666,4.340388007054674,30,0.003390390602125671,-0.014918044029860984,-0.5745768082297728,-0.9633658658104494,10642,ITC,2.0,1.5,50
-0.8776321013845488,-0.12878070365802452,0.2227024995301635,311,0.6881028938906752,7.620578778135048,60,0.0049370271917446255,-0.01878803315653102,-0.2070153761019379,-0.5589000210482213,10642,ITC,2.0,1.5,100
-2.069295996051961,-0.3313756111695195,0.5181356887803045,1018,0.6316306483300589,5.410609037328094,31,0.004602200028775868,-0.014150056068754618,-0.9529771916650185,-1.394079215615081,10642,ITC,2.1,0.0,10
-1.5010398831165346,-0.26747727276931327,0.5440706634091336,554,0.6425992779783394,10.427797833935019,60,0.0065200564600812584,-0.020627812553958395,-0.7155099112345612,-1.0476568746602732,10642,ITC,2.1,0.0,20
-0.8968127669893018,-0.1832871145683359,0.5610787445968803,228,0.618421052631579,26.162280701754387,208,0.011075506025353609,-0.031080391782880808,-0.23762036439521525,-0.9047273711405572,10642,ITC,2.1,0.0,50
-0.5836943673208297,-0.12711206829969485,0.6072166885923699,112,0.6428571428571429,57.69642857142857,224,0.017405453486157796,-0.049251029937193186,-0.1283467022177694,-0.5885018442665964,10642,ITC,2.1,0.0,100
-2.2347059144741883,-0.3373979220241257,0.46109753805675624,1117,0.6239928379588182,4.3930170098478065,24,0.0040096353893616845,-0.012392289924362605,-1.1332410038192737,-1.2768048980279256,10642,ITC,2.1,0.3,10
-1.587288215192858,-0.26759205627153854,0.47895132493892123,611,0.646481178396072,8.333878887070377,50,0.0055607865698685515,-0.018450312112855898,-0.6791292059253083,-1.109627515353488,10642,ITC,2.1,0.3,20
-0.9089477763909449,-0.17834915868033172,0.4968051118210863,257,0.6303501945525292,20.54863813229572,120,0.009999927426944288,-0.02858591170209265,-0.2146560878864343,-0.8810172806473926,10642,ITC,2.1,0.3,50
-0.5420056029296788,-0.11415253150118429,0.5284720917120842,130,0.7076923076923077,43.261538461538464,220,0.01490051975852871,-0.05256555223302756,-0.03284817942489304,-0.5937949876455124,10642,ITC,2.1,0.3,100
-2.710480532301734,-0.3766544525475053,0.4051869949257658,1232,0.6201298701298701,3.5,19,0.0033064640043286527,-0.011346756791751426,-1.4615358234710227,-1.3226078557615542,10642,ITC,2.1,0.6,10
-1.8196169757343887,-0.2782855905325078,0.41129486938545384,677,0.6336779911373708,6.457902511078286,36,0.004505836593166122,-0.015467729843784292,-0.6806221016437076,-1.2223710011465299,10642,ITC,2.1,0.6,20
-0.7998260057587245,-0.15332374106649288,0.4101672617928961,294,0.6496598639455783,14.82312925170068,101,0.009033520943167941,-0.025652483588272,-0.1337995349651823,-0.7830037744817576,10642,ITC,2.1,0.6,50
-0.41817005285746317,-0.08623307213007801,0.4351625634279271,155,0.7032258064516129,29.87741935483871,208,0.012307945297328522,-0.0395581122640082,0.03713382127046543,-0.5152409480060334,10642,ITC,2.1,0.6,100
-3.305478667226215,-0.4160479853194741,0.3224957714715279,1408,0.6164772727272727,2.4375,13,0.0024513208580749313,-0.009864807424590913,-1.5703772809674186,-1.6288722235026332,10642,ITC,2.1,1.0,10
-2.1846973151769613,-0.29874258186442315,0.3211802292802105,797,0.6097867001254705,4.288582183186951,18,0.0036698901509364824,-0.012433642738854325,-0.847356821848635,-1.2359394565799295,10642,ITC,2.1,1.0,20
-1.0311088794454342,-0.17366218591852267,0.31394474722796467,348,0.6522988505747126,9.580459770114942,62,0.006831976708605457,-0.021622504709508182,-0.38643508650311736,-0.679029270493934,10642,ITC,2.1,1.0,50
-0.6383372541637865,-0.11118849248797526,0.31977071978951327,181,0.6906077348066298,18.80110497237569,106,0.009006492663303107,-0.03164023803872177,-0.020391765048224438,-0.6256499822073065,10642,ITC,2.1,1.0,100
-4.654099935592659,-0.5005818814758837,0.23754933283217441,1663,0.5123271196632592,1.5201443174984968,7,0.001247146083060797,-0.006444142693899777,-1.9528076719726122,-2.2108235900123083,10642,ITC,2.1,1.5,10
-3.3247267799523614,-0.38062611768850907,0.22702499530163503,1009,0.6045589692765114,2.394449950445986,13,0.0019523591391142243,-0.010132958888483042,-1.2528688596485367,-1.5992426619965205,10642,ITC,2.1,1.5,20
-1.492684871563859,-0.2142501252962073,0.2167825596692351,486,0.6522633744855967,4.744855967078189,30,0.00381736851606612,-0.015499959252765504,-0.49547716797952523,-0.9139101261448843,10642,ITC,2.1,1.5,50
-0.6671239682654514,-0.0999375029842333,0.20917120841947,268,0.7052238805970149,8.305970149253731,62,0.005882329318304227,-0.02129732279706265,-0.07638789569845587,-0.4943403641099944,10642,ITC,2.1,1.5,100
-1.783968891280712,-0.2827975590943139,0.4601578650629581,860,0.6465116279069767,5.694186046511628,31,0.004938119376178501,-0.015366187600115181,-0.7512650201804999,-1.174461637099268,10642,ITC,2.5,0.0,10
-1.296232664116801,-0.23025508093254424,0.4792332268370607,452,0.6261061946902655,11.283185840707965,60,0.007218622020591278,-0.020829004962464325,-0.6334451936588462,-0.8437866131702929,10642,ITC,2.5,0.0,20
-0.7829886320372453,-0.15538457410722983,0.5037586919751926,188,0.6382978723404256,28.48404255319149,202,0.011672345163125163,-0.03448497886568057,-0.17697569068402053,-0.767321452607238,10642,ITC,2.5,0.0,50
-0.39287658072154835,-0.08856702668695597,0.5312911106934787,93,0.6666666666666666,60.795698924731184,224,0.019512256587240543,-0.05384702103793648,-0.10698946176865294,-0.35250828199846396,10642,ITC,2.5,0.0,100
-1.9461408642450293,-0.2898548676475826,0.4032136816387897,919,0.6289445048966268,4.669205658324265,20,0.004431488410725725,-0.013362714839787668,-0.9371732642808158,-1.0581121946873102,10642,ITC,2.5,0.3,10
-1.3440495292001018,-0.22560160705822938,0.4152414959594061,489,0.623721881390593,9.036809815950921,49,0.0064474247503349255,-0.018588518596321206,-0.5682557485010944,-0.8855671243698553,10642,ITC,2.5,0.3,20
-0.7995756664985318,-0.1513991790447462,0.44380755497087016,208,0.6153846153846154,22.677884615384617,120,0.011035067337632664,-0.029012346337644997,-0.16849840428201884,-0.7400006835125996,10642,ITC,2.5,0.3,50
-0.4271966547349117,-0.08908880542815037,0.45320428490885173,101,0.6831683168316832,47.75247524752475,220,0.017928816783308314,-0.05322350886436884,-0.0892480368083491,-0.37681588880318034,10642,ITC,2.5,0.3,100
-2.3167145590417775,-0.3172178381382515,0.3493704190941552,988,0.604251012145749,3.763157894736842,19,0.0038806726947293152,-0.011648449184678769,-1.1570674365041436,-1.080714595951854,10642,ITC,2.5,0.6,10
-1.4413940603660962,-0.21971264012843547,0.3504040593873332,527,0.6166982922201139,7.075901328273245,35,0.005507137416560795,-0.015945289557545646,-0.5266279686013414,-0.904500861640621,10642,ITC,2.5,0.6,20
-0.6370603471441056,-0.11873129925011984,0.3584852471339974,229,0.6200873362445415,16.633187772925766,101,0.010806333367476436,-0.025489606387862625,-0.06294254143184903,-0.6201538761305454,10642,ITC,2.5,0.6,50
-0.352410150544727,-0.0705283030982994,0.3577335087389588,111,0.6846846846846847,34.2972972972973,202,0.014579235063111014,-0.04248222159483952,0.05071738905755199,-0.4295732800804985,10642,ITC,2.5,0.6,100
-2.734113991985104,-0.3377674994178213,0.2712835933095283,1086,0.5994475138121547,2.658379373848987,13,0.003167518996236515,-0.010353547172873335,-1.1844219639125901,-1.25731618973734,10642,ITC,2.5,1.0,10
-1.698014035241615,-0.2292633886356923,0.26564555534673934,594,0.6094276094276094,4.7592592592592595,18,0.0045070946519879815,-0.013570007388602812,-0.6220348762412038,-0.8946385738949991,10642,ITC,2.5,1.0,20
-0.7578337242792804,-0.12310730791711497,0.2684645743281338,257,0.6264591439688716,11.093385214007782,62,0.008960307450547952,-0.02248805180692311,-0.2479272730682052,-0.4683162008581936,10642,ITC,2.5,1.0,50
-0.510697167293273,-0.08668152330023765,0.2660214245442586,125,0.68,22.648,91,0.011087709438489857,-0.035640888801770645,0.03630097391292502,-0.5194812237121127,10642,ITC,2.5,1.0,100
-3.5567618178126295,-0.38575207460502087,0.19263296372862243,1218,0.5665024630541872,1.6830870279146142,7,0.002030925962116577,-0.008169703715830784,-1.3327721591274222,-1.5794924889707938,10642,ITC,2.5,1.5,10
-2.465627037234474,-0.283170724314782,0.1846457432813381,685,0.5985401459854015,2.8686131386861313,13,0.0030073868753648296,-0.011650845271755323,-0.8725979822813663,-1.0983558485517673,10642,ITC,2.5,1.5,20
-1.0537246165906007,-0.13995522058392115,0.17430934034955836,305,0.6196721311475409,6.081967213114754,30,0.005831931656595105,-0.016973668614337235,-0.2232794152899304,-0.6434310608767135,10642,ITC,2.5,1.5,50
-0.46552476528322834,-0.06802044378720333,0.16538244690847584,153,0.6862745098039216,11.50326797385621,55,0.00869346383913049,-0.026658725664233923,0.025157916182327596,-0.39196304495685447,10642,ITC,2.5,1.5,100
-1.735573402335417,-0.26015205026914967,0.3866754369479421,669,0.6143497757847534,6.150971599402093,31,0.0054503995970017535,-0.015458792383149397,-0.7547450505303195,-0.9935091499545043,10642,ITC,3.0,0.0,10
-1.072712959720851,-0.18557316372146193,0.3932531479045292,348,0.6120689655172413,12.025862068965518,60,0.008091896796547888,-0.021255360458707344,-0.4958644564944025,-0.6500351877663888,10642,ITC,3.0,0.0,20
-0.7141123189142679,-0.13341904652086878,0.401522270249953,140,0.6428571428571429,30.521428571428572,200,0.012729169987040434,-0.038930003870404885,-0.2111598722425795,-0.5897150224440261,10642,ITC,3.0,0.0,50
-0.4244079065689029,-0.08350462726813124,0.3735200150347679,64,0.65625,62.109375,225,0.020563478122496728,-0.059236253037555885,-0.14026767058579231,-0.29926381509557504,10642,ITC,3.0,0.0,100
-1.833377378745098,-0.25950266964589475,0.3333020109002067,706,0.6076487252124646,5.024079320113314,21,0.004884452920872729,-0.013887116496845021,-0.8597947676672615,-0.8915061989044093,10642,ITC,3.0,0.3,10
-1.1304135749296258,-0.18417931689933426,0.3401616237549333,366,0.6038251366120219,9.890710382513662,42,0.007484252654206718,-0.019320509245454687,-0.5023714408999285,-0.6450825631113167,10642,ITC,3.0,0.3,20
-0.6559773972704954,-0.11802906795271015,0.34824281150159747,152,0.6447368421052632,24.38157894736842,117,0.011668125980247891,-0.03391005855836317,-0.13533342587182226,-0.5523333902154952,10642,ITC,3.0,0.3,50
-0.6492203684219269,-0.11256705567020765,0.3350873895884232,65,0.6307692307692307,54.86153846153846,220,0.01839131660778429,-0.05792019196723306,-0.19547450191487797,-0.44056612437955966,10642,ITC,3.0,0.3,100
-2.115036636617999,-0.27693393626435153,0.28594249201277955,743,0.594885598923284,4.095558546433378,18,0.004315120923052312,-0.012648595283415798,-1.0821484576268858,-0.8177952746921475,10642,ITC,3.0,0.6,10
-1.1435324793536352,-0.16892845643079174,0.28302950573200525,388,0.6082474226804123,7.762886597938144,35,0.006493741319514307,-0.01703111585121133,-0.40788108041230026,-0.6483255775664456,10642,ITC,3.0,0.6,20
-0.6045399016802468,-0.10470847627573264,0.28302950573200525,161,0.6211180124223602,18.70807453416149,98,0.011469059501969801,-0.028605213772706074,-0.13014189117389494,-0.4678701987641955,10642,ITC,3.0,0.6,50
-0.39237438879195446,-0.06666247896752148,0.24600638977635783,71,0.647887323943662,36.87323943661972,200,0.01605088623898727,-0.04427549343413864,0.027349455774136815,-0.3958960246341885,10642,ITC,3.0,0.6,100
-2.598812718603408,-0.30069107960284847,0.21715842886675438,776,0.5476804123711341,2.9780927835051547,13,0.003715996245536426,-0.010538557250873513,-1.0460523277817497,-1.0736828629218724,10642,ITC,3.0,1.0,10
-1.3166992042343497,-0.17000770558155698,0.210204848712648,415,0.5807228915662651,5.390361445783133,18,0.005694690581329528,-0.014073296198543792,-0.46237320871024123,-0.6139598997359623,10642,ITC,3.0,1.0,20
-0.7388034157823445,-0.11183581396105105,0.210204848712648,172,0.5930232558139535,13.005813953488373,56,0.010370176906737453,-0.024375873633443554,-0.3067661176027627,-0.3417869922510659,10642,ITC,3.0,1.0,50
-0.3096924578817335,-0.049121511827230804,0.17139635406878406,78,0.6538461538461539,23.384615384615383,84,0.012886935021018262,-0.0337344206614106,0.07487899390333327,-0.328474665689488,10642,ITC,3.0,1.0,100
-3.1181063304503787,-0.3197456771037842,0.14837436572072918,828,0.5314009661835749,1.9070048309178744,7,0.0027328613369980085,-0.009026867176849609,-1.0441441312481772,-1.255821345090347,10642,ITC,3.0,1.5,10
-1.749987777348726,-0.19350144662860558,0.14113888366848337,448,0.5602678571428571,3.3526785714285716,13,0.004530092370251789,-0.012183810828536042,-0.5722808017368023,-0.6908767465515988,10642,ITC,3.0,1.5,20
-0.629399500346405,-0.08112509784865381,0.13343356511933846,195,0.6205128205128205,7.282051282051282,28,0.00761425910474082,-0.018818592063222086,-0.03771961209475794,-0.433530848910037,10642,ITC,3.0,1.5,50
-0.5645182865162638,-0.07084467903519277,0.1152039090396542,84,0.5833333333333334,14.595238095238095,44,0.010923880402736189,-0.0266727284032931,-0.06079660755878885,-0.3374787468223963,10642,ITC,3.0,1.5,100
-3.654877382110967,-0.5591098799054722,0.6537117005963398,1447,0.6288873531444368,4.393918451969593,31,0.002954402224437229,-0.013280177220863927,-1.5242380091625671,-2.918711134203484,9726,LT,1.0,0.0,10
-1.8888747088711109,-0.36676656990374923,0.7048118445404071,901,0.6914539400665927,7.60377358490566,43,0.004706270722738163,-0.019251893878679836,-0.6075017699017154,-1.8125180681054038,9726,LT,1.0,0.0,20
-0.9179648320717922,-0.22845820239272518,0.7694838577010076,427,0.7283372365339579,17.461358313817332,151,0.008497954602886331,-0.0332010373010784,-0.19988018055586218,-1.008576264871583,9726,LT,1.0,0.0,50
-0.8548376085326357,-0.2162795579820983,0.7813078346699568,206,0.7330097087378641,36.786407766990294,297,0.011913206586490276,-0.05309743354148589,-0.23192143205257795,-0.8895432181691142,9726,LT,1.0,0.0,100
-4.4379485765822215,-0.6182974943599514,0.6024059222702036,1722,0.6178861788617886,3.402439024390244,30,0.002148666414707736,-0.011456837619522821,-2.06042862314973,-3.191989465247256,9726,LT,1.0,0.3,10
-2.3740146018721253,-0.42187663207428044,0.6500102817191035,1121,0.695807314897413,5.639607493309545,42,0.0033715390982926156,-0.016299139096126184,-0.865453623823369,-2.0627523112874195,9726,LT,1.0,0.3,20
-1.124695601774623,-0.25680985060718653,0.6994653506066214,567,0.7566137566137566,11.952380952380953,106,0.006160490167125601,-0.029622237253804733,-0.3206965617357532,-1.1243218975924176,9726,LT,1.0,0.3,50
-0.8417604277026691,-0.2060831895492482,0.7018301460004113,303,0.7524752475247525,22.458745874587457,196,0.008603076616156159,-0.04030854682822364,-0.1980193403348964,-0.8636202032982725,9726,LT,1.0,0.3,100
-5.844984440942474,-0.7027310003742993,0.548838165741312,2070,0.5734299516908212,2.578743961352657,22,0.0012693758634413211,-0.009232021067930607,-2.8844899509820916,-3.760635502095787,9726,LT,1.0,0.6,10
-3.316155289732736,-0.519583883337709,0.581122763726095,1498,0.684913217623498,3.773030707610147,39,0.002007629421678925,-0.012760543614030425,-1.4364580716159847,-2.5266907275637975,9726,LT,1.0,0.6,20
-1.72789944872501,-0.3439354153057441,0.617931318116389,799,0.7622027534418022,7.48936170212766,83,0.0036196388203513746,-0.02286312125519002,-0.8002728782761707,-1.3393601186159456,9726,LT,1.0,0.6,50
-1.196468514118835,-0.2592940330067757,0.6306806498046473,440,0.7886363636363637,13.897727272727273,156,0.005236810652301179,-0.035510022284770966,-0.3650097550252763,-1.1202490211099143,9726,LT,1.0,0.6,100
-9.329948880678552,-0.8457253797677204,0.4738844334772774,2658,0.10082768999247554,1.734010534236268,15,0.0008638401933731048,-0.0044019812173807255,-4.793323893966101,-5.495902043749843,9726,LT,1.0,1.0,10
-7.115442981560441,-0.7767683636697683,0.49938309685379395,2147,0.09920819748486259,2.2622263623660923,25,0.0007239368135128623,-0.0043364395051929995,-3.7200647675903102,-4.5124106941747115,9726,LT,1.0,1.0,20
-4.908646390549443,-0.6763544351490136,0.5296113510178901,1464,0.08333333333333333,3.502049180327869,61,0.0006965807242078035,-0.004576201425149859,-2.690972078248733,-3.365307385949027,9726,LT,1.0,1.0,50
-3.7373037821586794,-0.5759673304915053,0.5370141887723627,1006,0.0536779324055666,5.172962226640159,148,0.0005014640969879923,-0.004826603189229601,-1.8941979517810477,-2.673649223128182,9726,LT,1.0,1.0,100
-16.672877963390356,-0.9697121977506021,0.41013777503598603,3283,0.008528784648187633,1.2150472129150167,7,0.0009273689063941157,-0.005940681165881405,-9.220119108501772,-10.090831757063167,9726,LT,1.0,1.5,10
-16.197454168630355,-0.9765096282667621,0.42227020357803824,2875,0.0010434782608695651,1.4285217391304348,14,0.0014951557036239696,-0.0072074950669952405,-9.568198862543188,-11.12724150275627,9726,LT,1.0,1.5,20
-15.790883568950695,-0.9887790843099992,0.4382068681883611,2393,0.0,1.781027998328458,25,,-0.010319197448107869,-11.567930015813989,-13.125909477508142,9726,LT,1.0,1.5,50
-16.223656468902593,-0.9927491279647899,0.43532798683939955,1985,0.0,2.132493702770781,61,,-0.013618932284706634,-11.973847097250106,-15.059733487892561,9726,LT,1.0,1.5,100
-2.6504529051912327,-0.43553885817905885,0.6012749331688259,1193,0.6320201173512154,4.901927912824811,31,0.0040057125425126535,-0.013888748079035396,-0.8878608572067528,-2.188992292435244,9726,LT,1.5,0.0,10
-1.3031562284240095,-0.26375894525371907,0.6232778120501747,681,0.6754772393538914,8.897209985315712,42,0.006380110845382078,-0.020526859590707724,-0.3796048406401603,-1.2219801400304904,9726,LT,1.5,0.0,20
-0.9591229612227251,-0.22320813514579158,0.6846596750976763,300,0.71,22.113333333333333,149,0.010078965918209183,-0.038345604690231655,-0.17676005053243923,-1.0124878169391582,9726,LT,1.5,0.0,50
-0.9189915785073689,-0.2186288025573448,0.6762286654328604,133,0.6541353383458647,49.31578947368421,297,0.015900756336744138,-0.055219928889139125,-0.2649651658635084,-0.8917857617401517,9726,LT,1.5,0.0,100
-3.267610031142514,-0.48917412012266026,0.5463705531564877,1347,0.6288047512991833,3.945063103192279,30,0.0032136209650424617,-0.012730435537520835,-1.275023053025265,-2.368257758344187,9726,LT,1.5,0.3,10
-1.5332467643825083,-0.29067852411475115,0.5654945506888752,782,0.6751918158567775,7.033248081841432,42,0.005250746738053874,-0.018021310462314106,-0.479713507987876,-1.3253050717474613,9726,LT,1.5,0.3,20
-1.094023194657146,-0.23768152770001505,0.6111453835081225,355,0.704225352112676,16.673239436619717,105,0.008596616392007329,-0.033101555071284365,-0.2832002686776456,-1.0433089158053805,9726,LT,1.5,0.3,50
-0.8475126469944663,-0.19658471924607543,0.6034340941805469,173,0.6878612716763006,33.820809248554916,189,0.012384473145078883,-0.046086293306394195,-0.25345202335437145,-0.7614555109265282,9726,LT,1.5,0.3,100
-4.030755394850085,-0.5412461177771297,0.48673658235657,1541,0.6177806619078521,3.072031148604802,20,0.002517202628180047,-0.011281884746745715,-1.6410403089693226,-2.607612904836499,9726,LT,1.5,0.6,10
-1.9045304883243357,-0.3302925174232344,0.49239152786345874,934,0.6552462526766595,5.127408993576017,38,0.0042090987775370015,-0.014615389706491089,-0.6370868162115995,-1.4931002174258865,9726,LT,1.5,0.6,20
-1.145712739357632,-0.23565498226574275,0.5240592227020358,442,0.6945701357466063,11.475113122171946,83,0.006912441660099268,-0.02547703996567589,-0.4353689484662239,-0.8819118572495459,9726,LT,1.5,0.6,50
-1.0222597528170614,-0.2148189670277511,0.5343409418054699,208,0.6682692307692307,24.89903846153846,154,0.010370251898220122,-0.037942587590323276,-0.15020802859932622,-1.0263655012803832,9726,LT,1.5,0.6,100
-5.439073414033342,-0.6241315291152231,0.3997532387415176,1913,0.5671719811813904,2.0324098274960796,15,0.0013961719033521516,-0.008306024355386053,-2.304691928356827,-3.0578497227657397,9726,LT,1.5,1.0,10
-3.126209561172434,-0.4512668596402339,0.40294057166358216,1243,0.6572807723250201,3.152855993563958,25,0.0023720057009851392,-0.012197386410392433,-1.346745452818944,-1.9114125003033737,9726,LT,1.5,1.0,20
-1.7758962248411614,-0.3105897257577191,0.4286448694221674,628,0.6926751592356688,6.601910828025478,61,0.004066727058537383,-0.018984488387313654,-0.6817293694437259,-1.213250618844048,9726,LT,1.5,1.0,50
-1.3545681286349547,-0.25182451696419345,0.4354308040304339,323,0.7089783281733746,13.055727554179567,148,0.006228642817076073,-0.030524047108005083,-0.3907966878976386,-1.0521045351444185,9726,LT,1.5,1.0,100
-9.546974397987054,-0.8118136208198847,0.3268558502981699,2446,0.07972199509403106,1.2996729354047425,7,0.0008537152784413755,-0.00416341270891119,-4.2129297481825,-4.99243778028052,9726,LT,1.5,1.5,10
-7.310826940817766,-0.7403510178059702,0.3191445609705943,1844,0.06236442516268981,1.683297180043384,14,0.0007069478374909699,-0.0043326014653644555,-3.361276708408524,-4.048492223895159,9726,LT,1.5,1.5,20
-5.145746914202863,-0.6351661346819134,0.32449105490438,1273,0.04870384917517675,2.4791830322073842,25,0.0006717125476003239,-0.00457946777970163,-2.4922272330813655,-3.0118620701860888,9726,LT,1.5,1.5,50
-4.044437085438992,-0.5379267208130589,0.3217149907464528,867,0.0265282583621684,3.607843137254902,61,0.00046250253955978904,-0.004925720504760057,-1.7973502493628293,-2.349320298244785,9726,LT,1.5,1.5,100
-1.7645498491891292,-0.30832520771033184,0.5397902529302899,1002,0.6447105788423154,5.2395209580838324,28,0.0050597683291858505,-0.014678840042663519,-0.3928250578234706,-1.5642316567106838,9726,LT,2.0,0.0,10
-1.2238258533594053,-0.23544437325971435,0.5534649393378573,527,0.6451612903225806,10.214421252371917,42,0.007281623254228828,-0.02072058034227994,-0.3700690536022758,-1.0289275639662718,9726,LT,2.0,0.0,20
-0.77868670114715,-0.1824612033205192,0.60374254575365,232,0.6853448275862069,25.219827586206897,149,0.012430728077614642,-0.03972082640071844,-0.12770893825367696,-0.7954256246580412,9726,LT,2.0,0.0,50
-0.8799600559990732,-0.201047188484569,0.6123791898005346,101,0.5841584158415841,58.83168316831683,296,0.01949116641671484,-0.05253482350719339,-0.24696394461260304,-0.8095198241033443,9726,LT,2.0,0.0,100
-2.1650861151594456,-0.3473245742995761,0.4821098087600247,1102,0.6297640653357531,4.254990925589837,27,0.004353716009337755,-0.013026370303391165,-0.6787318857933324,-1.6145482875098607,9726,LT,2.0,0.3,10
-1.2702247677576903,-0.23391932374413962,0.4894098293234629,585,0.6581196581196581,8.136752136752136,42,0.006215369754312373,-0.01893288190087238,-0.35880248528236336,-1.0348565394818494,9726,LT,2.0,0.3,20
-0.8439614461409225,-0.186582125270351,0.5368085543902941,259,0.694980694980695,20.077220077220076,105,0.011063952049585763,-0.037681331293232284,-0.19048133087222519,-0.7948324723676876,9726,LT,2.0,0.3,50
-0.895334500482207,-0.19354211181242864,0.5267324696689286,115,0.6,44.426086956521736,189,0.016090097409016135,-0.046165080164955075,-0.19107292713344018,-0.8223040392323799,9726,LT,2.0,0.3,100
-2.6674191615202822,-0.38845604852947047,0.423401192679416,1216,0.6258223684210527,3.3865131578947367,20,0.003676032310671226,-0.011999570350279662,-0.8605349232901836,-1.801808997666259,9726,LT,2.0,0.6,10
-1.4744473882582114,-0.25048837377989247,0.41826033312769895,655,0.6396946564885496,6.210687022900763,38,0.005329391924653722,-0.015912193836246927,-0.41473643378913505,-1.1075260951352304,9726,LT,2.0,0.6,20
-0.7655025032247349,-0.16312319089199986,0.44303927616697514,301,0.6710963455149501,14.245847176079733,83,0.009681792214890518,-0.028159186834146564,-0.12125144511551161,-0.7107860240571137,9726,LT,2.0,0.6,50
-0.9979367380621404,-0.1982618296906135,0.46195763931729383,130,0.6,34.45384615384615,154,0.013684911454713462,-0.0412403139277807,-0.08134508243054397,-0.9957281483464018,9726,LT,2.0,0.6,100
-3.5560792082514685,-0.4483184856835616,0.3342586880526424,1381,0.6104272266473569,2.3540912382331642,13,0.0026412956524691604,-0.010166901552609301,-1.236043790314878,-2.0071370099574235,9726,LT,2.0,1.0,10
-2.1252459847885086,-0.3097166185928861,0.3272671190623072,781,0.6389244558258643,4.0755441741357235,24,0.004096270223338304,-0.014329257030551299,-0.6556641515130406,-1.341147489656612,9726,LT,2.0,1.0,20
-0.9413653530570486,-0.17273178738241074,0.3417643429981493,360,0.6694444444444444,9.175,61,0.007462748118763783,-0.022721826607586655,-0.19393467048187246,-0.7114403991988685,9726,LT,2.0,1.0,50
-1.0956824828570135,-0.19761704884981685,0.3625334155870862,172,0.6453488372093024,20.41860465116279,148,0.010077218691516527,-0.03594867256073402,-0.17646544390537067,-0.8978323075410701,9726,LT,2.0,1.0,100
-5.471138664654736,-0.5588725317120902,0.247583796010693,1636,0.46515892420537897,1.471882640586797,6,0.001206890332172317,-0.006187205748163418,-1.8704541237344978,-2.6249073631253594,9726,LT,2.0,1.5,10
-3.505658441391425,-0.41550952262812263,0.23740489409829324,1030,0.5941747572815534,2.241747572815534,14,0.0019619289241777377,-0.009890098471748276,-1.168287227746651,-1.765073431847352,9726,LT,2.0,1.5,20
-1.5917473299029676,-0.23133635848942494,0.23709644252519022,521,0.6391554702495201,4.426103646833013,25,0.003992221266347193,-0.014558082094898275,-0.4597625033131759,-0.9477472488340843,9726,LT,2.0,1.5,50
-1.3020918199214964,-0.19818046469782782,0.24018095825622043,273,0.6776556776556777,8.556776556776557,61,0.005733727443381982,-0.02471900373217338,-0.26218205498028613,-0.8523506964253043,9726,LT,2.0,1.5,100
-1.6988178864794994,-0.2961962807135785,0.5279662759613407,960,0.64375,5.348958333333333,28,0.005169888439250329,-0.014786032578373689,-0.372383303848205,-1.4894487824988927,9726,LT,2.1,0.0,10
-1.1160476645751576,-0.21571338680777788,0.5426691342792515,509,0.650294695481336,10.36935166994106,42,0.007468421823374965,-0.02096280081436425,-0.2847552176551807,-0.974575703764542,9726,LT,2.1,0.0,20
-0.7616674954528786,-0.17736939487765854,0.5825622044005758,220,0.6727272727272727,25.668181818181818,149,0.01305107473042143,-0.03921751173991187,-0.07705327457061328,-0.8150485106006696,9726,LT,2.1,0.0,50
-0.8875818910121873,-0.2007190479900749,0.6003495784495168,95,0.5894736842105263,61.31578947368421,296,0.019181497374727685,-0.05465843776390784,-0.28033810464798437,-0.7771771151596709,9726,LT,2.1,0.0,100
-2.0529933774995905,-0.3293706391875779,0.46699568167797656,1046,0.6223709369024857,4.342256214149139,27,0.004543472241768601,-0.012917602660232232,-0.6110609932159368,-1.5335916281844353,9726,LT,2.1,0.3,10
-1.1793702414554545,-0.21637473971735763,0.47707176639934196,559,0.6636851520572451,8.300536672629695,42,0.006392964737198686,-0.01937039784488884,-0.27064386824289455,-0.9992010090954948,9726,LT,2.1,0.3,20
-0.9290315331351506,-0.19883235255532056,0.5160394818013572,239,0.6820083682008368,20.92050209205021,105,0.011163192561442565,-0.03807240988700069,-0.20707337083590763,-0.8668293930610065,9726,LT,2.1,0.3,50
-0.9003868253238178,-0.19273025750113149,0.5164507505654945,108,0.5833333333333334,46.379629629629626,189,0.016372772950509422,-0.04537654131025189,-0.23081993244339716,-0.7796397306358446,9726,LT,2.1,0.3,100
-2.498021017453596,-0.3640089624524689,0.409829323462883,1152,0.6206597222222222,3.4600694444444446,20,0.0038753751546837614,-0.011940544573972908,-0.781839264585783,-1.665285478641489,9726,LT,2.1,0.6,10
-1.3823556115352922,-0.23302527036226234,0.4050997326753033,619,0.6365105008077544,6.365105008077545,38,0.005543521353286411,-0.015914530425745175,-0.33240094691670097,-1.0642209856811178,9726,LT,2.1,0.6,20
-0.7919235657617298,-0.1653487831059296,0.42309274110631295,276,0.6594202898550725,14.840579710144928,83,0.01002946959747792,-0.028474833522539992,-0.11221483407173355,-0.7390560503060444,9726,LT,2.1,0.6,50
-0.9493223016577265,-0.18859312093719946,0.4528069093152375,123,0.5934959349593496,35.6910569105691,154,0.014200948172984033,-0.040978148320011974,-0.08065213839105771,-0.9315860609817067,9726,LT,2.1,0.6,100
-3.332614714956032,-0.41939479616339664,0.32130372198231544,1296,0.6141975308641975,2.4112654320987654,13,0.0028202762043397158,-0.010413370308270825,-1.1304251749328869,-1.831320120548112,9726,LT,2.1,1.0,10
-2.0091264781084255,-0.28983210013542654,0.31482623894715195,728,0.6373626373626373,4.206043956043956,24,0.004321119602047997,-0.014567754835212644,-0.5706288742558041,-1.2702589068900632,9726,LT,2.1,1.0,20
-0.9313045580076955,-0.16865041927304342,0.32305161422989925,325,0.6707692307692308,9.60923076923077,61,0.007778274715695062,-0.02410075764609431,-0.18263870805882781,-0.7004784720517401,9726,LT,2.1,1.0,50
-1.0232737574796502,-0.1844692260424737,0.3520460621015834,159,0.6540880503144654,21.446540880503143,148,0.010632091011913423,-0.038052375664315664,-0.15319423523489484,-0.8339489610634704,9726,LT,2.1,1.0,100
-5.054495411940015,-0.5161249160070565,0.2350400987045034,1519,0.49967083607636603,1.5049374588545095,6,0.0014184719726635688,-0.006660111988114733,-1.6177152960780514,-2.3673495876374973,9726,LT,2.1,1.5,10
-3.2427849146170518,-0.3785342557845209,0.22537528274727534,925,0.6054054054054054,2.36972972972973,14,0.0022730681776169264,-0.0105971532417205,-0.9864570800341366,-1.6085856737283666,9726,LT,2.1,1.5,20
-1.4185683840685726,-0.20563617236006915,0.22393584207279457,450,0.6311111111111111,4.84,25,0.004517729435096671,-0.015128351918599734,-0.3679521533716287,-0.8603191055484728,9726,LT,2.1,1.5,50
-1.224987104215485,-0.18393085828975758,0.2277400781410652,231,0.6623376623376623,9.58874458874459,61,0.006515671275719485,-0.02586022163875148,-0.1984959119174745,-0.82170367072006,9726,LT,2.1,1.5,100
-1.5497183761267366,-0.26403921583914364,0.4699773802179724,796,0.6444723618090452,5.742462311557789,28,0.0055390894954401035,-0.01576639220966833,-0.2887776925430789,-1.331558391632285,9726,LT,2.5,0.0,10
-0.8810641717688691,-0.17014691594839412,0.4886901089862225,422,0.6445497630331753,11.263033175355451,42,0.008403915997714765,-0.02158460885393467,-0.06430266640166662,-0.8875235103101186,9726,LT,2.5,0.0,20
-0.951875570720511,-0.19975419668338298,0.5032901501130989,165,0.6303030303030303,29.55757575757576,149,0.013553215731474756,-0.04059087681496073,-0.2218995411632485,-0.8446095084759816,9726,LT,2.5,0.0,50
-0.8274418374012086,-0.1813911939926285,0.5357803824799506,79,0.5949367088607594,65.81012658227849,293,0.01848460114085089,-0.05666815868665516,-0.2634635033443129,-0.6811413210086605,9726,LT,2.5,0.0,100
-1.808881901198236,-0.28630883937563345,0.4164096236890808,860,0.622093023255814,4.709302325581396,27,0.004953642023323032,-0.013707378977608443,-0.39961330525094413,-1.405086379993978,9726,LT,2.5,0.3,10
-0.9031750512478316,-0.1649173600626752,0.42309274110631295,453,0.6467991169977925,9.083885209713024,38,0.007543256066579474,-0.019587909766398525,-0.08995195056156444,-0.8339395845544137,9726,LT,2.5,0.3,20
-1.0188895857405829,-0.20282383058211928,0.44437589965042157,177,0.6440677966101694,24.316384180790962,105,0.012126185847551391,-0.03975971010454642,-0.2716424056882839,-0.8508341442772817,9726,LT,2.5,0.3,50
-0.6736002264580716,-0.145081024236176,0.44632942628007405,90,0.6111111111111112,48.1,189,0.017566423775383342,-0.047839747799568066,-0.13052541583514007,-0.5777124495036587,9726,LT,2.5,0.3,100
-2.0908844858513715,-0.30260087731710206,0.360374254575365,929,0.6038751345532831,3.772874058127018,20,0.004519478698115386,-0.012164155800881279,-0.4826159101700148,-1.4583658749115642,9726,LT,2.5,0.6,10
-1.037551772044506,-0.17227026384314406,0.3475221056960724,488,0.6352459016393442,6.926229508196721,38,0.0064712130556531825,-0.01678593787152562,-0.09871938889117651,-0.8831015049878965,9726,LT,2.5,0.6,20
-0.8167307060100695,-0.15935088394735838,0.3527657824388238,196,0.6377551020408163,17.413265306122447,83,0.011039255762467304,-0.031166059680882093,-0.15046651312698894,-0.6824167539072261,9726,LT,2.5,0.6,50
-0.7664120122737873,-0.14925732501964628,0.38412502570429774,98,0.5918367346938775,38.0,154,0.015444806828768488,-0.041564796668922446,-0.042560612445537764,-0.7242324582427876,9726,LT,2.5,0.6,100
-2.683439238912886,-0.33722706293489685,0.2738021797244499,1007,0.5789473684210527,2.644488579940417,13,0.0036956255987857928,-0.010356102673185244,-0.7172025075177137,-1.5192353018207125,9726,LT,2.5,1.0,10
-1.6450804090646576,-0.22987343439379143,0.261464116800329,533,0.6022514071294559,4.771106941838649,24,0.005444764402407561,-0.014845744952394812,-0.3050360413162032,-1.0944925154186698,9726,LT,2.5,1.0,20
-0.9851332396574949,-0.16501088910222014,0.261464116800329,214,0.6214953271028038,11.799065420560748,61,0.009374717220072073,-0.026253113280217514,-0.19339402627688074,-0.686270759151152,9726,LT,2.5,1.0,50
-0.9512648415136508,-0.16339402805614373,0.28696278017684557,111,0.6216216216216216,25.036036036036037,148,0.012567344224769053,-0.041147698275555186,-0.10506118005039633,-0.7559953960138569,9726,LT,2.5,1.0,100
-3.622340726363019,-0.37679057724114234,0.19206251285214887,1127,0.5669920141969832,1.6574977817213843,6,0.0022974199443517624,-0.008305791831808455,-0.9189422660754522,-1.6662328034062983,9726,LT,2.5,1.5,10
-2.302365216613647,-0.263009204453068,0.18178079374871478,630,0.5984126984126984,2.806349206349206,14,0.003563184409833609,-0.011860751859200446,-0.47016464992726786,-1.1872850479431745,9726,LT,2.5,1.5,20
-1.011792735623751,-0.1384960229558021,0.1725272465556241,259,0.640926640926641,6.478764478764479,25,0.006085282192066638,-0.019372830194762998,-0.06999365435253145,-0.7215227098773653,9726,LT,2.5,1.5,50
-0.8792415771863967,-0.1281183990536653,0.17869627801768456,140,0.6357142857142857,12.414285714285715,61,0.009390874175882746,-0.029428152986414484,-0.07815547388267877,-0.5868925267708958,9726,LT,2.5,1.5,100
-1.0556079409883583,-0.1763445621746853,0.3887517993008431,638,0.6473354231974922,5.9263322884012535,26,0.006407518821370714,-0.016237225122427205,-0.02146865300183133,-0.9856017263181848,9726,LT,3.0,0.0,10
-0.4967004942573372,-0.09810852565473735,0.404688463911166,328,0.6432926829268293,12.0,42,0.009484023977812922,-0.021365263514656382,0.17815112457869733,-0.6767578964749665,9726,LT,3.0,0.0,20
-0.860197424210367,-0.1725997421424872,0.41630680649804647,126,0.6031746031746031,32.13492063492063,149,0.015392308612070207,-0.04136647274618542,-0.12868503366841733,-0.7698231491235181,9726,LT,3.0,0.0,50
-0.7651637151405016,-0.1550118851510449,0.39965042155048325,58,0.5862068965517241,67.01724137931035,238,0.02015423379299453,-0.06105018068211814,-0.16409509261828648,-0.6158652947907348,9726,LT,3.0,0.0,100
-1.3294562396783396,-0.20309043566066898,0.33970799917746247,672,0.6354166666666666,4.916666666666667,21,0.005671912121727834,-0.014801287678172995,-0.12655473386691068,-1.0778542713076886,9726,LT,3.0,0.3,10
-0.47811113870405414,-0.08860187169969323,0.34196997738021795,344,0.6337209302325582,9.668604651162791,38,0.008947748822826389,-0.01903227920656154,0.16121662685619215,-0.6086745635067938,9726,LT,3.0,0.3,20
-0.9153638067789965,-0.17081744048328465,0.3596545342381246,133,0.6165413533834586,26.30075187969925,105,0.014002992448924237,-0.04069129247667383,-0.14956422448585777,-0.7774463110127207,9726,LT,3.0,0.3,50
-0.5518366732718714,-0.11159054013553547,0.3249023236685174,64,0.625,49.375,189,0.02012420518503615,-0.05447981286356007,-0.04212937222232361,-0.46041792910167223,9726,LT,3.0,0.3,100
-1.605790889259787,-0.22125377629143783,0.28840222085132633,702,0.594017094017094,3.9957264957264957,17,0.005227840501169406,-0.012355841563220565,-0.20044542689888967,-1.140959929631329,9726,LT,3.0,0.6,10
-0.6315708231994066,-0.10251277057135479,0.27688669545548017,359,0.6211699164345403,7.5013927576601676,38,0.007863053338991606,-0.016889328247998183,0.18554023479599827,-0.7290279819286231,9726,LT,3.0,0.6,20
-0.8364101098860556,-0.14771576185622218,0.2717458359037631,137,0.6277372262773723,19.291970802919707,81,0.011809496650472462,-0.03519682281402025,-0.13956126010488257,-0.6398599914695189,9726,LT,3.0,0.6,50
-0.44946433205173425,-0.0854382215419683,0.2603331276989513,68,0.6764705882352942,37.23529411764706,154,0.019173245135185164,-0.05715130582832422,0.1599575396714641,-0.5353169916760792,9726,LT,3.0,0.6,100
-2.055222282417088,-0.2432467557743352,0.21540201521694427,735,0.5891156462585034,2.8503401360544216,12,0.004200796502872465,-0.011032356959594852,-0.36097865035879295,-1.151848265695075,9726,LT,3.0,1.0,10
-1.1627692066717858,-0.15456709713861208,0.20563438206868187,376,0.5877659574468085,5.319148936170213,20,0.006471625918695958,-0.014980719287439805,-0.009015972912843714,-0.8827661886085196,9726,LT,3.0,1.0,20
-1.00544390565003,-0.15086775944618072,0.19977380217972446,143,0.5594405594405595,13.587412587412587,61,0.01088372598783456,-0.026651917389352017,-0.13976253522699528,-0.6686101812754168,9726,LT,3.0,1.0,50
-0.6666243237417873,-0.10947364718897402,0.193604770717664,72,0.6527777777777778,26.15277777777778,148,0.015872185350752296,-0.05063948964447165,0.060870562542318665,-0.580865092168752,9726,LT,3.0,1.0,100
-2.680295378751674,-0.26079753791436205,0.148673658235657,789,0.5564005069708492,1.832699619771863,6,0.0031378447781914075,-0.008648535145137037,-0.40951675524220765,-1.2399566879297268,9726,LT,3.0,1.5,10
-1.6285871338671183,-0.17554158813842777,0.13674686407567346,408,0.5735294117647058,3.2598039215686274,13,0.004914175950393855,-0.012611812109590434,-0.055181862753773306,-0.9893562719228,9726,LT,3.0,1.5,20
-0.8417587304810069,-0.09962877990854906,0.12718486530947976,159,0.6352201257861635,7.779874213836478,25,0.007743786142311798,-0.023036404917902497,0.04345194108857152,-0.5974410259534246,9726,LT,3.0,1.5,50
-0.5914973408684434,-0.08225912748701364,0.1220440057577627,80,0.6125,14.8375,54,0.012822676955288713,-0.033382587584180286,0.04720577040088253,-0.4537548147013246,9726,LT,3.0,1.5,100
-3.3632978638002777,-0.6014987863344609,0.6635320669550498,1602,0.6354556803995006,4.401997503121098,29,0.0037877280879061435,-0.015851159428702515,-1.8493765350586757,-3.551793377815139,10634,AXISBANK,1.0,0.0,10
-1.8445597131268407,-0.4158240485248631,0.7131841263870604,951,0.6740273396424816,7.9737118822292326,63,0.005738449116943256,-0.021739383761022996,-0.9368839440655148,-2.123979137890988,10634,AXISBANK,1.0,0.0,20
-0.7856351348053109,-0.2576665050842148,0.7651871356027835,449,0.7037861915367484,18.12249443207127,119,0.010481583843178387,-0.03583450231890698,-0.3747752392236387,-1.0790330747466195,10634,AXISBANK,1.0,0.0,50
-0.2894859884866722,-0.13304561497885767,0.7644348316719954,235,0.7574468085106383,34.57446808510638,179,0.01400598843710639,-0.05237410795000617,0.05037621075916285,-0.5426344221045771,10634,AXISBANK,1.0,0.0,100
-4.185342579193031,-0.6684627241339648,0.6157607673500094,1907,0.6308337703198742,3.433141059255375,29,0.002763354646248176,-0.014011393772931403,-2.394990220628806,-4.144715356078348,10634,AXISBANK,1.0,0.3,10
-2.259951987326807,-0.4648077824163431,0.6530938499153658,1208,0.6829470198675497,5.748344370860927,47,0.004139992849026572,-0.018327038167461118,-1.2343194570744225,-2.3694420606162647,10634,AXISBANK,1.0,0.3,20
-1.1471588152151282,-0.31999097616064565,0.7076358848974986,586,0.7184300341296929,12.841296928327646,114,0.0073783383227010646,-0.03095959038267743,-0.6408620772912771,-1.36118990199335,10634,AXISBANK,1.0,0.3,50
-0.46846622078786393,-0.17417984924931199,0.6989843896934361,322,0.7577639751552795,23.071428571428573,174,0.01025899835394822,-0.0421576896636402,-0.0745411455045909,-0.710563049895978,10634,AXISBANK,1.0,0.3,100
-5.604767182298453,-0.7533712853097497,0.5585856686101185,2332,0.58147512864494,2.5467409948542024,22,0.001659347254320046,-0.010864039790967187,-3.5000800546351187,-4.853147904490874,10634,AXISBANK,1.0,0.6,10
-3.2060208639694734,-0.5673343499031615,0.5871732179800639,1602,0.6747815230961298,3.8963795255930087,39,0.002455868958155213,-0.014523731219970111,-1.9713835897375849,-2.9406860321010573,10634,AXISBANK,1.0,0.6,20
-1.6008601402104927,-0.39342945467807616,0.6324995298100432,852,0.7464788732394366,7.894366197183099,112,0.0042889492730695195,-0.025040942682114615,-1.1277313505402058,-1.553340531124337,10634,AXISBANK,1.0,0.6,50
-0.6907364847366669,-0.21773250466129673,0.6246943765281173,493,0.7809330628803245,13.47261663286004,161,0.006463890035712695,-0.033721465571722606,-0.35393677718412364,-0.7993838408125306,10634,AXISBANK,1.0,0.6,100
-9.091060126778025,-0.8922043545155259,0.4876810231333459,2995,0.11652754590984975,1.7312186978297162,16,0.0011282142799646298,-0.005208825282557896,-6.15742641644654,-7.231378497493996,10634,AXISBANK,1.0,1.0,10
-6.960867970309956,-0.8228939919012974,0.5028211397404552,2382,0.09907640638119228,2.2439126784214944,26,0.000802968832642092,-0.0049093774937452464,-4.635218399243285,-5.710805057830479,10634,AXISBANK,1.0,1.0,20
-4.70174125714927,-0.7398194374513981,0.5427872860635696,1615,0.08544891640866874,3.5739938080495355,75,0.0008576774910301813,-0.005371097587669519,-3.591485443872804,-4.223266199352911,10634,AXISBANK,1.0,1.0,50
-3.1403536968307817,-0.6023819063788503,0.5285875493699455,1190,0.07983193277310924,4.723529411764706,114,0.0009287328744852374,-0.004910140097211629,-2.3543051004447166,-2.9340686829259193,10634,AXISBANK,1.0,1.0,100
-16.306843132049906,-0.9858468040328362,0.42439345495580216,3685,0.010854816824966078,1.2244233378561737,7,0.0008944663460695855,-0.007050806465132589,-12.409029694583122,-13.255381216982379,10634,AXISBANK,1.0,1.5,10
-16.379532710141007,-0.9890828759160635,0.42806093661839384,3206,0.0006238303181534623,1.4195258889582034,14,0.00027957277120931414,-0.008489373579541897,-12.567514200203277,-14.631879603106537,10634,AXISBANK,1.0,1.5,20
-15.256209993913105,-0.9960079392641811,0.4442354711303367,2696,0.0,1.7522255192878338,30,,-0.01227251232058653,-15.703006143709093,-17.383687072592195,10634,AXISBANK,1.0,1.5,50
-14.35556517671244,-0.9977144756309199,0.4304118864021064,2256,0.0,2.0288120567375887,76,,-0.01605276571587687,-16.2908254484057,-19.924214006612512,10634,AXISBANK,1.0,1.5,100
-2.4288061711029307,-0.4728452564704103,0.6143501974797818,1320,0.6348484848484849,4.945454545454545,28,0.005083365135066561,-0.016550711268658223,-1.046279221211679,-2.6713036270958064,10634,AXISBANK,1.5,0.0,10
-1.2329040274647254,-0.2949907145028312,0.6425615948843333,736,0.6480978260869565,9.282608695652174,63,0.007718086035918965,-0.021705129075880465,-0.4827865285903906,-1.4573148629293042,10634,AXISBANK,1.5,0.0,20
-0.7772840386125262,-0.2427393603764387,0.6808350573631747,310,0.6580645161290323,23.35483870967742,119,0.013006188981037697,-0.03777811310394239,-0.3825393020018292,-0.9686781348843729,10634,AXISBANK,1.5,0.0,50
-0.12531201867999178,-0.08089190573829591,0.6704908783148392,170,0.7176470588235294,41.94117647058823,179,0.019084095972961842,-0.0518958058480079,0.0835670659942093,-0.24630603799724438,10634,AXISBANK,1.5,0.0,100
-2.9504527118384107,-0.5234206410545985,0.56037239044574,1510,0.6390728476821192,3.9456953642384107,28,0.004090140802289188,-0.015230107006471412,-1.3876396019132657,-2.965782842404586,10634,AXISBANK,1.5,0.3,10
-1.4781532167099183,-0.32472209512244415,0.5779574948279105,856,0.6542056074766355,7.178738317757009,47,0.00620991762097186,-0.01923033056250468,-0.6198505341138527,-1.5947734446432897,10634,AXISBANK,1.5,0.3,20
-0.9282730589387012,-0.25992014853041673,0.6214970848222682,377,0.6763925729442971,17.53050397877984,114,0.010466654628916773,-0.0342092407504245,-0.3888471489220404,-1.115683292255972,10634,AXISBANK,1.5,0.3,50
-0.3545209016871271,-0.13623979389476312,0.6073913861199924,195,0.7076923076923077,33.12307692307692,174,0.015044437575697409,-0.045834347544649996,-0.06453419567984228,-0.47189122891896557,10634,AXISBANK,1.5,0.3,100
-3.5628525173202057,-0.5694693075844859,0.4978371261989844,1764,0.6326530612244898,3.000566893424036,22,0.0032018870543864845,-0.01321611697773559,-1.826356379287212,-3.164381469590134,10634,AXISBANK,1.5,0.6,10
-1.7435019667291183,-0.35147833634761977,0.5069588113597894,1035,0.6705314009661836,5.206763285024155,38,0.004779539293798311,-0.0170050874825722,-0.7105877100553761,-1.771146851605715,10634,AXISBANK,1.5,0.6,20
-0.8730109393507332,-0.23610898358636015,0.5341357908595072,473,0.6913319238900634,12.00845665961945,112,0.008595741338436384,-0.028181136974598155,-0.35975770201172363,-0.9438808786109084,10634,AXISBANK,1.5,0.6,50
-0.394358878855908,-0.13658795294532725,0.5271769794997179,248,0.717741935483871,22.60483870967742,161,0.012445458110569296,-0.03992679004507649,-0.19144326754546348,-0.38814049192855565,10634,AXISBANK,1.5,0.6,100
-5.147692854569626,-0.6729075283667127,0.4179048335527553,2197,0.5853436504324079,2.022303140646336,16,0.0018422820508324862,-0.00993577618515515,-2.7849169328772763,-3.8974004544284884,10634,AXISBANK,1.5,1.0,10
-2.7818492660308327,-0.4582688194454335,0.411698326123754,1406,0.6650071123755334,3.112375533428165,26,0.0027882077006844415,-0.0131887978707756,-1.3912135803749361,-2.2137360166204187,10634,AXISBANK,1.5,1.0,20
-1.4813989062470412,-0.3289054942232697,0.44037991348504796,708,0.690677966101695,6.614406779661017,73,0.004913450795008142,-0.020584613519364647,-0.7767411125728315,-1.328611809409044,10634,AXISBANK,1.5,1.0,50
-0.6035325973476642,-0.1645650896277176,0.4174346435960128,384,0.734375,11.559895833333334,114,0.007408771816054004,-0.028486941401905382,-0.27912432526889175,-0.5372700455982286,10634,AXISBANK,1.5,1.0,100
-9.486720627381757,-0.8644143330381656,0.34248636449125447,2788,0.09612625538020086,1.3059540889526542,7,0.0009672961193926626,-0.00487543925183239,-5.613597695858534,-6.4132738587618565,10634,AXISBANK,1.5,1.5,10
-7.534302074446404,-0.7885865659299899,0.3279104758322362,2101,0.07425035697287007,1.6596858638743455,14,0.0007578466549473073,-0.0048577244296584415,-4.17436548965093,-5.155684447862959,10634,AXISBANK,1.5,1.5,20
-4.953223286000804,-0.6942244896946547,0.3331766033477525,1475,0.05220338983050848,2.402033898305085,30,0.0007599707783648455,-0.005068483151495219,-3.3987167106961165,-3.628504985160105,10634,AXISBANK,1.5,1.5,50
-3.4920306479873062,-0.5653358057152971,0.313522663155915,978,0.03987730061349693,3.408997955010225,76,0.0005527054410025981,-0.0050900214638360695,-2.2453539212538693,-2.512620721089098,10634,AXISBANK,1.5,1.5,100
-1.8459802099251152,-0.3742412942509832,0.5554824148956178,1086,0.6390423572744015,5.435543278084714,28,0.006007427786404097,-0.017503647543782697,-0.744155677818849,-1.9481192755795247,10634,AXISBANK,2.0,0.0,10
-0.9365979003526205,-0.22614884378173897,0.5748542411134098,589,0.6451612903225806,10.376910016977929,63,0.008714349906499146,-0.022522827704612104,-0.3213158547401942,-1.0745021710540599,10634,AXISBANK,2.0,0.0,20
-0.5767778463225982,-0.188312536227991,0.5993981568553696,240,0.6333333333333333,26.558333333333334,119,0.01580626865323983,-0.038040171917298825,-0.29597633611145796,-0.6490059573183847,10634,AXISBANK,2.0,0.0,50
0.0001018847723624233,-0.04142031985383891,0.5625352642467557,130,0.7153846153846154,46.01538461538462,173,0.023360352620959188,-0.05692257966680744,0.07705852499096737,-0.010681178913638033,10634,AXISBANK,2.0,0.0,100
-2.1403648764853926,-0.40138978567292605,0.499811924017303,1220,0.639344262295082,4.355737704918033,28,0.00514690295653359,-0.015905517389454595,-0.8394406998360543,-2.144402645427766,10634,AXISBANK,2.0,0.3,10
-1.0111286982429528,-0.22798306093595913,0.5030092157231522,658,0.6595744680851063,8.127659574468085,47,0.00746967302088087,-0.020814991749015476,-0.26087540842388046,-1.159844652293289,10634,AXISBANK,2.0,0.3,20
-0.6071217362664917,-0.1809232487986672,0.5352642467556893,277,0.6823104693140795,20.548736462093864,114,0.013487271756130327,-0.03920562573743263,-0.14895341920737676,-0.7520472837780632,10634,AXISBANK,2.0,0.3,50
-0.12274285786140698,-0.07062621822063837,0.5060184314463043,145,0.7172413793103448,37.110344827586204,162,0.019311322845832923,-0.051815831246602544,0.019535632255448864,-0.13560713739952882,10634,AXISBANK,2.0,0.3,100
-2.47367487270459,-0.424009315284629,0.43426744404739515,1364,0.6312316715542522,3.384897360703812,22,0.004429824729467181,-0.014026711130718914,-1.0842822530170952,-2.157074353663276,10634,AXISBANK,2.0,0.6,10
-1.189919421376473,-0.2421231003276787,0.4274026706789543,736,0.6711956521739131,6.173913043478261,37,0.006156978915328652,-0.019018679685932075,-0.3566130455411607,-1.204359854282047,10634,AXISBANK,2.0,0.6,20
-0.47789567221349594,-0.14085655827393717,0.45015986458529245,312,0.6698717948717948,15.342948717948717,112,0.012671307556492909,-0.03166279599678849,-0.16054012554221408,-0.45242458281998305,10634,AXISBANK,2.0,0.6,50
-0.20131361215354085,-0.08383384354146908,0.4370885837878503,164,0.7012195121951219,28.341463414634145,157,0.016724555306565567,-0.044209291215563634,-0.040913716808766695,-0.20201769249881163,10634,AXISBANK,2.0,0.6,100
-3.437994894443229,-0.4906564832553068,0.34831671995486174,1559,0.618986529826812,2.3752405388069273,16,0.003261916672905854,-0.01206249595227625,-1.5086421177531693,-2.508730888544775,10634,AXISBANK,2.0,1.0,10
-1.4635555896089554,-0.2572726716469048,0.3319541094602219,901,0.6614872364039955,3.9167591564927857,26,0.004942551192750265,-0.015279616494329679,-0.4690883711446457,-1.2454341487467482,10634,AXISBANK,2.0,1.0,20
-0.6223900288393288,-0.15536050817763608,0.35574572127139364,400,0.7075,9.4575,73,0.00917465305197362,-0.02849901733760862,-0.19626909453275898,-0.5416891202589149,10634,AXISBANK,2.0,1.0,50
-0.20781437332362693,-0.07260513589772483,0.3296031596765093,205,0.7121951219512195,17.097560975609756,114,0.013196192182075277,-0.036097896562668645,0.044020657620511106,-0.24715249623497057,10634,AXISBANK,2.0,1.0,100
-5.20506430555784,-0.6031520505313017,0.2602971600526613,1879,0.505055880787653,1.473124002128792,8,0.001499956917910924,-0.007484902206550663,-2.435888917709926,-3.1016110192847224,10634,AXISBANK,2.0,1.5,10
-3.3450672693096024,-0.4371809738375335,0.2433703216099304,1172,0.6220136518771331,2.2073378839590445,14,0.002323682331291725,-0.011558739344952162,-1.2520811976165471,-2.1744759126855935,10634,AXISBANK,2.0,1.5,20
-0.964322017307359,-0.1773418040083169,0.24083129584352078,607,0.685337726523888,4.219110378912685,30,0.005010955709870298,-0.016650695446322583,-0.4525288551008006,-0.643196399840769,10634,AXISBANK,2.0,1.5,50
-0.8121482207404743,-0.16871912272732922,0.22663155914989655,296,0.7128378378378378,8.141891891891891,73,0.006849637263371547,-0.027196589104536945,-0.39549642193299217,-0.4709401893812511,10634,AXISBANK,2.0,1.5,100
-1.7256831495021343,-0.35348092330611425,0.5425992100808726,1047,0.6446991404011462,5.507163323782235,28,0.006168549482595757,-0.01790701941889191,-0.6689919448912505,-1.8286483781844043,10634,AXISBANK,2.1,0.0,10
-0.8105547193098882,-0.19997960114759086,0.5614068083505737,566,0.6466431095406361,10.545936395759718,63,0.009098035307449057,-0.022630165069399934,-0.28518118731477093,-0.9109709040388618,10634,AXISBANK,2.1,0.0,20
-0.49625467973576914,-0.1669572955659203,0.5760767350009404,228,0.6359649122807017,26.86842105263158,119,0.01657178616457847,-0.03845720633746826,-0.18020723546206655,-0.608831896683921,10634,AXISBANK,2.1,0.0,50
0.03774239052960173,-0.030487056660713285,0.5446680458905397,124,0.7016129032258065,46.70967741935484,172,0.024873998688603967,-0.054853451428322646,0.11586588927669483,0.018594293783912974,10634,AXISBANK,2.1,0.0,100
-1.9906779098485587,-0.3781298595176814,0.4875869851419974,1170,0.6384615384615384,4.430769230769231,28,0.005375269490550142,-0.016005597410908675,-0.7366477591120191,-2.018393636261394,10634,AXISBANK,2.1,0.3,10
-0.895930581243593,-0.20505191917555293,0.489749858943013,627,0.6586921850079744,8.304625199362041,47,0.007851061677193764,-0.020971448786447234,-0.20449536772222004,-1.040906199896464,10634,AXISBANK,2.1,0.3,20
-0.5898675510434898,-0.17456256270873388,0.5137295467368816,259,0.6795366795366795,21.092664092664094,114,0.013767128104406855,-0.039557371793853977,-0.16629485216290035,-0.6939524603513736,10634,AXISBANK,2.1,0.3,50
-0.09774121467712096,-0.06341581704420442,0.48937370697761895,137,0.708029197080292,37.98540145985402,161,0.020352648594621315,-0.05115260585629201,0.025208150762329535,-0.09710547133574281,10634,AXISBANK,2.1,0.3,100
-2.2907105296921304,-0.39730725100188524,0.4220425051720895,1302,0.6321044546850998,3.446236559139785,22,0.004663892402396971,-0.014212381096547858,-0.9889691279086189,-1.9803779701650983,10634,AXISBANK,2.1,0.6,10
-1.070516054741382,-0.21907457870882016,0.41151025014105697,693,0.6738816738816739,6.313131313131313,36,0.006482465033157274,-0.01951089397173069,-0.294182657041559,-1.0879682100851293,10634,AXISBANK,2.1,0.6,20
-0.4372125301864701,-0.12981109186652856,0.43059996238480347,290,0.6655172413793103,15.789655172413793,112,0.013288214734344274,-0.032002735229189595,-0.11432322060559841,-0.42531665289734655,10634,AXISBANK,2.1,0.6,50
-0.196942025848016,-0.08130574778251903,0.4173406056046643,150,0.7266666666666667,29.586666666666666,156,0.016881382409039327,-0.05047752387185301,-0.0075304890649723925,-0.22197730709571528,10634,AXISBANK,2.1,0.6,100
-3.19306515148778,-0.4607300524766761,0.33571562911416214,1464,0.6188524590163934,2.4378415300546448,16,0.003537955952785106,-0.012327540645227186,-1.360170981346927,-2.3132086054665377,10634,AXISBANK,2.1,1.0,10
-1.3806143535205788,-0.2411766401392766,0.31653187887906714,825,0.6618181818181819,4.078787878787879,26,0.005192276886591248,-0.015853073564565758,-0.47212691203845725,-1.1158974323965685,10634,AXISBANK,2.1,1.0,20
-0.566209036240773,-0.14196838222697236,0.3347752492006771,362,0.7016574585635359,9.834254143646408,73,0.00992329887098747,-0.029342256480163094,-0.1201812619996418,-0.5282645246271545,10634,AXISBANK,2.1,1.0,50
-0.2080464443231,-0.07080999072649655,0.31098363738950535,184,0.7119565217391305,17.972826086956523,114,0.013780426945176054,-0.03777241194172609,0.07620726359919755,-0.2729091666926175,10634,AXISBANK,2.1,1.0,100
-4.744841557319232,-0.5602875348424176,0.2470378032725221,1729,0.5419317524580682,1.5193753614806247,8,0.0017750807009164528,-0.008309670635454248,-2.139593114851918,-2.778415411669131,10634,AXISBANK,2.1,1.5,10
-2.9607456887245003,-0.3923086243624077,0.22992288884709422,1044,0.6293103448275862,2.3409961685823757,14,0.002754126830176238,-0.012337023726891829,-1.0516044101984348,-1.9133624446829145,10634,AXISBANK,2.1,1.5,20
-0.7360588284871634,-0.1371123661389232,0.22249388753056235,518,0.6853281853281853,4.5675675675675675,30,0.005760474969521175,-0.01753810580799703,-0.2813728312067256,-0.5323698013167733,10634,AXISBANK,2.1,1.5,50
-0.7170368077434499,-0.14810090535670264,0.2097987586985142,248,0.6814516129032258,8.995967741935484,73,0.008383928198777191,-0.027136917417610817,-0.4173562308781911,-0.3095763795197185,10634,AXISBANK,2.1,1.5,100
-1.6890094479083118,-0.3325672980853884,0.47968779386872296,863,0.6234067207415991,5.906141367323291,28,0.006585757125974888,-0.018050094871577743,-0.7677659038455327,-1.5553775956427454,10634,AXISBANK,2.5,0.0,10
-0.38661213604969763,-0.10799113886168749,0.49670867030280236,474,0.6645569620253164,11.141350210970463,63,0.010476292664231794,-0.024197374439164126,-0.0026471060011171443,-0.5447032405929637,10634,AXISBANK,2.5,0.0,20
-0.312768080776651,-0.11615193317724885,0.5023509497837126,189,0.6402116402116402,28.264550264550266,119,0.019019861744529187,-0.04034810891283172,0.09294374910426687,-0.5352118840887916,10634,AXISBANK,2.5,0.0,50
0.3340441423807069,0.054883189660021515,0.46539401918375023,103,0.7087378640776699,48.04854368932039,170,0.030559730258167737,-0.053860970615326846,0.38990118534570695,0.2251300050407325,10634,AXISBANK,2.5,0.0,100
-1.9372251701150605,-0.3543882238733302,0.4289072785405304,946,0.6257928118393234,4.821353065539112,28,0.005692874833424274,-0.016690313626171186,-0.7702445096406226,-1.7679446126368068,10634,AXISBANK,2.5,0.3,10
-0.47476139783528176,-0.11791333796347407,0.42806093661839384,509,0.6640471512770137,8.94106090373281,47,0.009449802458155977,-0.022341714863062256,-0.0031821604260097724,-0.6232178503009165,10634,AXISBANK,2.5,0.3,20
-0.3784393970501895,-0.12037068655722383,0.44244874929471506,207,0.6666666666666666,22.729468599033815,114,0.01682471128801326,-0.04069850548619517,0.130533242494515,-0.6169199632961523,10634,AXISBANK,2.5,0.3,50
0.27430097149438576,0.03779587101285616,0.41282678201993606,113,0.7168141592920354,38.849557522123895,157,0.02623859278738514,-0.05018718358684034,0.36416320214479336,0.1551729388545122,10634,AXISBANK,2.5,0.3,100
-2.145293238223556,-0.3581409184543326,0.36317472258792555,1025,0.6204878048780488,3.7678048780487803,22,0.005168966571549855,-0.015123137961726903,-0.8474334797806199,-1.748004447825437,10634,AXISBANK,2.5,0.6,10
-0.679212937776618,-0.14275310651065767,0.35283054353959,538,0.6654275092936803,6.9721189591078065,36,0.008080919341330145,-0.020678759841906938,-0.11429252486402541,-0.7149151224830319,10634,AXISBANK,2.5,0.6,20
-0.24965918345427177,-0.08125404234783326,0.3572503291329697,219,0.6621004566210046,17.347031963470318,112,0.016138128152145693,-0.03468573446652781,0.10849889039400623,-0.33521465885593826,10634,AXISBANK,2.5,0.6,50
0.08292234307747971,-0.009528159506419664,0.3416400225691179,116,0.6896551724137931,31.31896551724138,154,0.02352465753999413,-0.046502656668470574,0.24730184599717747,-0.039424882862588065,10634,AXISBANK,2.5,0.6,100
-2.743510162769584,-0.38902579284889344,0.28314839195034797,1118,0.6055456171735242,2.6932021466905187,16,0.004262103688720402,-0.013163192189778492,-1.0057660517057276,-1.9137575067228751,10634,AXISBANK,2.5,1.0,10
-0.9285421456587951,-0.1601426146383502,0.26405867970660146,591,0.6565143824027073,4.749576988155669,26,0.006619959790215904,-0.017532386285162065,-0.2395510987203658,-0.7509789185637628,10634,AXISBANK,2.5,1.0,20
-0.4515059842977222,-0.10708190398949649,0.2591687041564792,243,0.6790123456790124,11.34156378600823,73,0.012581264830786337,-0.03213840070702789,-0.08985117763070166,-0.3410353804377285,10634,AXISBANK,2.5,1.0,50
0.022169856992773473,-0.017404117235401223,0.24242994169644536,130,0.7,19.83076923076923,114,0.018577473868548237,-0.040129666720948434,0.21520332541686973,-0.08971020549596903,10634,AXISBANK,2.5,1.0,100
-3.541322340307518,-0.42419922270746624,0.19776189580590559,1248,0.5721153846153846,1.6850961538461537,8,0.002791635350034306,-0.009906299921840833,-1.3374330540383998,-1.9593034643001102,10634,AXISBANK,2.5,1.5,10
-1.8685631416450723,-0.24888881879270958,0.1821515892420538,684,0.6257309941520468,2.8304093567251463,14,0.004549778088281255,-0.014222937149096487,-0.5368278397720896,-1.1569390486122342,10634,AXISBANK,2.5,1.5,20
-0.30119113912574985,-0.05584993556979033,0.1645664848598834,295,0.6576271186440678,5.932203389830509,30,0.008218964091067187,-0.018641421755027154,0.07428767052945769,-0.36259223412016617,10634,AXISBANK,2.5,1.5,50
-0.34444163377765213,-0.07542573243859602,0.16193342110212525,156,0.7307692307692307,11.038461538461538,73,0.0124097686749077,-0.03955305861991785,-0.13029505596746643,-0.11621977712960523,10634,AXISBANK,2.5,1.5,100
-1.576561159731772,-0.28960607887603185,0.39514763964641714,676,0.6109467455621301,6.210059171597633,28,0.007064428109832501,-0.018597588275928584,-0.6195481854536651,-1.3540087217547303,10634,AXISBANK,3.0,0.0,10
0.06978455685435705,-0.00635625407467689,0.3877186383298853,350,0.6457142857142857,11.777142857142858,63,0.012830153272571742,-0.02277606366480267,0.21956179374071022,-0.14417904857502756,10634,AXISBANK,3.0,0.0,20
-0.23810999554621043,-0.08825505083188345,0.3901636261049464,139,0.6258992805755396,29.848920863309353,119,0.019585639622000616,-0.03807723305087911,-0.025379354484010186,-0.2506861170476496,10634,AXISBANK,3.0,0.0,50
0.05271285038901364,-0.01691076977308144,0.3436148203874365,68,0.6764705882352942,53.73529411764706,170,0.028660683335626807,-0.053150918786641625,-0.02351655556638799,0.17258777569910574,10634,AXISBANK,3.0,0.0,100
-1.8635515011241073,-0.31554331233010274,0.34803460598081626,716,0.6103351955307262,5.168994413407821,28,0.00626966536374897,-0.017746927121220814,-0.6405213594752578,-1.5710275433870495,10634,AXISBANK,3.0,0.3,10
-0.054234493359364117,-0.02795293894320938,0.3294150836938123,362,0.6629834254143646,9.67403314917127,44,0.011337266875657625,-0.022856396925136937,0.1176188507507881,-0.18515522545966387,10634,AXISBANK,3.0,0.3,20
-0.34082942934261073,-0.10048819801743594,0.3305435395899944,144,0.625,24.40972222222222,114,0.018246351194652254,-0.037297501239331406,-0.07998461867121576,-0.29190884073397744,10634,AXISBANK,3.0,0.3,50
0.04722792842145565,-0.01619228105623869,0.2919879631371074,72,0.6944444444444444,43.125,157,0.026236073048009755,-0.052289791077014265,0.027659878214336558,0.1337683704918373,10634,AXISBANK,3.0,0.3,100
-2.1530516308967416,-0.3300424431764494,0.29029527929283433,747,0.5970548862115127,4.132530120481928,22,0.005725674708471899,-0.016304809731952828,-0.7252408666319167,-1.628855942707417,10634,AXISBANK,3.0,0.6,10
-0.12982008246035331,-0.03634877270949961,0.26330637577581345,373,0.6621983914209115,7.50402144772118,36,0.010225592264601464,-0.021180837805981127,0.029880096980281268,-0.17294437117734104,10634,AXISBANK,3.0,0.6,20
-0.26117058944007177,-0.07305614953779407,0.25456084258040246,145,0.6551724137931034,18.66896551724138,112,0.017159566755958467,-0.03649120835170989,-0.16707108031980028,-0.027330495449639315,10634,AXISBANK,3.0,0.6,50
-0.13752268910887436,-0.05245239283134595,0.2396088019559902,72,0.6944444444444444,35.388888888888886,154,0.021920103388911896,-0.053930267920693525,-0.11093298613636732,0.020472261326704374,10634,AXISBANK,3.0,0.6,100
-2.5958533826260846,-0.34297219745982405,0.2234342674440474,789,0.5665399239543726,3.011406844106464,16,0.004933503876473355,-0.013731003836621474,-0.855541570315137,-1.6351855090258178,10634,AXISBANK,3.0,1.0,10
-0.28475355887825027,-0.05131001903599875,0.1924957682903893,395,0.6531645569620254,5.179746835443038,26,0.008783087682175294,-0.018507360153924204,-0.01527232036146288,-0.25419939872492786,10634,AXISBANK,3.0,1.0,20
-0.48637217933505533,-0.10137249822439014,0.18939251457588865,154,0.6298701298701299,13.077922077922079,73,0.014983937917777027,-0.03291324058771245,-0.2536028473926998,-0.1690098880825385,10634,AXISBANK,3.0,1.0,50
-0.21075469140488556,-0.056205698587177264,0.17105510626293022,77,0.6883116883116883,23.623376623376622,114,0.01884812993192723,-0.047231107586497394,-0.025123225296459613,-0.1094724703873346,10634,AXISBANK,3.0,1.0,100
-2.9699551989176585,-0.3371659775213753,0.14961444423547113,837,0.5436081242532855,1.900836320191159,8,0.003711297527194672,-0.01084652369447625,-0.9778809343055281,-1.4768507421108228,10634,AXISBANK,3.0,1.5,10
-1.1487734203762807,-0.13569320488237574,0.13080684596577016,429,0.6317016317016317,3.2400932400932403,13,0.00649059202152679,-0.016572061100263467,-0.21565891397032858,-0.6437763020375389,10634,AXISBANK,3.0,1.5,20
0.06803829619249213,0.0012074841168623414,0.10804965205943201,166,0.6506024096385542,6.921686746987952,29,0.01116052134572184,-0.01995036107737993,0.1916831472087057,-0.14346778435878282,10634,AXISBANK,3.0,1.5,50
-0.5986865156701718,-0.10540447125135233,0.11322174158359978,81,0.6419753086419753,14.864197530864198,73,0.014916025345998786,-0.0428081817916742,-0.3029156236051102,-0.16288833036150452,10634,AXISBANK,3.0,1.5,100
-2.9606877788146653,-0.5082465279868966,0.6609659838376245,1729,0.6662810873337189,4.068247541931752,31,0.003064500385243859,-0.013290447299210598,-1.80527472734722,-2.3330089204963693,10642,KOTAKBANK,1.0,0.0,10
-1.0831135799032254,-0.2498218823680292,0.7033452358579214,1082,0.7162661737523105,6.905730129390019,50,0.005004906656619823,-0.017786705915209616,-0.3637935753580445,-1.2179224817309442,10642,KOTAKBANK,1.0,0.0,20
-0.41488607977620523,-0.12583823402517227,0.76019545198271,507,0.7514792899408284,15.956607495069033,147,0.007872106385601417,-0.029108219176944714,-0.1241626388055688,-0.5442004445753243,10642,KOTAKBANK,1.0,0.0,50
0.1789291029068755,0.013787454184936461,0.7577523021988348,261,0.7471264367816092,30.71647509578544,249,0.012278823599860713,-0.032695439414424744,0.4838510922886109,-0.24737949166780596,10642,KOTAKBANK,1.0,0.0,100
-3.7331965213299605,-0.5774671093596306,0.6063709828979515,2039,0.63805787150564,3.1647866601275134,31,0.002242590426487003,-0.010810746869765991,-2.30988483788612,-2.7508362071415906,10642,KOTAKBANK,1.0,0.3,10
-1.5752486823953655,-0.32537753655765655,0.6407630144709641,1367,0.7271397220190198,4.988295537673738,48,0.0035526547089061306,-0.015468551001523983,-0.7492168921982092,-1.4892138507175434,10642,KOTAKBANK,1.0,0.3,20
-0.5850269167478563,-0.155565890399096,0.6872768276639729,666,0.7642642642642643,10.981981981981981,98,0.005827044985704879,-0.024468073313255737,-0.12919958909755722,-0.7463220233598099,10642,KOTAKBANK,1.0,0.3,50
-0.07206542183215928,-0.04398234242429925,0.6934786694230408,342,0.7690058479532164,21.57894736842105,249,0.008948433414858712,-0.03162261324536728,0.2519995723324665,-0.39674803060864067,10642,KOTAKBANK,1.0,0.3,100
-5.212657433258152,-0.6819103405052195,0.5542191317421538,2449,0.58350347080441,2.408329930583912,30,0.0013208470381305996,-0.008516279304047624,-3.2279743328249157,-3.571140139815034,10642,KOTAKBANK,1.0,0.6,10
-2.6945166355268677,-0.4689571286718551,0.5761135124976509,1768,0.708710407239819,3.4677601809954752,38,0.0020754025739622302,-0.012218627209584451,-1.5795190200885125,-2.1125945676728053,10642,KOTAKBANK,1.0,0.6,20
-1.0227105751590733,-0.22962224560401817,0.6108814132681827,986,0.77079107505071,6.593306288032454,80,0.0035047560990404537,-0.018168522251635018,-0.35502556256360013,-1.0874458310351685,10642,KOTAKBANK,1.0,0.6,50
-0.2598133315555094,-0.08088778590179375,0.6093779364781056,543,0.8029465930018416,11.942909760589318,162,0.005368359516648666,-0.02559942743426935,0.17930350979328624,-0.5778374960012876,10642,KOTAKBANK,1.0,0.6,100
-8.761224360069164,-0.8415397613130872,0.48186431121969553,3115,0.10722311396468699,1.6462279293739968,13,0.0010049695123228967,-0.0041058797961641925,-5.280598130194917,-5.802193765821855,10642,KOTAKBANK,1.0,1.0,10
-6.572078579430473,-0.7696643828125909,0.4984025559105431,2466,0.10340632603406326,2.150851581508516,31,0.0008452191479537359,-0.004060884696165516,-4.114055850830337,-4.649029329663414,10642,KOTAKBANK,1.0,1.0,20
-4.600788644668808,-0.6512584765009483,0.5233038902461943,1726,0.08342989571263036,3.226535341830823,50,0.000583730469282978,-0.004008107622829824,-2.7996187961299324,-3.4571502756100996,10642,KOTAKBANK,1.0,1.0,50
-3.1739112187908605,-0.5151733907628344,0.5158804735951888,1269,0.061465721040189124,4.326241134751773,95,0.0006720344556107554,-0.0036326257269917177,-1.7653467653386232,-2.5086917879708737,10642,KOTAKBANK,1.0,1.0,100
-16.454552351372474,-0.9727209021051113,0.42134937041909415,3768,0.010881104033970275,1.1900212314225054,7,0.000791148384555926,-0.0058442722254357145,-10.568234305508794,-11.180931194923318,10642,KOTAKBANK,1.0,1.5,10
-15.581902517706006,-0.976764126961633,0.42604773538808494,3256,0.0015356265356265355,1.3925061425061425,13,0.0009049887583479403,-0.006982869115334196,-10.779877085572984,-11.916905464586748,10642,KOTAKBANK,1.0,1.5,20
-15.40116265708037,-0.9878179339152222,0.4351625634279271,2706,0.0,1.7113821138211383,32,,-0.009797595194764029,-12.472546345271915,-14.039746251759544,10642,KOTAKBANK,1.0,1.5,50
-15.74374845563967,-0.9924698579128685,0.4210674685209547,2300,0.0,1.9482608695652175,52,,-0.012783006290439167,-13.178799493909919,-16.22211497410017,10642,KOTAKBANK,1.0,1.5,100
-1.790423405422453,-0.34223689275926145,0.6099417402743845,1440,0.68125,4.507638888888889,31,0.004263798469852491,-0.014307085508665458,-1.1257475595660271,-1.2584183899861245,10642,KOTAKBANK,1.5,0.0,10
-0.5566571296458415,-0.14074009375919955,0.6274196579590302,821,0.7101096224116931,8.116930572472594,50,0.0064963983327263235,-0.019164793518299895,-0.039187596272484304,-0.734633033103444,10642,KOTAKBANK,1.5,0.0,20
-0.24919024889477973,-0.08277702284542744,0.6675436947942116,352,0.71875,20.181818181818183,147,0.010803021067478715,-0.03149471442549737,0.14349321176359187,-0.5283056098157163,10642,KOTAKBANK,1.5,0.0,50
0.33145596676741607,0.05094024844567607,0.6630332644239805,176,0.7329545454545454,39.82954545454545,248,0.016910905569151886,-0.03703449313464829,0.46910919701165593,-0.02822355591953178,10642,KOTAKBANK,1.5,0.0,100
-2.2064284508455536,-0.38859712869537755,0.552057883856418,1636,0.6735941320293398,3.5910757946210268,31,0.0034730864583360317,-0.012463400147582121,-1.3869870000018132,-1.4411274017207327,10642,KOTAKBANK,1.5,0.3,10
-0.7685995645257859,-0.17410011544245524,0.5616425483931592,965,0.7160621761658031,6.1937823834196895,43,0.005316058682483945,-0.017148497756433838,-0.16491326415073781,-0.8603785715157286,10642,KOTAKBANK,1.5,0.3,20
-0.2325708381607571,-0.07387126888868957,0.5954707761698929,430,0.7325581395348837,14.737209302325581,99,0.008966989909099924,-0.027397482677622275,0.2173384465438432,-0.5434471331039297,10642,KOTAKBANK,1.5,0.3,50
0.11072201411642528,-0.0001290941967532298,0.598477729750047,206,0.7281553398058253,30.91747572815534,248,0.013968041899047814,-0.035385628731473724,0.304570420602657,-0.19095934470801323,10642,KOTAKBANK,1.5,0.3,100
-3.0197669296957863,-0.46711637748135,0.4935162563427927,1866,0.6468381564844587,2.814576634512326,30,0.0027043455171937214,-0.010530800575449254,-1.8116404411326428,-1.8640120988355944,10642,KOTAKBANK,1.5,0.6,10
-1.238896148330944,-0.24275817582656684,0.48985153166697987,1137,0.7036059806508356,4.584872471416007,38,0.004097458056987494,-0.014341804376219304,-0.5875618977478195,-0.9676597314480893,10642,KOTAKBANK,1.5,0.6,20
-0.24214622877877226,-0.06921018653204623,0.5111821086261981,533,0.7279549718574109,10.206378986866792,80,0.007088790451719031,-0.021083554048241564,0.2766746475792901,-0.5833392893073328,10642,KOTAKBANK,1.5,0.6,50
0.17749083616110073,0.015250967458378003,0.5029129862807743,268,0.7313432835820896,19.970149253731343,161,0.011781536758804475,-0.0293879970687916,0.460963985486303,-0.2677185697136212,10642,KOTAKBANK,1.5,0.6,100
-4.509159789350383,-0.5770956785711674,0.41167073858297315,2283,0.6031537450722734,1.9189662724485326,14,0.001531419056418969,-0.007997145263659487,-2.371850678173976,-2.7647988900125995,10642,KOTAKBANK,1.5,1.0,10
-2.5509692386960228,-0.39657076893575166,0.40528096222514565,1477,0.6865267433987813,2.920108327691266,31,0.0023219816016351075,-0.01143590421585992,-1.2775252833637896,-1.6628090245213536,10642,KOTAKBANK,1.5,1.0,20
-1.065038047135056,-0.19908008692834553,0.4234166510054501,771,0.7198443579766537,5.844357976653696,50,0.004111959259132964,-0.016264315035926118,-0.31206556478283876,-0.9188890941584069,10642,KOTAKBANK,1.5,1.0,50
-0.17059426032884362,-0.04971612952705781,0.40452922383010714,402,0.7661691542288557,10.708955223880597,95,0.0067324677898928905,-0.024290083098282553,0.17171679552377275,-0.3813845274753228,10642,KOTAKBANK,1.5,1.0,100
-9.099835389796207,-0.8118389772648592,0.34100732944935164,2863,0.09011526370939574,1.2675515193852602,7,0.000992614227742478,-0.003960822271317835,-4.737943278441716,-5.323904267583684,10642,KOTAKBANK,1.5,1.5,10
-6.986509451714886,-0.7239987983745891,0.32343544446532607,2133,0.07032348804500703,1.6136896390060946,14,0.0009113915200759779,-0.003969710167138847,-3.639275774676757,-4.095950758748179,10642,KOTAKBANK,1.5,1.5,20
-5.177783482863536,-0.6113177020343767,0.3240932155609848,1498,0.04472630173564753,2.302403204272363,32,0.0005160553124586793,-0.003959786239754694,-2.5158285522486272,-3.1160498509056085,10642,KOTAKBANK,1.5,1.5,50
-3.4270596433011633,-0.4717097019219459,0.30360834429618494,1031,0.040737148399612025,3.133850630455868,52,0.000587807441624561,-0.0038423914481429864,-1.6313697712514594,-2.144067458413723,10642,KOTAKBANK,1.5,1.5,100
-1.3728477664165704,-0.2660325346242542,0.5370231159556474,1134,0.6763668430335097,5.0396825396825395,31,0.005053572533045871,-0.015289147506550537,-0.8685523940632153,-0.8664746079946493,10642,KOTAKBANK,2.0,0.0,10
-0.3965586096716388,-0.10157198973019146,0.5450103364029317,608,0.6875,9.519736842105264,49,0.007851216230579668,-0.020012312252158753,0.07624962902065152,-0.5967805725485138,10642,KOTAKBANK,2.0,0.0,20
-0.17615890871502424,-0.06175595680742841,0.5886111633151663,270,0.6962962962962963,23.2,147,0.012551057000621722,-0.03206473551691909,-0.016388635795493052,-0.2533209604749884,10642,KOTAKBANK,2.0,0.0,50
0.30750094521231897,0.04373757686923561,0.563239992482616,131,0.7633587786259542,45.41984732824427,234,0.018182616037404092,-0.04675967331637064,0.3287576456443729,0.03995408528854705,10642,KOTAKBANK,2.0,0.0,100
-1.6409801707131604,-0.2948118765782228,0.48007893253147904,1247,0.6535685645549318,4.097032878909382,31,0.004382808028921741,-0.012850189596916516,-0.9924526927154642,-0.9868406695812514,10642,KOTAKBANK,2.0,0.3,10
-0.6017961503375597,-0.1331372665145711,0.4823341477165946,680,0.6911764705882353,7.548529411764706,42,0.00661117895028171,-0.01835246395025706,-0.14000856739626866,-0.6067547555253104,10642,KOTAKBANK,2.0,0.3,20
-0.2623434479608355,-0.07368270983757212,0.5119338470212366,300,0.7066666666666667,18.16,99,0.010587863184692854,-0.029436041348323595,-0.03162446454187043,-0.31412017895572136,10642,KOTAKBANK,2.0,0.3,50
0.09347446085380783,-0.0018418430243839783,0.5000939672993798,143,0.7342657342657343,37.21678321678322,234,0.01612731207306934,-0.04252458260687395,0.17285272067900706,-0.09541909206793657,10642,KOTAKBANK,2.0,0.3,100
-2.1341424880497546,-0.3436973832180748,0.41768464574328135,1366,0.6442166910688141,3.2540263543191803,30,0.003600517697876095,-0.011517559832572681,-1.245988590698413,-1.1830899138009472,10642,KOTAKBANK,2.0,0.6,10
-0.7921569732156838,-0.154981931745104,0.4078180793084007,767,0.6831812255541069,5.658409387222947,37,0.005602433527819175,-0.015810473921148552,-0.3701453881529272,-0.536124606108923,10642,KOTAKBANK,2.0,0.6,20
-0.016975837685843535,-0.020832659852718056,0.4287727870700996,351,0.7065527065527065,13.0,79,0.009498354376562306,-0.023042102844875543,0.17713051148768139,-0.19487521912241135,10642,KOTAKBANK,2.0,0.6,50
0.02906285482576863,-0.012597529125279403,0.4098853598947566,164,0.7073170731707317,26.597560975609756,161,0.014484631578667244,-0.035004803912636086,0.18774134699691422,-0.18775467167804652,10642,KOTAKBANK,2.0,0.6,100
-2.7777681164232453,-0.39009084760931284,0.33583912798346177,1574,0.6213468869123253,2.2706480304955527,14,0.002773747200017802,-0.009461431686333833,-1.2830868843011656,-1.6432016391363877,10642,KOTAKBANK,2.0,1.0,10
-1.455557713004637,-0.22962846504037732,0.3237173463634655,896,0.6640625,3.8448660714285716,31,0.004175370537263675,-0.013170476191859255,-0.7611971769763961,-0.7187706871013528,10642,KOTAKBANK,2.0,1.0,20
-0.40534486437307554,-0.0826409476577841,0.3421349370419094,435,0.7034482758620689,8.370114942528735,49,0.0068644238853428595,-0.019517246145409204,-0.09839926779592455,-0.31881177604694755,10642,KOTAKBANK,2.0,1.0,50
-0.07362753890397837,-0.027054517703819597,0.3146025183236234,204,0.7107843137254902,16.41176470588235,93,0.01077387743455116,-0.027969319244606737,0.14524862538400288,-0.23322623280588214,10642,KOTAKBANK,2.0,1.0,100
-4.607464494590501,-0.5191576315867814,0.25089268934410824,1881,0.480595427963849,1.4194577352472089,7,0.0012945344610708492,-0.005689557676281656,-2.0344505012464253,-2.3539881956727062,10642,KOTAKBANK,2.0,1.5,10
-2.973947234752464,-0.36224464589564265,0.23416651005450104,1149,0.6257615317667538,2.1688424717145343,14,0.001991871603604892,-0.009554960386760009,-1.301185647456842,-1.3752916358580443,10642,KOTAKBANK,2.0,1.5,20
-1.2280746929112012,-0.17915152801240242,0.23895884232287165,640,0.7,3.9734375,32,0.00359673791933153,-0.01416734917347553,-0.4250776649804892,-0.6837147884662873,10642,KOTAKBANK,2.0,1.5,50
-0.3812284140037394,-0.06383581363246742,0.21988348054876902,327,0.7155963302752294,7.155963302752293,52,0.005553594152580699,-0.01748830123789805,-0.04691276557130161,-0.2799582178493337,10642,KOTAKBANK,2.0,1.5,100
-1.2598228987813263,-0.24520277277242836,0.5222702499530163,1087,0.672493100275989,5.113155473781049,31,0.005314743950352797,-0.015317677982477695,-0.8044346215488274,-0.7635809125053381,10642,KOTAKBANK,2.1,0.0,10
-0.2900000144668183,-0.07892497105396978,0.5274384514189062,579,0.6770293609671848,9.67357512953368,49,0.008314584390918471,-0.019461956463288677,0.09347229025602466,-0.47354106765096593,10642,KOTAKBANK,2.1,0.0,20
-0.16514227163712208,-0.0583054176714335,0.5664348806615298,253,0.6837944664031621,23.82608695652174,147,0.013153211644423476,-0.03159828171108732,0.03152392816976879,-0.28388085057149237,10642,KOTAKBANK,2.1,0.0,50
0.3304557529685361,0.04856143333568518,0.548487126479985,126,0.7619047619047619,45.976190476190474,234,0.018692836030311934,-0.04679313824268397,0.2701816999456022,0.12053641168382434,10642,KOTAKBANK,2.1,0.0,100
-1.5550753939781141,-0.2792783893853657,0.4661717722232663,1187,0.649536647009267,4.179443976411121,31,0.0045792226799040315,-0.012934922755137211,-0.9406664817934322,-0.9096806981376396,10642,KOTAKBANK,2.1,0.3,10
-0.5093493792044993,-0.11382034260885206,0.4643863935350498,640,0.6828125,7.721875,42,0.007053788694199691,-0.018255354154151065,-0.14709159714473805,-0.47623963678266296,10642,KOTAKBANK,2.1,0.3,20
-0.22841237657060345,-0.06588623639548787,0.49135500845705693,279,0.6953405017921147,18.741935483870968,99,0.011243378741370127,-0.029187486665134845,0.01929362492208958,-0.31901451563274696,10642,KOTAKBANK,2.1,0.3,50
0.14275008233874273,0.008385333827966529,0.48618680699116706,137,0.7591240875912408,37.76642335766423,234,0.016246732625948248,-0.047112439508393764,0.13408405665642423,0.0008656326651992931,10642,KOTAKBANK,2.1,0.3,100
-2.0110293847635154,-0.32405733013360605,0.40189813944747227,1290,0.641860465116279,3.315503875968992,30,0.0037978904387976488,-0.011682863892053185,-1.162323885566824,-1.0905059492372942,10642,KOTAKBANK,2.1,0.6,10
-0.7260020991782722,-0.1404107136705647,0.39212554031197144,710,0.6788732394366197,5.877464788732395,37,0.005921533979439434,-0.016081893574693144,-0.3655958357322736,-0.4468965212079556,10642,KOTAKBANK,2.1,0.6,20
0.014972991090733797,-0.01433177657368158,0.4059387333208044,320,0.690625,13.5,75,0.010214810058536705,-0.02261776581107412,0.23550094884676376,-0.2171867412064904,10642,KOTAKBANK,2.1,0.6,50
0.1367412641345893,0.00797378184964848,0.3961661341853035,157,0.7133757961783439,26.853503184713375,161,0.015227096829627172,-0.0352009987054576,0.20327255811131995,-0.08188265493866866,10642,KOTAKBANK,2.1,0.6,100
-2.5952949764217825,-0.3629039677441605,0.3206164254839316,1467,0.6223585548738922,2.3258350374914794,14,0.0029683268064315924,-0.009702181241857986,-1.1596563347423645,-1.505269698974916,10642,KOTAKBANK,2.1,1.0,10
-1.3581197726935978,-0.21163603266374914,0.3108438263484307,822,0.6557177615571776,4.024330900243309,31,0.004481455621949569,-0.013288530243693388,-0.6754721875266293,-0.6696772912077819,10642,KOTAKBANK,2.1,1.0,20
-0.41313916291765235,-0.08154900589257143,0.3216500657771096,381,0.7007874015748031,8.984251968503937,45,0.007251156790878526,-0.02061074982929401,-0.011319177794180402,-0.40224743958077047,10642,KOTAKBANK,2.1,1.0,50
0.017623892375743355,-0.01126070898576494,0.30022552151851156,191,0.7120418848167539,16.727748691099478,93,0.011526503123243862,-0.02838182120910518,0.14988797449571195,-0.14328371623533154,10642,KOTAKBANK,2.1,1.0,100
-4.138582946769439,-0.47119641905956466,0.23707949633527534,1737,0.5532527345998849,1.4525043177892918,7,0.0014389021883276446,-0.0066980426036367694,-1.7628254986444363,-2.0520705587948305,10642,KOTAKBANK,2.1,1.5,10
-2.642564712166573,-0.32079619845680807,0.2196955459500094,1018,0.637524557956778,2.2966601178781927,14,0.002336893772357578,-0.010340530408627424,-1.1135753317484594,-1.185436330774992,10642,KOTAKBANK,2.1,1.5,20
-1.0009276677709755,-0.14674633753759586,0.22213869573388462,542,0.6881918819188192,4.361623616236162,32,0.0042891004761836295,-0.014656753572578165,-0.27724846865301855,-0.5999084074961978,10642,KOTAKBANK,2.1,1.5,50
-0.19914991143510694,-0.037603534845649204,0.2048487126479985,284,0.7147887323943662,7.676056338028169,51,0.006466330520700862,-0.018207405487019157,-0.01654426976796992,-0.14559047897830646,10642,KOTAKBANK,2.1,1.5,100
-1.1110895414624065,-0.2117796740558469,0.45799661717722234,892,0.6625560538116592,5.4641255605381165,31,0.0059161242898661745,-0.01598871203441132,-0.7127281656822929,-0.6034447013646045,10642,KOTAKBANK,2.5,0.0,10
-0.13132410751628346,-0.043835439312535966,0.4528284157113325,472,0.6864406779661016,10.184322033898304,49,0.008960590648109572,-0.0207626192054645,0.19318066009384008,-0.3628169325150842,10642,KOTAKBANK,2.5,0.0,20
0.0026438207801445356,-0.019973297724895398,0.4842134937041909,200,0.69,25.765,145,0.015311746609638266,-0.03459509235392601,0.21854004761955162,-0.25041474143288317,10642,KOTAKBANK,2.5,0.0,50
0.23749379633691398,0.02754594791652103,0.438263484307461,91,0.7032967032967034,50.79120879120879,224,0.022218989575132606,-0.04365590143305269,0.3436549885953689,-0.10034899447930448,10642,KOTAKBANK,2.5,0.0,100
-1.3716023884235027,-0.23827674917155922,0.40349558353692916,957,0.64576802507837,4.486938349007315,31,0.005158635412394071,-0.01390429184783047,-0.8788830996004175,-0.646635151954575,10642,KOTAKBANK,2.5,0.3,10
-0.41938873946875066,-0.09074695844342048,0.39456869009584666,500,0.67,8.398,42,0.007858322490599224,-0.01887809638329124,-0.08595638655431664,-0.3963914823379985,10642,KOTAKBANK,2.5,0.3,20
0.012579812844762752,-0.01564265380274281,0.4170268746476226,217,0.663594470046083,20.451612903225808,97,0.014142095584447147,-0.027903789598506385,0.279523839535384,-0.2800387160659608,10642,KOTAKBANK,2.5,0.3,50
-0.014933180965976017,-0.019997464589847504,0.38921255403119714,96,0.7395833333333334,43.145833333333336,224,0.01790801292527008,-0.0530012564828066,0.18094163868670454,-0.2345041330626937,10642,KOTAKBANK,2.5,0.3,100
-1.692532901927398,-0.2661955939766321,0.34288667543694795,1019,0.6319921491658489,3.5809617271835132,30,0.004457234777840272,-0.012356875384802542,-1.0138949985127836,-0.7494740738590348,10642,KOTAKBANK,2.5,0.6,10
-0.5838479304791353,-0.10816248339601117,0.3258785942492013,538,0.671003717472119,6.446096654275093,37,0.006687015093090651,-0.017061237399328653,-0.2672166015745462,-0.3386099695009005,10642,KOTAKBANK,2.5,0.6,20
0.16438163612207696,0.013525659714987901,0.3308588611163315,234,0.6837606837606838,15.047008547008547,73,0.012083957316647482,-0.023861945240048987,0.32732577696411513,-0.15967655406414316,10642,KOTAKBANK,2.5,0.6,50
-0.1261633261248805,-0.03653034581532571,0.3094343168577335,103,0.7378640776699029,31.97087378640777,161,0.015373656751063324,-0.049291816920884975,0.18112804378424233,-0.34360918756732417,10642,KOTAKBANK,2.5,0.6,100
-2.083889736357135,-0.2844902177054282,0.26461191505356135,1110,0.6144144144144145,2.536936936936937,14,0.003633475977602451,-0.010388296302723529,-0.9387380777197203,-1.029422123121079,10642,KOTAKBANK,2.5,1.0,10
-1.1426478052285816,-0.168041125698462,0.25324187182860364,585,0.6256410256410256,4.6068376068376065,31,0.005399943133374528,-0.013746049610942217,-0.5494060232237388,-0.48459965475752964,10642,KOTAKBANK,2.5,1.0,20
-0.22296541974308587,-0.04387003315437491,0.2534298064273633,257,0.6848249027237354,10.494163424124514,43,0.00932484113030563,-0.022632731892595043,0.1140545627817357,-0.3061338071481432,10642,KOTAKBANK,2.5,1.0,50
-0.13424000046861115,-0.03227853821039215,0.23491824844953957,121,0.6528925619834711,20.66115702479339,93,0.013582300746784475,-0.02876256491330123,0.1209353814075137,-0.25596134877019167,10642,KOTAKBANK,2.5,1.0,100
-3.174173751707403,-0.3634952798991671,0.1882165006577711,1228,0.5675895765472313,1.6311074918566775,7,0.0023365945116598933,-0.008139673535976815,-1.2905861884972092,-1.4029740844795342,10642,KOTAKBANK,2.5,1.5,10
-1.8547468533054385,-0.217173311330685,0.1733696673557602,665,0.6165413533834586,2.774436090225564,12,0.0036183688947358985,-0.01149336250502557,-0.6671136629189337,-0.7801625290208687,10642,KOTAKBANK,2.5,1.5,20
-0.7276224509464019,-0.09336773655669842,0.1651945123097162,304,0.6611842105263158,5.782894736842105,32,0.00605799280363789,-0.016980497344800803,-0.1377920404750844,-0.3935426325081826,10642,KOTAKBANK,2.5,1.5,50
-0.08416796882653559,-0.01808798618972126,0.1508175155046044,150,0.6866666666666666,10.7,45,0.009279756657213095,-0.02143927809487514,0.016533847927521658,-0.06836498269370457,10642,KOTAKBANK,2.5,1.5,100
-1.2175080852354307,-0.2099258569789825,0.38629956775042285,689,0.6473149492017417,5.966618287373004,31,0.006160728666148662,-0.016741444067717184,-0.5870816315026055,-0.7334042918503663,10642,KOTAKBANK,3.0,0.0,10
0.11188031086290973,0.004300655142636097,0.3526592745724488,351,0.6894586894586895,10.655270655270655,48,0.00996532245443221,-0.02109326119393713,0.29440087040228535,-0.1819583065688381,10642,KOTAKBANK,3.0,0.0,20
-0.19893671384419473,-0.05188207590827744,0.37314414583724864,133,0.6390977443609023,29.857142857142858,145,0.017538474700536884,-0.036348592272639084,0.044338655222198896,-0.29830073476323987,10642,KOTAKBANK,3.0,0.0,50
0.41220475911065263,0.05643987283128939,0.3016350310092088,64,0.765625,49.609375,171,0.02289678229123087,-0.04923371037172396,0.36902016100319185,0.01441651569126142,10642,KOTAKBANK,3.0,0.0,100
-1.3194838207779784,-0.21034221613614382,0.33574516068408194,730,0.6301369863013698,4.894520547945206,31,0.005528236651298739,-0.01433012626311779,-0.6820651993297397,-0.6440800321146438,10642,KOTAKBANK,3.0,0.3,10
-0.15383875908456068,-0.03832496035093156,0.30436008269122344,363,0.6611570247933884,8.922865013774105,40,0.008980286919353707,-0.018807650510407906,0.07405568595911105,-0.23212783809439388,10642,KOTAKBANK,3.0,0.3,20
-0.2135706644574432,-0.049342429292078716,0.31563615861680133,139,0.6618705035971223,24.165467625899282,97,0.01535155767489465,-0.03497817972282642,0.023392719607547994,-0.25502386049008186,10642,KOTAKBANK,3.0,0.3,50
0.1631385422065283,0.013287706329527561,0.26357827476038337,66,0.7121212121212122,42.5,168,0.021632988877422044,-0.04676634215972928,0.20838552910561645,-0.08019555290163663,10642,KOTAKBANK,3.0,0.3,100
-1.4639377333891066,-0.2140608781732239,0.28171396354068784,768,0.62109375,3.9036458333333335,30,0.004949284162498598,-0.012800953486328193,-0.6927280425487823,-0.6715408764608906,10642,KOTAKBANK,3.0,0.6,10
-0.4011174701567656,-0.06960493063003748,0.2506107874459688,377,0.6657824933687002,7.074270557029178,37,0.007574640185317475,-0.017999710580536444,-0.09614568803420641,-0.27058315859869864,10642,KOTAKBANK,3.0,0.6,20
0.08061669256040173,0.0011258602961370726,0.2334147716594625,146,0.6712328767123288,17.013698630136986,55,0.013452124362115623,-0.025905418630895658,0.11412915756427357,-0.039281064359934115,10642,KOTAKBANK,3.0,0.6,50
-0.09042117179918448,-0.024778857258094297,0.21565495207667731,67,0.7164179104477612,34.25373134328358,159,0.01792742740216786,-0.051171949935843154,0.10215714889017664,-0.21390768236713925,10642,KOTAKBANK,3.0,0.6,100
-1.9068300707487889,-0.23804750858483517,0.21133245630520578,802,0.5972568578553616,2.8042394014962593,14,0.004128306129252346,-0.011078415713578557,-0.6445882139132624,-0.9562814256607375,10642,KOTAKBANK,3.0,1.0,10
-0.8871453503080058,-0.11998196762633039,0.18925014095094908,389,0.6246786632390745,5.177377892030848,31,0.006115248089136287,-0.01502933067893235,-0.3413669806439138,-0.36691001282009217,10642,KOTAKBANK,3.0,1.0,20
-0.20483556041749898,-0.03386575699989445,0.17675249013343355,155,0.6451612903225806,12.135483870967741,41,0.011670801181546146,-0.023857655913011797,-0.0037708031720505852,-0.14132015388898353,10642,KOTAKBANK,3.0,1.0,50
-0.15045606492883506,-0.02923497331639338,0.15833489945498966,72,0.6944444444444444,23.40277777777778,91,0.013576635371809937,-0.0367296564217491,0.030923739333833928,-0.1601444120218174,10642,KOTAKBANK,3.0,1.0,100
-2.5000759136976995,-0.2666501769536428,0.14395790264987784,848,0.5542452830188679,1.8066037735849056,7,0.003042199013184738,-0.008666189541213565,-0.7497892386520314,-1.0961968717298685,10642,KOTAKBANK,3.0,1.5,10
-1.336651662095387,-0.1428853723762996,0.12478857357639542,414,0.5893719806763285,3.207729468599034,12,0.00457181968466541,-0.011892577091797996,-0.3524554846927189,-0.5537586178545804,10642,KOTAKBANK,3.0,1.5,20
-0.6196983306214038,-0.07026345931884226,0.11182108626198083,166,0.6445783132530121,7.168674698795181,32,0.008210131446902743,-0.021468898680377296,-0.105418855579054,-0.282762101744613,10642,KOTAKBANK,3.0,1.5,50
0.008201428178402803,-0.004707157037059569,0.09424920127795527,80,0.6625,12.5375,39,0.011590829804221544,-0.022132040264096983,0.04230812263254849,-0.025559230139425015,10642,KOTAKBANK,3.0,1.5,100
-2.7021367598185853,-0.5190458872962592,0.6460858941828775,1710,0.6567251461988304,4.01812865497076,33,0.0037543629998905035,-0.014472995699666225,-1.2688466884919234,-3.010652138335117,10641,BHARTIARTL,1.0,0.0,10
-1.1660900203215199,-0.2965389101190223,0.696926980546941,1082,0.7255083179297597,6.835489833641405,68,0.00566552691974136,-0.021509559019169247,-0.2060231773668918,-1.7348772193294069,10641,BHARTIARTL,1.0,0.0,20
-0.19215379899633797,-0.09204977561224235,0.7587632741283714,546,0.7619047619047619,14.728937728937728,119,0.009259148970906612,-0.032139126627206506,0.21851932096853888,-0.5447998106082333,10641,BHARTIARTL,1.0,0.0,50
0.14905957097668399,0.0006040208872427216,0.7656235316229678,310,0.8064516129032258,26.18064516129032,226,0.013947640655178919,-0.05305733040130383,0.5146297901645667,-0.21115945044806728,10641,BHARTIARTL,1.0,0.0,100
-3.4211514453307084,-0.5896072979054489,0.5935532374776806,2031,0.6499261447562777,3.1078286558345645,32,0.0027465235476969102,-0.012498253444920388,-1.8381033965336875,-3.4227437198447896,10641,BHARTIARTL,1.0,0.3,10
-1.7873359569160017,-0.39648333295739685,0.6399774457287849,1334,0.7203898050974513,5.10119940029985,68,0.004068036957310067,-0.0182842526103253,-0.8031810807087936,-2.107461626967571,10641,BHARTIARTL,1.0,0.3,20
-0.3873310767284109,-0.13613002465589816,0.6902546753124706,723,0.7704011065006916,10.114799446749654,103,0.006788219663378857,-0.02663671497429411,0.13894983033275332,-0.7796061635635524,10641,BHARTIARTL,1.0,0.3,50
-0.1209312464357661,-0.07105225926798538,0.6951414340757448,400,0.8075,18.4425,219,0.010076587034959872,-0.04454241163178675,0.34132694040736417,-0.5163550237629064,10641,BHARTIARTL,1.0,0.3,100
-4.779156752748006,-0.6970958590349033,0.5356639413588948,2458,0.5939788445890968,2.3185516680227827,25,0.0016289022124744254,-0.009524772270698931,-2.9424508183965505,-4.18507467754832,10641,BHARTIARTL,1.0,0.6,10
-2.694181712913303,-0.5137974868226033,0.5710929423926323,1722,0.6945412311265969,3.5261324041811846,32,0.002435306061246555,-0.013555238915796585,-1.5541262119157024,-2.663303408542421,10641,BHARTIARTL,1.0,0.6,20
-0.9380169479657537,-0.25397378113561403,0.6200545061554366,1039,0.7795957651588066,6.331087584215592,72,0.0040760507537741285,-0.021281791800004213,-0.11822827760525023,-1.4537009340386722,10641,BHARTIARTL,1.0,0.6,50
-0.4030125751948199,-0.13571287725884215,0.6217460764965699,599,0.8063439065108514,11.011686143572621,146,0.006265474574372928,-0.031732920388433956,0.15536599410749302,-0.8101605397437084,10641,BHARTIARTL,1.0,0.6,100
-8.471397735262833,-0.8696601767625658,0.46489991542148296,3106,0.1159047005795235,1.5927237604636189,11,0.0010256152665532447,-0.0045906489771180906,-5.816273426366699,-6.420427168840406,10641,BHARTIARTL,1.0,1.0,10
-6.367737125341815,-0.8094648147011511,0.4884879240672869,2491,0.09353673223604977,2.0863107185869127,25,0.0007701973625831787,-0.004471561800753674,-4.50286712365879,-5.414463436961126,10641,BHARTIARTL,1.0,1.0,20
-4.384599174365632,-0.7078789511324788,0.5267362090029133,1843,0.0792186652197504,3.030385241454151,66,0.0006339697843455801,-0.0043349031281465925,-3.1601538896908368,-4.103617130259476,10641,BHARTIARTL,1.0,1.0,50
-3.2786083185788777,-0.6008290572219658,0.529931397425054,1286,0.07309486780715396,4.369362363919129,99,0.0005960118913794398,-0.004531900759263147,-2.1899295188007435,-3.1560710684512605,10641,BHARTIARTL,1.0,1.0,100
-16.36899743241011,-0.9825686565150462,0.409923879334649,3709,0.009436505796710704,1.1760582367214882,6,0.0014847757006863228,-0.006664058772258332,-12.076029660143845,-12.355755119609245,10641,BHARTIARTL,1.0,1.5,10
-15.609480627742217,-0.9870140911250352,0.41311906775678975,3284,0.0009135200974421437,1.3383069427527405,13,0.0007542439522772883,-0.007978282303559927,-12.49835518819321,-13.676126317930075,10641,BHARTIARTL,1.0,1.5,20
-15.831316379894949,-0.9948659418216903,0.43821069448360117,2825,0.0,1.6502654867256636,26,,-0.011221620408175188,-15.063486001768041,-16.63759165132686,10641,BHARTIARTL,1.0,1.5,50
-15.670972612929997,-0.9971925339577303,0.43097453246875295,2362,0.0,1.9331075359864522,55,,-0.014924278370003713,-16.36358095883832,-18.887564551110458,10641,BHARTIARTL,1.0,1.5,100
-1.5382073385954722,-0.3347430023696236,0.5973122826801992,1427,0.6832515767344078,4.451997196916608,33,0.005025988459767268,-0.015970235821389143,-0.40881355917032736,-1.9093942838244797,10641,BHARTIARTL,1.5,0.0,10
-0.4161928175772351,-0.1309586274967278,0.626538859129781,838,0.720763723150358,7.9319809069212415,68,0.00777633194769566,-0.022962614538546852,0.3614853460574186,-1.0378326516692031,10641,BHARTIARTL,1.5,0.0,20
0.07959792259315347,-0.015748135358352778,0.6729630673808853,390,0.7512820512820513,18.28205128205128,118,0.012398178617859036,-0.03598148145082158,0.45910196345567467,-0.3166393291526705,10641,BHARTIARTL,1.5,0.0,50
-0.043114101174128415,-0.0486746241585137,0.6733389719011371,192,0.7447916666666666,37.166666666666664,225,0.01889485924483559,-0.05576939243576961,0.23827718775047216,-0.26901254509169487,10641,BHARTIARTL,1.5,0.0,100
-1.9254947944201914,-0.3824031380609847,0.5398928672117282,1627,0.6754763368162262,3.52919483712354,32,0.0042145866949956055,-0.014054922670487118,-0.5880980886744036,-2.2010703035426245,10641,BHARTIARTL,1.5,0.3,10
-0.6715524676920724,-0.1810550372393818,0.5672399210600507,973,0.7225077081192189,6.199383350462488,68,0.006423494970924859,-0.02070722188538438,0.10445224432323677,-1.1796851888168427,10641,BHARTIARTL,1.5,0.3,20
0.013161699233998478,-0.03070920292292451,0.6007893994925289,468,0.7478632478632479,13.594017094017094,103,0.010276545103406885,-0.030191924080922587,0.4677348629277429,-0.4335911182841985,10641,BHARTIARTL,1.5,0.3,50
-0.21484515647758354,-0.08754482431974091,0.6095291795883846,229,0.7641921397379913,28.23580786026201,212,0.014447562745084123,-0.052559792240698566,0.23641736751437425,-0.5463226681223753,10641,BHARTIARTL,1.5,0.3,100
-2.5192805955927553,-0.4510421558243544,0.47946621558124236,1889,0.6596082583377448,2.7003705664372686,25,0.0032477845240519764,-0.011784824464332223,-0.9940332891021166,-2.5368693244947416,10641,BHARTIARTL,1.5,0.6,10
-1.0027160685258387,-0.2310011323672009,0.490837327318861,1144,0.7097902097902098,4.562062937062937,31,0.004997684970441157,-0.016605291767942523,-0.12342902822741583,-1.3314076427312838,10641,BHARTIARTL,1.5,0.6,20
-0.12009463486449129,-0.06050160067620717,0.524856686401654,580,0.7689655172413793,9.594827586206897,71,0.007959862170788725,-0.027973394859554388,0.5545811166244153,-0.7529174996329318,10641,BHARTIARTL,1.5,0.6,50
-0.1917322971690613,-0.07840239213824352,0.5310591109858096,291,0.7319587628865979,19.350515463917525,145,0.011886179775484743,-0.03624462581022341,0.22076082959862375,-0.5160853506178007,10641,BHARTIARTL,1.5,0.6,100
-4.080283588771444,-0.5901625424612693,0.39592143595526735,2305,0.606941431670282,1.8273318872017354,11,0.0018515373557716926,-0.008710455653671633,-2.1655195209853364,-3.1358525405165647,10641,BHARTIARTL,1.5,1.0,10
-2.1063711365114246,-0.3876238865197629,0.39798891081665255,1530,0.6980392156862745,2.7679738562091503,25,0.0028762389712549893,-0.012842253263565,-0.8960006923518792,-1.9652970941148227,10641,BHARTIARTL,1.5,1.0,20
-0.7194395653856533,-0.17869300075527347,0.41997932525138615,844,0.7618483412322274,5.271327014218009,67,0.004601592623671154,-0.019881839760220146,-0.017807229262746,-1.0196185055209517,10641,BHARTIARTL,1.5,1.0,50
-0.30573314247436006,-0.09361161344555309,0.4251480124048492,460,0.782608695652174,9.791304347826086,99,0.006800585734677569,-0.02872761315612702,0.11471884242694144,-0.5392692935557182,10641,BHARTIARTL,1.5,1.0,100
-8.867757844593521,-0.8480000880869776,0.33305140494314445,2816,0.08877840909090909,1.2581676136363635,7,0.0009562282485852106,-0.004508126017817355,-5.325391169120053,-6.003403130452975,10641,BHARTIARTL,1.5,1.5,10
-6.687040232937655,-0.7671778601040444,0.3149140118409924,2203,0.07172038129822969,1.5211075805719474,13,0.0008913536002652554,-0.004339033053050687,-4.026223997521694,-4.706264727125053,10641,BHARTIARTL,1.5,1.5,20
-4.635216253047768,-0.6605821231880221,0.3215863170754628,1544,0.05181347150259067,2.2156735751295336,26,0.000657985985894887,-0.004431712755999004,-2.8191424923301596,-3.6162461035807905,10641,BHARTIARTL,1.5,1.5,50
-3.410530785786696,-0.5500630393297113,0.31716943896250355,1128,0.041666666666666664,2.974290780141844,55,0.0006390614343888235,-0.004380533520244965,-1.8908406608403485,-2.8144801871281846,10641,BHARTIARTL,1.5,1.5,100
-0.8143944821691069,-0.1967312103805534,0.5371675594399022,1182,0.6852791878172588,4.833333333333333,33,0.006218238858729534,-0.016730215507664275,0.12936242979220572,-1.316229123072393,10641,BHARTIARTL,2.0,0.0,10
-0.148684058205838,-0.06378457995699591,0.5521097641199135,647,0.7078825347758887,9.052550231839259,68,0.009331756392691747,-0.023919971770657147,0.5452489004600035,-0.7921791372613828,10641,BHARTIARTL,2.0,0.0,20
0.08030424098196709,-0.01289418012113252,0.582182125740062,279,0.6989247311827957,22.100358422939067,118,0.015708480194425282,-0.034840732039650775,0.5222496049065574,-0.38571745832429166,10641,BHARTIARTL,2.0,0.0,50
-0.1555409204229035,-0.07264283656715348,0.5991918052814585,135,0.6962962962962963,47.05185185185185,223,0.02260818936841047,-0.05695429308196338,0.19465967377191803,-0.4046158895018324,10641,BHARTIARTL,2.0,0.0,100
-1.0903939004990133,-0.23799354533547187,0.47852645428061275,1299,0.6789838337182448,3.917628945342571,32,0.0054104834481276355,-0.015100882322561439,-0.051989226822162615,-1.4730323004373829,10641,BHARTIARTL,2.0,0.3,10
-0.3744976738717464,-0.1076991594088658,0.48914575697772766,716,0.7039106145251397,7.2695530726256985,68,0.008069138364410696,-0.02190033289940611,0.37792802365449246,-0.9539528626655966,10641,BHARTIARTL,2.0,0.3,20
-0.02336932408592849,-0.03564650042632434,0.5132036462738464,314,0.7165605095541401,17.29936305732484,103,0.012981975213947934,-0.033061782438053945,0.46882182144068996,-0.490376035289206,10641,BHARTIARTL,2.0,0.3,50
-0.23380346534511245,-0.08590591636691963,0.5340663471478244,155,0.7161290322580646,36.535483870967745,207,0.01854401350065038,-0.054150027994868795,0.2032276190913542,-0.5274433522933887,10641,BHARTIARTL,2.0,0.3,100
-1.385360979706557,-0.27225131928477353,0.41011183159477493,1447,0.668279198341396,3.0152038700760193,25,0.004530102301067047,-0.012943624539669123,-0.2302495026703415,-1.6020813512390026,10641,BHARTIARTL,2.0,0.6,10
-0.3960529347770801,-0.10196443215200272,0.4140588290574194,810,0.7037037037037037,5.439506172839506,33,0.00670977491018616,-0.018157945361145657,0.31337633723517583,-0.8467115251040223,10641,BHARTIARTL,2.0,0.6,20
0.01908124930150972,-0.022906195252329873,0.43670707640259376,364,0.7252747252747253,12.711538461538462,71,0.011430758329196067,-0.030006549356724352,0.7187027678541646,-0.7016375046188382,10641,BHARTIARTL,2.0,0.6,50
-0.10735348626531517,-0.05145840117344795,0.446574570059205,184,0.7391304347826086,25.717391304347824,143,0.015074147967546844,-0.04577256381461004,0.2828517330110784,-0.4298506725259896,10641,BHARTIARTL,2.0,0.6,100
-2.2229762292087147,-0.3624645704256429,0.32882247909031104,1648,0.6383495145631068,2.1225728155339807,11,0.003320847955011708,-0.010289111158300213,-0.8583355327791473,-1.7804426688954642,10641,BHARTIARTL,2.0,1.0,10
-0.7843997666646345,-0.16017769301100052,0.31923691382388875,977,0.7041965199590583,3.4769703172978508,25,0.005071831926998444,-0.01541178919927215,0.06911681973767503,-1.033703532552397,10641,BHARTIARTL,2.0,1.0,20
0.06951425962051479,-0.008561128982857663,0.33248754816276666,471,0.7515923566878981,7.469214437367303,67,0.008627218718322336,-0.02543748115836587,0.6561341087826842,-0.5782839780253837,10641,BHARTIARTL,2.0,1.0,50
0.11699296780794602,0.0027184565018389725,0.34066347147824455,241,0.7385892116182573,14.95850622406639,99,0.012516166364173902,-0.0329521880125472,0.38449941518751296,-0.23260964715503152,10641,BHARTIARTL,2.0,1.0,100
-4.580377338132463,-0.5623923934491609,0.2534536227798139,1934,0.5082730093071355,1.3940020682523269,7,0.001522315106127502,-0.006772150354841971,-2.136332228819188,-2.807547009312192,10641,BHARTIARTL,2.0,1.5,10
-2.139550628586559,-0.3270124129842091,0.23240296964571,1285,0.6762645914396888,1.9245136186770428,13,0.002396532310608437,-0.010590742464004184,-0.8394496945818373,-1.4837125925251717,10641,BHARTIARTL,2.0,1.5,20
-0.6001256541530502,-0.12581480592955854,0.23541020580772484,693,0.7445887445887446,3.6147186147186146,26,0.004578420938225,-0.017470033841777748,0.11410511628831946,-0.8438359021588813,10641,BHARTIARTL,2.0,1.5,50
-0.20863788212460796,-0.054600990859891486,0.22958368574382107,383,0.7519582245430809,6.326370757180157,55,0.006546475921952816,-0.022379840205695136,0.24062767159332446,-0.48132742561195113,10641,BHARTIARTL,2.0,1.5,100
-0.7963825150369341,-0.19120803723391439,0.5226952354102058,1130,0.6831858407079646,4.919469026548673,33,0.006349767277264125,-0.01690371200549205,0.16376959957284348,-1.313278159491093,10641,BHARTIARTL,2.1,0.0,10
-0.12622031862182645,-0.05770280386464459,0.5382952730006578,615,0.7073170731707317,9.284552845528456,68,0.009536713212035018,-0.02422135542166498,0.5219364421776636,-0.7333101708421284,10641,BHARTIARTL,2.1,0.0,20
0.09306330252310024,-0.009078928954112006,0.571844751433136,266,0.6917293233082706,22.76691729323308,118,0.016081571336204963,-0.034197160084596785,0.4420024205689407,-0.28716042164416394,10641,BHARTIARTL,2.1,0.0,50
-0.1077271644812432,-0.060307219926556035,0.5803965792688657,129,0.7054263565891473,47.69767441860465,221,0.023431515517097094,-0.05959730012420851,0.24337960606042683,-0.37580909872451473,10641,BHARTIARTL,2.1,0.0,100
-1.0138605070017939,-0.22274894679379342,0.4639601541208533,1239,0.6795803066989508,3.982243744955609,32,0.0055884256933428945,-0.015398179543338733,0.05041421324945447,-1.4580370581602131,10641,BHARTIARTL,2.1,0.3,10
-0.36660638465516554,-0.10445235206584282,0.47354571938727563,673,0.6968796433878157,7.487369985141159,68,0.008329447891708489,-0.02187704630768023,0.35476117831482135,-0.9111675638703062,10641,BHARTIARTL,2.1,0.3,20
-0.0108396876645975,-0.0317209287909863,0.5006108448454093,296,0.7162162162162162,17.89864864864865,103,0.01327981803098267,-0.03354248857548398,0.38395775558965434,-0.38620537336198313,10641,BHARTIARTL,2.1,0.3,50
-0.21672199192757097,-0.08118888261019697,0.5182783572972465,146,0.7191780821917808,37.64383561643836,207,0.019119516813934773,-0.0561812902867438,0.21831931081167433,-0.514202947105019,10641,BHARTIARTL,2.1,0.3,100
-1.2344044240714382,-0.24588181279042698,0.3960154120853303,1371,0.675419401896426,3.0729394602479942,25,0.004715044265772453,-0.013448354669406642,-0.06972401342817935,-1.5486628243524845,10641,BHARTIARTL,2.1,0.6,10
-0.4259917822566877,-0.10603771505160868,0.4010901231087304,752,0.699468085106383,5.675531914893617,30,0.0068475237825781415,-0.018429620026983392,0.3039248213211058,-0.8672214377832488,10641,BHARTIARTL,2.1,0.6,20
0.12842024569150076,0.002937453041982902,0.4215769194624565,344,0.7267441860465116,12.982558139534884,71,0.01216640371795836,-0.03053226795238042,0.7371787311750095,-0.5656109892091786,10641,BHARTIARTL,2.1,0.6,50
-0.07765443551864938,-0.044157774184406945,0.43322995959026406,172,0.7325581395348837,26.691860465116278,141,0.015916933569859175,-0.045853746103239564,0.3181872148023739,-0.42192590574913774,10641,BHARTIARTL,2.1,0.6,100
-1.9588811758783495,-0.32587984274732407,0.3164176299219998,1551,0.6415215989684074,2.1702127659574466,11,0.003578865941972564,-0.010545281563856411,-0.6611652005421409,-1.641039736699323,10641,BHARTIARTL,2.1,1.0,10
-0.7865235702948195,-0.15813690047320844,0.30561037496475896,890,0.6932584269662921,3.653932584269663,25,0.005339172046277163,-0.015550475446567171,0.08888118652493665,-1.0398918308847656,10641,BHARTIARTL,2.1,1.0,20
0.17049044896017362,0.013672291234962655,0.3191429376938258,431,0.7587006960556845,7.832946635730859,67,0.009279878685504974,-0.02717822955290741,0.6544200628796719,-0.4464356062219163,10641,BHARTIARTL,2.1,1.0,50
0.15587765043581042,0.011069665522943662,0.32205619772577765,217,0.728110599078341,15.705069124423963,99,0.013174269778457275,-0.0319615529880295,0.39768848874980434,-0.20188549004729503,10641,BHARTIARTL,2.1,1.0,100
-4.012533782104978,-0.5086029598275906,0.24001503618081008,1795,0.5626740947075209,1.4222841225626741,7,0.0017547456610592295,-0.007662504528220369,-1.7665663037069261,-2.4762066332762416,10641,BHARTIARTL,2.1,1.5,10
-1.7186799381158424,-0.2700367440979485,0.21840052626632836,1149,0.6753698868581375,2.0226283724978242,13,0.0029057521975228515,-0.01095622567647466,-0.577837405970747,-1.2539710660765682,10641,BHARTIARTL,2.1,1.5,20
-0.31978437474461957,-0.07455286475274117,0.22018607273752466,603,0.7446102819237148,3.8855721393034828,26,0.005465008482586254,-0.018453223621163157,0.24277541590028637,-0.6307830448781852,10641,BHARTIARTL,2.1,1.5,50
0.029163028610275248,-0.01114871079548705,0.21717883657550982,334,0.7634730538922155,6.862275449101796,54,0.007692659144594561,-0.024500811781380135,0.41056285205147924,-0.38449890090889705,10641,BHARTIARTL,2.1,1.5,100
-0.5190840934280304,-0.13116733026093802,0.4676252231933089,958,0.6847599164926931,5.191022964509394,33,0.007030623375958394,-0.017669632586640054,0.4856556457264568,-1.2097957522630454,10641,BHARTIARTL,2.5,0.0,10
0.21603562779307797,0.023370271876186347,0.47504933746828304,518,0.7065637065637066,9.723938223938225,68,0.010973046328004171,-0.024608731949628555,0.747017833938961,-0.47141013423297484,10641,BHARTIARTL,2.5,0.0,20
0.3737153235954232,0.06341161722927927,0.5052156752184945,221,0.7013574660633484,24.194570135746606,114,0.0189117032677389,-0.035651621836077715,0.6905317276954944,-0.11222476237709442,10641,BHARTIARTL,2.5,0.0,50
-0.023335977545959775,-0.03645933549254555,0.5284277793440466,108,0.6759259259259259,51.898148148148145,216,0.02677825599189169,-0.05583458020743161,0.2328405823454593,-0.2322382021974718,10641,BHARTIARTL,2.5,0.0,100
-0.7424004259794821,-0.16699640549720018,0.4092660464242083,1027,0.6757546251217137,4.237585199610516,32,0.006252834934659998,-0.01601829795565308,0.38117631296730886,-1.3758020875457455,10641,BHARTIARTL,2.5,0.3,10
0.02547800569150518,-0.017994564331647596,0.4107696645052157,553,0.7124773960216998,7.9041591320072335,68,0.00956659713330275,-0.023758810022275145,0.5780265379768619,-0.5864380609973268,10641,BHARTIARTL,2.5,0.3,20
0.3030702103894354,0.0442876154508765,0.4391504557842308,239,0.7154811715481172,19.430962343096233,103,0.016517186832121892,-0.03491695981153387,0.6353613844324787,-0.1852757033239391,10641,BHARTIARTL,2.5,0.3,50
-0.04925230285310669,-0.03908939361770793,0.4710083638755756,121,0.7107438016528925,41.27272727272727,207,0.022762818125851198,-0.05703028272144806,0.2873839623173058,-0.3258414987447852,10641,BHARTIARTL,2.5,0.3,100
-0.7699132761198494,-0.16084854411858665,0.34056949534818154,1111,0.6777677767776777,3.2619261926192618,25,0.005508986266204463,-0.014301479213868562,0.39269797517657923,-1.3643608752895635,10641,BHARTIARTL,2.5,0.6,10
0.133251864330238,0.006651740010991494,0.3422610656893149,601,0.7071547420965059,6.059900166389351,30,0.008284451015321865,-0.019172102592968376,0.5934421230173741,-0.44684049786801583,10641,BHARTIARTL,2.5,0.6,20
0.44976070837762844,0.07744183421091794,0.36227798139272627,265,0.720754716981132,14.471698113207546,70,0.015541090725385209,-0.032020997094666714,0.8588854000633326,-0.2600908565200947,10641,BHARTIARTL,2.5,0.6,50
0.0910830027516093,-0.0041604560422938515,0.38605394229865614,136,0.7279411764705882,30.073529411764707,136,0.019238248893540123,-0.04806302090139035,0.346655493271804,-0.22040062616277467,10641,BHARTIARTL,2.5,0.6,100
-1.1696578268437337,-0.20540116733461752,0.2658584719481252,1210,0.6471074380165289,2.33801652892562,11,0.0045308841839727075,-0.011370947837365935,-0.09280801318471878,-1.2149043973199045,10641,BHARTIARTL,2.5,1.0,10
-0.185706055928429,-0.0493043062715119,0.25448736021050655,671,0.706408345752608,4.0357675111773474,25,0.006702402797879749,-0.01726927265794163,0.35901616631712185,-0.5841239537366221,10641,BHARTIARTL,2.5,1.0,20
0.42259289134090244,0.0647453157641745,0.25881026219340286,302,0.7417218543046358,9.052980132450331,67,0.012419224363297962,-0.0293909869832301,0.6400943170556432,-0.15068504436884847,10641,BHARTIARTL,2.5,1.0,50
0.44022445849345326,0.0659847806150506,0.26623437646837705,163,0.7791411042944786,17.26993865030675,99,0.01579833106952497,-0.04189479108861647,0.5014950777343107,-0.003319511094831855,10641,BHARTIARTL,2.5,1.0,100
-2.456380811745802,-0.338146106516725,0.19368480405976882,1335,0.6134831460674157,1.543820224719101,7,0.002895026896826725,-0.009323685752123622,-0.8149434078852944,-1.6250514117094061,10641,BHARTIARTL,2.5,1.5,10
-0.5734425006833351,-0.09888718789086251,0.1717883657550982,783,0.6871008939974457,2.334610472541507,13,0.004641994889581717,-0.012511125197094795,0.008297454617732052,-0.5761298773109925,10641,BHARTIARTL,2.5,1.5,20
0.338864238543068,0.04307735207306652,0.17056667606427967,378,0.7486772486772487,4.801587301587301,27,0.008629960110833768,-0.022268975517307162,0.45591436621356524,-0.1291883289917893,10641,BHARTIARTL,2.5,1.5,50
0.4729394623565858,0.06519574771291116,0.1720702941452871,208,0.7692307692307693,8.716346153846153,54,0.011582075436350456,-0.029007943496008003,0.5355790827343715,-0.07482830072668285,10641,BHARTIARTL,2.5,1.5,100
-0.2686459948788492,-0.07365113792451262,0.3911286533220562,758,0.6860158311345647,5.486807387862797,30,0.007815544934282884,-0.018580980212366583,0.4876925678974107,-0.8458824926135577,10641,BHARTIARTL,3.0,0.0,10
0.4622674929862862,0.07857836921829799,0.39065877267174137,393,0.7302798982188295,10.541984732824428,69,0.012396812098831568,-0.028213063947736428,0.726675402376781,-0.15937510847218236,10641,BHARTIARTL,3.0,0.0,20
0.38868552713711413,0.06369207902649095,0.39836481533690443,159,0.710691823899371,26.50943396226415,114,0.021631027141093065,-0.041583649144495805,0.2677162296299774,0.2637419766667321,10641,BHARTIARTL,3.0,0.0,50
0.30583420433819636,0.044469751068944345,0.4208251104219528,86,0.7093023255813954,51.906976744186046,216,0.03121274601423697,-0.05848129860538331,0.2495322571576143,0.19241278457625782,10641,BHARTIARTL,3.0,0.0,100
-0.5204382094043154,-0.11528906008385276,0.336904426275726,793,0.6784363177805801,4.51702395964691,25,0.006956899940024208,-0.017231881234916598,0.3556256503340267,-1.006943197504735,10641,BHARTIARTL,3.0,0.3,10
0.25696878737313517,0.03182022785624504,0.3346489991542148,411,0.7153284671532847,8.664233576642335,69,0.01133862053757072,-0.02610690038249054,0.571924331169131,-0.2928772378747333,10641,BHARTIARTL,3.0,0.3,20
0.3386734384307064,0.05019505153747678,0.3378441875763556,168,0.7202380952380952,21.25595238095238,100,0.018826411052268566,-0.03907492088230562,0.24186837520150317,0.19960608065462926,10641,BHARTIARTL,3.0,0.3,50
0.22234119068005728,0.024895733814888403,0.3723334273094634,91,0.7032967032967034,43.38461538461539,169,0.028594987570239032,-0.05655044095025529,0.2521711945643997,0.05104610427400559,10641,BHARTIARTL,3.0,0.3,100
-0.6214277518277705,-0.12281953451457002,0.276853679165492,826,0.6731234866828087,3.566585956416465,25,0.006217101793461793,-0.015463288702176076,0.23086266817601603,-0.9492420205987991,10641,BHARTIARTL,3.0,0.6,10
0.5933302707423911,0.09534888869191882,0.2691476365003289,437,0.7208237986270023,6.553775743707094,28,0.010079942510310289,-0.02073935501509365,0.6648769707944442,-0.01989639188812803,10641,BHARTIARTL,3.0,0.6,20
0.5590421261240632,0.09366588952055169,0.2719669204022178,179,0.7262569832402235,16.067039106145252,70,0.018073508444269377,-0.03475571856291521,0.46933423729117035,0.1771916508810033,10641,BHARTIARTL,3.0,0.6,50
0.25625668946177826,0.031605967138950655,0.2965886664787144,97,0.7422680412371134,32.391752577319586,136,0.02433766002468737,-0.057774721437165576,0.2746274940011391,0.03331599184721207,10641,BHARTIARTL,3.0,0.6,100
-0.8541407094999797,-0.14385358263317474,0.20872098486984306,874,0.6407322654462243,2.5411899313501145,11,0.005266804760501046,-0.0121597315718175,0.03095977498546576,-0.8997048226555756,10641,BHARTIARTL,3.0,1.0,10
0.3473728307188313,0.04472950488625124,0.19302697114932807,467,0.69593147751606,4.398286937901499,25,0.00869341769123754,-0.01752758643477717,0.5161320550551776,-0.1796885791413349,10641,BHARTIARTL,3.0,1.0,20
0.3511292188216675,0.04639415258200992,0.18917394981674654,187,0.7058823529411765,10.668449197860962,67,0.015202552986856318,-0.030050803447699694,0.3347828241660638,0.0191599804754869,10641,BHARTIARTL,3.0,1.0,50
0.4547135928454592,0.06331957985188207,0.20176675124518373,105,0.7904761904761904,20.314285714285713,99,0.01944088346615305,-0.05286698138838337,0.3337683225574994,0.11675141458876971,10641,BHARTIARTL,3.0,1.0,100
-1.606836334847687,-0.22234792472643328,0.1481063809792313,932,0.6126609442060086,1.6909871244635193,7,0.004026674412407995,-0.010437260443190727,-0.4069007554091044,-1.061719175097784,10641,BHARTIARTL,3.0,1.5,10
0.12053671643909057,0.006896535801344377,0.12574006202424584,499,0.7014028056112225,2.6813627254509016,13,0.006592686667801469,-0.014834246170947965,0.32442916594324284,-0.2272915116839759,10641,BHARTIARTL,3.0,1.5,20
0.4696873158011007,0.058493903809577384,0.12122920778122356,217,0.6912442396313364,5.944700460829493,22,0.01206881249473551,-0.020998822994745012,0.2870134240710241,0.11638730949138659,10641,BHARTIARTL,3.0,1.5,50
0.6633831175648077,0.08630588370834952,0.12263884973216803,119,0.773109243697479,10.84873949579832,54,0.01645502241871539,-0.03552618218475858,0.5180375105385998,0.03661763299473415,10641,BHARTIARTL,3.0,1.5,100
-3.862522158111603,-0.6427063411402825,0.6446156737455365,1507,0.6224286662242866,4.550099535500995,33,0.003754008702804087,-0.016926151302191585,-2.3242565532510935,-3.7854633744656847,10642,SBIN,1.0,0.0,10
-2.4646272365645157,-0.5145373585115476,0.7010900206728059,870,0.6413793103448275,8.574712643678161,52,0.005832154090727157,-0.023977136719395494,-1.4207273464682921,-2.8057973273573493,10642,SBIN,1.0,0.0,20
-1.3576222341795923,-0.36119381147130136,0.762262732569066,417,0.7050359712230215,19.453237410071942,120,0.010587724344214653,-0.04557942705083763,-0.7612598397227717,-1.7322187303311485,10642,SBIN,1.0,0.0,50
-1.34992109739326,-0.36844539955492156,0.8123473031385078,199,0.6482412060301508,43.17085427135678,245,0.014323466053660193,-0.06192326525835196,-0.9073439044937391,-1.5795575426687336,10642,SBIN,1.0,0.0,100
-4.746299300927277,-0.7019865117696972,0.6004510430370231,1764,0.6071428571428571,3.6218820861678003,25,0.0027711052887200416,-0.014699831083868287,-2.9550553929135788,-4.26407378398798,10642,SBIN,1.0,0.3,10
-2.8032560818224748,-0.5483456985925044,0.6374741589926706,1085,0.6608294930875576,6.251612903225807,43,0.004208373216598316,-0.020865184200039414,-1.6236979922825439,-3.037286197030968,10642,SBIN,1.0,0.3,20
-1.7043312706451117,-0.4123172913742107,0.6971433940988536,530,0.7132075471698113,13.99811320754717,120,0.0075020681105343314,-0.038407703269013584,-1.0354860387394123,-1.9667031123686753,10642,SBIN,1.0,0.3,50
-1.2653299237177216,-0.3439252652799087,0.7475098665664349,281,0.697508896797153,28.11743772241993,205,0.01128780116438429,-0.05285921148292431,-0.8235478500880715,-1.457076097741175,10642,SBIN,1.0,0.3,100
-6.09408155730228,-0.7761003890133077,0.5482052245818455,2133,0.5710267229254571,2.7346460384435067,21,0.001687030071727087,-0.012049025781930225,-3.83722706764577,-5.132828895456794,10642,SBIN,1.0,0.6,10
-3.704877968503363,-0.6321086594008539,0.5742341665100545,1444,0.6585872576177285,4.231301939058172,34,0.0024020176107627717,-0.016654145095553435,-2.2387233403831717,-3.687451443889276,10642,SBIN,1.0,0.6,20
-2.133077024347996,-0.47193337463332435,0.6324938921255403,763,0.7326343381389253,8.82175622542595,95,0.004578920000425082,-0.030742440950487993,-1.3413126293103415,-2.3705290443515867,10642,SBIN,1.0,0.6,50
-1.4168126221835664,-0.357793638682966,0.6577710956587107,447,0.7472035794183445,15.65324384787472,167,0.006649571845682592,-0.04145053320796554,-0.8813404818224324,-1.5816127742196875,10642,SBIN,1.0,0.6,100
-9.301459190418592,-0.8914739554928607,0.4767900770531855,2779,0.12054695933789132,1.8254767902123066,16,0.0010188905565959646,-0.005612541242746724,-6.106479830958156,-7.269242629855189,10642,SBIN,1.0,1.0,10
-6.936137395023015,-0.8355789124757802,0.4917308776545762,2189,0.09502055733211512,2.3901324805847417,34,0.0009278716116444031,-0.005569720107258735,-4.775962605419459,-6.064655631838059,10642,SBIN,1.0,1.0,20
-4.923504827643549,-0.7554505494682967,0.5434128923134749,1486,0.08950201884253028,3.891655450874832,49,0.0007613698634518242,-0.006278816543140687,-3.791841588216453,-4.602135002813805,10642,SBIN,1.0,1.0,50
-3.814804603745148,-0.6686691781526807,0.5614546137943995,1131,0.046861184792219276,5.282051282051282,119,0.0008448560310774765,-0.006057095672708932,-2.8013705803180082,-3.6834011852151147,10642,SBIN,1.0,1.0,100
-16.39968417380383,-0.9836718589691376,0.41063709828979517,3482,0.011200459506031017,1.2547386559448592,7,0.0009046562753622308,-0.007226223159857295,-11.894090064899562,-12.95051467974998,10642,SBIN,1.0,1.5,10
-15.808832327104705,-0.9876739985459175,0.4148656267618869,2997,0.000667334000667334,1.472806139472806,14,0.004124809764684326,-0.008859633057471042,-12.733950668991021,-13.792400718605386,10642,SBIN,1.0,1.5,20
-16.13238988269756,-0.9963336702659761,0.44427739146776923,2563,0.0,1.8447132266874755,31,,-0.013165155262474951,-16.46279568200216,-17.27949725572114,10642,SBIN,1.0,1.5,50
-15.812424949097869,-0.9986161317080781,0.4589362901710205,2221,0.0,2.1985592075641605,50,,-0.017783886276773197,-18.383871604898374,-21.114139815814895,10642,SBIN,1.0,1.5,100
-2.946576820932289,-0.5344083030060628,0.5986656643488066,1246,0.615569823434992,5.110754414125201,33,0.005042653998770792,-0.01749669430085405,-1.6389384815532275,-2.8742624714986658,10642,SBIN,1.5,0.0,10
-1.9007798700664942,-0.4175346230967287,0.6320240556286413,674,0.629080118694362,9.979228486646884,52,0.007564208784812147,-0.025342498380536045,-1.018787373622387,-2.109612696751274,10642,SBIN,1.5,0.0,20
-1.2229025173365915,-0.32276581806154286,0.6736515692538997,293,0.6279863481228669,24.467576791808874,120,0.01445874589042827,-0.04413456408525924,-0.46262110136622403,-1.6876371400882308,10642,SBIN,1.5,0.0,50
-1.1704947922014515,-0.3219978429460955,0.7263672242059763,145,0.6206896551724138,52.95172413793104,245,0.018434701015100006,-0.06797125959285256,-0.7638909943623675,-1.315405191885523,10642,SBIN,1.5,0.0,100
-3.5031793659899875,-0.5784322686189797,0.548487126479985,1409,0.6160397444996452,4.14194464158978,25,0.004037371851360586,-0.015954772576998837,-1.9549078276534095,-3.1721853695219737,10642,SBIN,1.5,0.3,10
-2.052615660280158,-0.42777255704270845,0.5641796654764142,775,0.6425806451612903,7.747096774193548,43,0.006238273580723083,-0.022888056563549967,-1.0447891259147912,-2.188542298988454,10642,SBIN,1.5,0.3,20
-1.4061436313590587,-0.3458271353221901,0.6139823341477166,342,0.6549707602339181,19.105263157894736,120,0.011424777802597399,-0.04167966685153401,-0.6502154478046318,-1.7088350128945646,10642,SBIN,1.5,0.3,50
-1.0866931285095889,-0.29532433828952953,0.6514752866002631,175,0.6285714285714286,39.32,205,0.017046849816422134,-0.05769648198248916,-0.7360326603709688,-1.1390851886843916,10642,SBIN,1.5,0.3,100
-4.284104001458208,-0.6326380266004449,0.4905093027626386,1609,0.6103169670602859,3.2436295835922935,21,0.0032144925169919304,-0.014569740261048158,-2.358049010864802,-3.6205464811263166,10642,SBIN,1.5,0.6,10
-2.38706276310561,-0.4558975680992979,0.4958654388272881,938,0.6321961620469083,5.6257995735607675,32,0.00486989643781721,-0.018691707472017725,-1.185929352274679,-2.374861137945831,10642,SBIN,1.5,0.6,20
-1.5867016445530795,-0.3614777245746722,0.5457620747979703,419,0.6443914081145584,13.861575178997613,95,0.009155867486349894,-0.03389889153640212,-0.7948635820377303,-1.7839870355717138,10642,SBIN,1.5,0.6,50
-0.9354309600718868,-0.2501579516162703,0.5498966359706822,237,0.6540084388185654,24.69198312236287,164,0.013731250640707621,-0.04474971461395986,-0.49928772477225225,-1.0418450242627748,10642,SBIN,1.5,0.6,100
-5.48899983347119,-0.701445519652641,0.4057507987220447,2003,0.5776335496754867,2.1552670993509735,16,0.0017900648882925607,-0.011018671266189583,-3.095831937014133,-4.154858878427762,10642,SBIN,1.5,1.0,10
-3.3463775129746893,-0.545270676052601,0.4067844390152227,1255,0.6294820717131474,3.449402390438247,31,0.002721598857866309,-0.014698198029601373,-1.7059788712564727,-2.9786201147937814,10642,SBIN,1.5,1.0,20
-1.9171646701732437,-0.3930949221939275,0.4424920127795527,630,0.6857142857142857,7.474603174603175,50,0.005431095363459666,-0.02650803671226481,-0.9848619170773656,-1.9174961549364906,10642,SBIN,1.5,1.0,50
-1.3855723335794632,-0.31873844234176935,0.45376808870513063,360,0.7027777777777777,13.41388888888889,119,0.007765590000223011,-0.03833599438296686,-0.7147164349731832,-1.4225406939478495,10642,SBIN,1.5,1.0,100
-9.295777773535718,-0.8654804379173883,0.3300131554219132,2586,0.09010054137664346,1.3576952822892498,7,0.001050220790411234,-0.005239904775998728,-5.496563571403121,-6.588230922356067,10642,SBIN,1.5,1.5,10
-7.3385547945258605,-0.7974278227364667,0.3194888178913738,1939,0.05673027333677153,1.7534811758638473,15,0.0010304538260495157,-0.005313996732280536,-4.296634166207187,-5.309315936268466,10642,SBIN,1.5,1.5,20
-5.24239674323734,-0.7109522134544649,0.33283217440330765,1362,0.049926578560939794,2.6005873715124816,31,0.0007491317690404648,-0.005774597050323303,-3.385109353862741,-4.036278268960863,10642,SBIN,1.5,1.5,50
-3.970936216036855,-0.621750866292065,0.34288667543694795,960,0.029166666666666667,3.801041666666667,51,0.0008582260490658164,-0.0062277611015742985,-2.59740051815521,-3.1828424991381934,10642,SBIN,1.5,1.5,100
-2.590279163887913,-0.47474813163490437,0.5393722984401428,1000,0.596,5.737,32,0.005856384756131273,-0.018033194591739177,-1.3247394740671539,-2.4702658263412354,10642,SBIN,2.0,0.0,10
-1.5993809328931237,-0.3529742172262892,0.5652133057695922,529,0.6086956521739131,11.370510396975426,52,0.0089601625183756,-0.026014516550292365,-0.7481616719948014,-1.751670922998775,10642,SBIN,2.0,0.0,20
-1.2575341531308346,-0.3151492319017851,0.5956587107686525,216,0.5740740740740741,29.34722222222222,120,0.016190909030454455,-0.04464104896434236,-0.5080879779918294,-1.5912158069513156,10642,SBIN,2.0,0.0,50
-1.0699886493964457,-0.2891282413136003,0.6442398045480173,111,0.5495495495495496,61.369369369369366,238,0.02256851582194993,-0.06383904413293964,-0.5365284754304058,-1.278744266077631,10642,SBIN,2.0,0.0,100
-2.843942027778334,-0.4880690240353786,0.4875963164818643,1112,0.5980215827338129,4.66546762589928,25,0.005134634874222874,-0.016505050161134724,-1.4224538850806847,-2.5407713455883263,10642,SBIN,2.0,0.3,10
-1.5927150043387668,-0.3381089715068266,0.49191881225333584,586,0.6109215017064846,8.933447098976108,43,0.008155065519126715,-0.02315717841816476,-0.6467104043618832,-1.7136128191323188,10642,SBIN,2.0,0.3,20
-1.3216102735983726,-0.3149954084320607,0.5360834429618493,244,0.5860655737704918,23.381147540983605,120,0.014194207374240115,-0.04081826832305967,-0.5043196728983935,-1.5885537732142967,10642,SBIN,2.0,0.3,50
-1.1057898870937812,-0.2861460998922218,0.5763954143957902,122,0.5737704918032787,49.91803278688525,203,0.018895407432762037,-0.06041990017394806,-0.5395670821566809,-1.2795892065952765,10642,SBIN,2.0,0.3,100
-3.5260478213274538,-0.5417208227078999,0.43084006765645555,1211,0.5846407927332783,3.7853014037985138,21,0.004376374352043749,-0.015405612109985178,-1.7445409423117524,-2.906008907763818,10642,SBIN,2.0,0.6,10
-1.7635304000926293,-0.34438301154434076,0.416838940048863,656,0.6158536585365854,6.762195121951219,32,0.00668188718356756,-0.020406766058027895,-0.6713801593550865,-1.7716424651066491,10642,SBIN,2.0,0.6,20
-1.3280710942583276,-0.2981428605543726,0.4659838376245067,282,0.574468085106383,17.585106382978722,95,0.012239238506634359,-0.03338836202029737,-0.5506129431188873,-1.4732338612420306,10642,SBIN,2.0,0.6,50
-0.929546126557598,-0.23634805195135863,0.4715279082879158,149,0.6442953020134228,33.67785234899329,158,0.015689030065677744,-0.055597946262456226,-0.3264757715167354,-1.114068494088381,10642,SBIN,2.0,0.6,100
-4.1835711857994315,-0.570268709229674,0.34157113324563054,1409,0.5727466288147622,2.579134137686302,16,0.003152407525115866,-0.01263093952865134,-1.8798441191701036,-3.179988604309499,10642,SBIN,2.0,1.0,10
-2.269901339884727,-0.38704883334774254,0.3283217440330765,783,0.5913154533844189,4.462324393358876,31,0.004973780136302722,-0.016230118998685133,-0.8696596571903106,-2.021118219280772,10642,SBIN,2.0,1.0,20
-1.3332149304648138,-0.2742466918110953,0.35961285472655513,368,0.625,10.39945652173913,49,0.009166793419050604,-0.02861935607119529,-0.518129590651425,-1.3229790607918865,10642,SBIN,2.0,1.0,50
-1.1513444237771702,-0.25895272840680617,0.3782183800037587,185,0.6,21.756756756756758,119,0.013225987338754935,-0.04200356225064482,-0.45011920523621485,-1.1900598067097041,10642,SBIN,2.0,1.0,100
-5.663418496312211,-0.6478189918293695,0.25192632963728623,1732,0.47286374133949194,1.5473441108545034,7,0.0013518778374219567,-0.008086791733360861,-2.5085811487570453,-3.7674717549528367,10642,SBIN,2.0,1.5,10
-3.499795084549287,-0.4935597368655046,0.23886487502349182,1056,0.5965909090909091,2.4071969696969697,15,0.0023678343448521673,-0.013036330034482027,-1.6669245749572983,-2.394816382475181,10642,SBIN,2.0,1.5,20
-1.796413101218568,-0.30626650199287137,0.24638225897387708,545,0.6293577981651376,4.811009174311927,31,0.004678642672431099,-0.018538275965152815,-0.6629557527474454,-1.477001555569556,10642,SBIN,2.0,1.5,50
-1.1316055598497894,-0.2177756090068941,0.249483179853411,304,0.6447368421052632,8.733552631578947,50,0.007170304825833623,-0.02594983968186931,-0.34803653205504914,-1.0491664077234462,10642,SBIN,2.0,1.5,100
-2.4736311555035697,-0.4554538091746621,0.5280962225145649,969,0.5995872033023736,5.796697626418989,32,0.0060274259643111235,-0.0182439951482421,-1.2244519269514234,-2.3522837053017485,10642,SBIN,2.1,0.0,10
-1.5674849774718835,-0.34262286538213854,0.5498966359706822,503,0.6083499005964215,11.634194831013916,52,0.00915800489433496,-0.0264364738175324,-0.7921723025751806,-1.6134635418122054,10642,SBIN,2.1,0.0,20
-1.2224012030708382,-0.30503913236378577,0.5769592181920692,206,0.5825242718446602,29.805825242718445,120,0.016404541043412227,-0.04630159899978227,-0.49186444667755963,-1.5215281420942488,10642,SBIN,2.1,0.0,50
-1.016459010126395,-0.27605932885473444,0.6247885735763954,107,0.5887850467289719,61.81308411214953,238,0.021796274616595807,-0.07017702278298574,-0.5377525407696061,-1.17687116083623,10642,SBIN,2.1,0.0,100
-2.7608350942436486,-0.47362478663903546,0.47538056756248825,1066,0.5938086303939962,4.74577861163227,25,0.005358772838799462,-0.016595826729297592,-1.3664038614868705,-2.4274859053389264,10642,SBIN,2.1,0.3,10
-1.6302546980231627,-0.33791839302254756,0.476038338658147,547,0.5978062157221207,9.261425959780622,43,0.008352876314551295,-0.02315037219232744,-0.7352025481143789,-1.6264887793393843,10642,SBIN,2.1,0.3,20
-1.2795771110885208,-0.30397675542566116,0.5193572636722421,231,0.5757575757575758,23.926406926406926,120,0.014967851374062008,-0.04070445074076411,-0.48564714112331003,-1.5126647987213255,10642,SBIN,2.1,0.3,50
-1.0230961018525184,-0.26759201162828283,0.5578838564179666,118,0.6101694915254238,50.016949152542374,203,0.018784318516879926,-0.06576241957531778,-0.5123655661272406,-1.1602348011220225,10642,SBIN,2.1,0.3,100
-3.429068338811048,-0.5285597447883316,0.4185303514376997,1153,0.5767562879444926,3.862966175195143,21,0.004631041890495077,-0.015484979639919348,-1.6971384839883785,-2.7798887231130376,10642,SBIN,2.1,0.6,10
-1.7637577619128937,-0.3370564309009419,0.40236797594437135,611,0.6039279869067103,7.008183306055646,31,0.006927067074842324,-0.020391625960295184,-0.7450575223399094,-1.6336282094347068,10642,SBIN,2.1,0.6,20
-1.2543133197869414,-0.2824505898290663,0.45113700432249576,265,0.5622641509433962,18.116981132075473,95,0.01303639642961096,-0.03304787819217989,-0.5040674206429869,-1.3870633816378475,10642,SBIN,2.1,0.6,50
-0.783555046338589,-0.20470822064050084,0.4481300507423417,144,0.6597222222222222,33.11805555555556,158,0.016727792470281947,-0.05687929506669968,-0.265155183210981,-0.932789990380518,10642,SBIN,2.1,0.6,100
-4.005833602637845,-0.5491322904466415,0.32888554782935536,1322,0.5635400907715582,2.6475037821482603,16,0.00343518011450522,-0.01269884803259594,-1.7645894690923656,-3.0034366604091036,10642,SBIN,2.1,1.0,10
-2.231763798184216,-0.3708991257839532,0.31385077992858484,717,0.5774058577405857,4.658298465829847,29,0.005262375206077423,-0.016221713949413005,-0.8937831068084581,-1.8427728845476297,10642,SBIN,2.1,1.0,20
-1.2150374357150453,-0.25247781925495044,0.34335651193384703,336,0.6190476190476191,10.875,49,0.00998467966100405,-0.029227737932453396,-0.47217634937030667,-1.192160736494886,10642,SBIN,2.1,1.0,50
-1.078172081688082,-0.24236327564178042,0.35782747603833864,170,0.5941176470588235,22.4,119,0.014013755654602538,-0.042374519660781505,-0.36567274604363875,-1.1427797894354292,10642,SBIN,2.1,1.0,100
-5.280653223704629,-0.6129104671957841,0.24027438451418906,1612,0.5248138957816377,1.586228287841191,7,0.0015854502679593385,-0.009195446435639689,-2.2626908749667294,-3.4397301680396732,10642,SBIN,2.1,1.5,10
-3.2982136201413734,-0.4588783668884709,0.22429994361962038,928,0.5862068965517241,2.572198275862069,15,0.002822417423416502,-0.013535461903830042,-1.508359339004596,-2.153862953727563,10642,SBIN,2.1,1.5,20
-1.4455205741656132,-0.25411584361865,0.2328509678631836,481,0.6486486486486487,5.151767151767152,31,0.005572786626945651,-0.0203481706375717,-0.4454100832502131,-1.2547213268923607,10642,SBIN,2.1,1.5,50
-1.005321589040459,-0.19298901804690508,0.22946814508551025,252,0.6388888888888888,9.69047619047619,50,0.008299633601877361,-0.02799625673948463,-0.19552572860637887,-1.0158926247844677,10642,SBIN,2.1,1.5,100
-2.1713048908778605,-0.4015668879896935,0.4756624694606277,829,0.6031363088057901,6.102533172496984,31,0.006409816257085376,-0.018905595214212378,-1.0550818414049739,-1.95995085552821,10642,SBIN,2.5,0.0,10
-1.1480676824590406,-0.25850254871780354,0.48487126479984965,420,0.611904761904762,12.285714285714286,52,0.010573516512563044,-0.026991394341214635,-0.5523707724751982,-1.1298327614140853,10642,SBIN,2.5,0.0,20
-0.8930994460156743,-0.23065002888751632,0.5137192257094532,179,0.6033519553072626,30.54189944134078,120,0.018352708117039117,-0.047686931088054774,-0.26242094514623093,-1.1412586854654339,10642,SBIN,2.5,0.0,50
-0.8888924668753182,-0.2382117562905325,0.5478293553843262,89,0.6292134831460674,65.1685393258427,238,0.023047060760882736,-0.08260048281614396,-0.45206957270827824,-0.9831109576150395,10642,SBIN,2.5,0.0,100
-2.4092860955574973,-0.41502099189992003,0.4210674685209547,889,0.5883014623172104,5.040494938132733,25,0.005978331099078755,-0.017189188216314908,-1.1737917929300963,-1.990783929422971,10642,SBIN,2.5,0.3,10
-1.1715279863750627,-0.24889056854012126,0.4123285096786318,444,0.6058558558558559,9.882882882882884,42,0.009538126087586488,-0.02382987577031714,-0.49643033577864626,-1.1080420064660879,10642,SBIN,2.5,0.3,20
-1.0366711648238551,-0.24880239080762465,0.45771471527908286,190,0.5894736842105263,25.63684210526316,120,0.0161239541570749,-0.04288639503197345,-0.35297025791364295,-1.1862856889878974,10642,SBIN,2.5,0.3,50
-0.8613637314390509,-0.22173190834037074,0.4686149220071415,95,0.6210526315789474,52.17894736842105,203,0.022341372050678467,-0.07377239768845963,-0.364229934976803,-0.9734354308177138,10642,SBIN,2.5,0.3,100
-3.0161789300703017,-0.4668890605616172,0.36684833677880097,937,0.5581643543223053,4.166488794023479,21,0.005375115047240657,-0.01582923654962281,-1.4439185963674812,-2.298200165469498,10642,SBIN,2.5,0.6,10
-1.248538081138378,-0.24353747351386468,0.34157113324563054,482,0.6037344398340249,7.54149377593361,31,0.008435411663691642,-0.021153615934414092,-0.4131046145712932,-1.17253123476753,10642,SBIN,2.5,0.6,20
-0.8525589431010115,-0.19809130114266224,0.38554782935538434,213,0.5774647887323944,19.262910798122064,94,0.015147658606670366,-0.03431227076103263,-0.22545766922877544,-0.9994846906437064,10642,SBIN,2.5,0.6,50
-0.6305407044541752,-0.16145267568515403,0.37370794963352755,110,0.6636363636363637,36.154545454545456,158,0.020346826914386107,-0.0642787580723168,-0.02173625909764321,-0.8712594248278926,10642,SBIN,2.5,0.6,100
-3.4446655577794507,-0.47494381297954863,0.2798346175530915,1026,0.5467836257309941,2.9025341130604287,15,0.0041882071382130055,-0.01333765397161184,-1.4245599841364176,-2.4278649081255925,10642,SBIN,2.5,1.0,10
-1.5280456932583923,-0.26006563835299734,0.2582221386957339,536,0.5839552238805971,5.126865671641791,29,0.006807685348821221,-0.017426420532184947,-0.43368644439173193,-1.321599820104469,10642,SBIN,2.5,1.0,20
-0.8657069198417596,-0.17801576018211257,0.27964668295433187,245,0.6163265306122448,12.146938775510204,49,0.011967453919487397,-0.03098162497636771,-0.3665618627852324,-0.7386253431507351,10642,SBIN,2.5,1.0,50
-0.7662351663426445,-0.17173886009020845,0.2889494455929337,124,0.6370967741935484,24.798387096774192,119,0.016836752192438357,-0.05139769305915894,0.007922580816895848,-0.990715345276418,10642,SBIN,2.5,1.0,100
-4.2168370863900755,-0.4982301179904013,0.1954519827100169,1169,0.5320786997433704,1.7792985457656116,7,0.002635937613375409,-0.010561830596656477,-1.491023579080546,-2.6467445617710434,10642,SBIN,2.5,1.5,10
-2.4185698863792204,-0.34163641735354244,0.18145085510242437,619,0.5799676898222941,3.119547657512116,15,0.004523679568148485,-0.0157827536440686,-0.8828208531097715,-1.5966941293827595,10642,SBIN,2.5,1.5,20
-0.7761967476784808,-0.13242849184947128,0.17778613042661154,291,0.6426116838487973,6.501718213058419,30,0.008409978571688166,-0.022827873548508126,-0.02947852733629066,-0.7719543288028672,10642,SBIN,2.5,1.5,50
-0.6856497375185683,-0.1289978389705113,0.17675249013343355,152,0.6447368421052632,12.375,50,0.011880619904517983,-0.03555548646367082,0.16447961829563634,-0.9201751366910979,10642,SBIN,2.5,1.5,100
-1.8841209038043127,-0.33683676847004174,0.39165570381507236,651,0.5821812596006144,6.402457757296467,31,0.007262589443052903,-0.018981969969888532,-0.6999654903294354,-1.7106089425631952,10642,SBIN,3.0,0.0,10
-0.8692487963621546,-0.19170395462739753,0.3906220635218944,324,0.6111111111111112,12.830246913580247,52,0.011961701525331983,-0.028115807123489177,-0.2710899653363479,-0.9030848302075549,10642,SBIN,3.0,0.0,20
-0.9073555564903243,-0.21134803300280883,0.3938169517008081,125,0.584,33.528,120,0.01899425277828103,-0.05114692934999337,-0.3090305126927309,-0.9640293606924093,10642,SBIN,3.0,0.0,50
-0.7150176812993639,-0.18591934119249762,0.4322495771471528,68,0.5882352941176471,67.6470588235294,231,0.02869653142416918,-0.07848355292596967,-0.4317362140396217,-0.6179420109207615,10642,SBIN,3.0,0.0,100
-2.276196998295614,-0.37342851065043764,0.3490885171960158,680,0.5661764705882353,5.463235294117647,25,0.006717738831567971,-0.018131951174943418,-0.8649973841463593,-1.89759876230828,10642,SBIN,3.0,0.3,10
-0.8019095905180859,-0.16984780838051075,0.32944935162563427,339,0.6106194690265486,10.342182890855458,42,0.011082139277357864,-0.025047723172555197,-0.1898133555728792,-0.8224832727913287,10642,SBIN,3.0,0.3,20
-0.9632968491966605,-0.21158618499985865,0.3432625446344672,132,0.553030303030303,27.674242424242426,120,0.017290144408048696,-0.042877424247967984,-0.3489250729785407,-0.9186624158640153,10642,SBIN,3.0,0.3,50
-0.750790246186222,-0.18422497876137614,0.3730501785378688,70,0.6142857142857143,56.714285714285715,203,0.025006450930334934,-0.07894119081160694,-0.3778452114408436,-0.6782895504681418,10642,SBIN,3.0,0.3,100
-2.83104683407075,-0.42117603098458606,0.30182296560796845,702,0.5598290598290598,4.5754985754985755,21,0.005667234298092231,-0.017746591016946072,-1.087948270297431,-2.1685252747886583,10642,SBIN,3.0,0.6,10
-0.9223336647552991,-0.17513252899580176,0.26808870513061456,350,0.6171428571428571,8.151428571428571,31,0.009554871900855851,-0.02341525628183966,-0.17409835297828763,-0.8996936582033628,10642,SBIN,3.0,0.6,20
-0.7587678161618964,-0.15494981220261833,0.2868821650065777,141,0.5602836879432624,21.652482269503547,87,0.015094830085996129,-0.03445468935404658,-0.11998458716315412,-0.8237145759940396,10642,SBIN,3.0,0.6,50
-0.5804439372425634,-0.13715802105914085,0.28434504792332266,75,0.6533333333333333,40.346666666666664,149,0.022906397561208405,-0.07160036660638201,-0.19578833627428774,-0.543407714992433,10642,SBIN,3.0,0.6,100
-2.9534561277341704,-0.397335996329731,0.2250516820146589,752,0.526595744680851,3.184840425531915,15,0.004801283282430177,-0.013843985081579618,-0.9954252801999236,-2.0317252290000702,10642,SBIN,3.0,1.0,10
-1.195660745123848,-0.19368703412197602,0.1982710016914114,370,0.5945945945945946,5.702702702702703,29,0.007849991914995372,-0.019809153794574742,-0.22382030235684736,-1.0205545455303824,10642,SBIN,3.0,1.0,20
-0.7587284339662869,-0.13576106158993798,0.1960157865062958,148,0.5540540540540541,14.094594594594595,49,0.01386391109142526,-0.029770013157270202,-0.258197261356426,-0.5697828975265364,10642,SBIN,3.0,1.0,50
-0.538398851151827,-0.1159255978767947,0.2154670174779177,82,0.6341463414634146,27.963414634146343,119,0.02002663001060854,-0.05472688824245056,-0.015236495075374556,-0.5851853916464984,10642,SBIN,3.0,1.0,100
-3.4810307796518476,-0.4017863965098302,0.15326066528847962,810,0.5074074074074074,2.0135802469135804,6,0.0034240470666695574,-0.011245903777829632,-0.9752122266918261,-2.104620036261009,10642,SBIN,3.0,1.5,10
-1.7993025529488953,-0.24551901034549328,0.13578274760383385,401,0.5461346633416458,3.603491271820449,14,0.006119367326741045,-0.016486120282998055,-0.4809890586951535,-1.1793433882542033,10642,SBIN,3.0,1.5,20
-0.49423535004202057,-0.0734779031415272,0.11557977823717347,159,0.5974842767295597,7.735849056603773,30,0.010830869415283648,-0.022698347603715127,-0.01546294607156698,-0.40829870611425456,10642,SBIN,3.0,1.5,50
-0.38130403864635604,-0.07008216289083694,0.12732569065965044,90,0.6333333333333333,15.055555555555555,43,0.014787103468200717,-0.036879630320661064,0.15560955287412462,-0.5297724557684987,10642,SBIN,3.0,1.5,100
-3.85685411059195,-0.5804077655895595,0.6551400112760759,1626,0.6377613776137762,4.287822878228782,28,0.003008999254568221,-0.014039935033653608,-1.954734497660585,-3.194455010174145,10642,MARUTI,1.0,0.0,10
-2.6354819654652855,-0.467378485572194,0.7171584288667544,958,0.6983298538622129,7.965553235908142,62,0.0043059322937065,-0.022815106136495227,-1.434087380765249,-2.2788095881922223,10642,MARUTI,1.0,0.0,20
-1.0487245099842153,-0.2524322555908968,0.771941364405187,454,0.6960352422907489,18.090308370044053,186,0.008175448980333514,-0.030118143752856666,-0.3338967833967772,-1.2389651767120524,10642,MARUTI,1.0,0.0,50
-0.540538005784788,-0.1517835679591129,0.7720353317045668,217,0.7004608294930875,37.63594470046083,226,0.013160942780214282,-0.04257254442804461,-0.1310845633070548,-0.6356675219232741,10642,MARUTI,1.0,0.0,100
-4.686119927379447,-0.6404590817941612,0.6082503288855479,1910,0.6230366492146597,3.3890052356020943,28,0.0021856407294427154,-0.012097518268884834,-2.4111849825415863,-3.698115703018663,10642,MARUTI,1.0,0.3,10
-3.060499935442603,-0.5047531782228856,0.6555158804735952,1188,0.6826599326599326,5.871212121212121,58,0.0032434467278762164,-0.018028219019456997,-1.689075318938312,-2.477127955089363,10642,MARUTI,1.0,0.3,20
-1.3395867081923902,-0.2944791202987851,0.705600451043037,581,0.7211703958691911,12.920826161790018,109,0.005935487459542448,-0.02732417143772747,-0.5480584339783597,-1.391488093385204,10642,MARUTI,1.0,0.3,50
-0.7205223174689628,-0.18127314710776612,0.7056944183424169,287,0.735191637630662,25.99651567944251,188,0.009601805118637747,-0.04000681359962882,-0.20141524210702808,-0.8131217114321977,10642,MARUTI,1.0,0.3,100
-6.081688655734684,-0.7233996201360595,0.5555346739334711,2291,0.5473592317765168,2.580532518550851,23,0.0013151979322351124,-0.009016776305933704,-3.3036916312848206,-4.397447190945599,10642,MARUTI,1.0,0.6,10
-3.9541000260137094,-0.580891255116013,0.5894568690095847,1562,0.6510883482714469,4.015364916773367,35,0.001945401932213785,-0.013127693712677553,-2.276201307167663,-2.8999180011801844,10642,MARUTI,1.0,0.6,20
-1.7892461914360789,-0.3578592165981114,0.6337154670174779,840,0.7607142857142857,8.028571428571428,91,0.0035633697232548473,-0.02383866416686362,-1.0066320882251363,-1.5079461561546035,10642,MARUTI,1.0,0.6,50
-0.878848871603959,-0.20593818706874023,0.632118022928021,442,0.7330316742081447,15.205882352941176,185,0.0061507361976456025,-0.02737605324900816,-0.265294171909115,-0.972241583436673,10642,MARUTI,1.0,0.6,100
-9.49838483729315,-0.8557223287281247,0.4869385453862056,2908,0.10419532324621733,1.781980742778542,15,0.0009427652073033222,-0.0045854107061328265,-5.4325657388584725,-6.226771292804637,10642,MARUTI,1.0,1.0,10
-7.491769723165273,-0.7958382825828799,0.5093027626386017,2271,0.08674592690444738,2.386173491853809,28,0.0007965223527911529,-0.004679186970123771,-4.459321002384426,-5.088397870152419,10642,MARUTI,1.0,1.0,20
-4.9578138644361625,-0.6828933313110592,0.5406878406314602,1582,0.07648546144121365,3.6371681415929205,63,0.0007300053994558887,-0.0047374242293755685,-3.323214576897695,-3.5098315688858497,10642,MARUTI,1.0,1.0,50
-3.4735872959799496,-0.5578049325264385,0.5356136064649502,1096,0.072992700729927,5.1989051094890515,101,0.0007747703595530139,-0.004782696622614964,-2.2181403267204596,-2.579097813092103,10642,MARUTI,1.0,1.0,100
-16.69232949185034,-0.9707790108714112,0.42012779552715657,3603,0.008881487649181239,1.240910352484041,9,0.001001257793608953,-0.0059867364808839675,-10.405865823124504,-10.940729900716654,10642,MARUTI,1.0,1.5,10
-16.061061861964266,-0.9786263742810577,0.4316857733508739,3095,0.002584814216478191,1.484006462035541,15,0.0010247221568426197,-0.0075180026140327,-11.28727492835732,-11.91260136390688,10642,MARUTI,1.0,1.5,20
-16.340887581528445,-0.990881483267666,0.445404999060327,2634,0.0,1.7995444191343963,33,,-0.010732745659625982,-13.77275520665654,-14.497296860798293,10642,MARUTI,1.0,1.5,50
-15.928499624804061,-0.9948679132298797,0.4340349558353693,2203,0.0,2.0966863368134363,50,,-0.014373609920192458,-15.259803822900128,-16.405258831283852,10642,MARUTI,1.0,1.5,100
-2.894281448438718,-0.46697520501051515,0.6028002255215185,1339,0.6549663928304705,4.790888722927558,29,0.00397046738895215,-0.015554836213727264,-1.3512029879835716,-2.3530314426473877,10642,MARUTI,1.5,0.0,10
-2.1587363236593182,-0.3910751847493398,0.6510054501033641,743,0.6877523553162853,9.32436069986541,62,0.005668486092339162,-0.02500374226716804,-0.9557225943354336,-1.9485492184622404,10642,MARUTI,1.5,0.0,20
-0.7885676962674585,-0.19304682525421868,0.6904717158428867,327,0.654434250764526,22.470948012232416,185,0.010964644698066912,-0.030604815178188104,-0.17924691783210586,-0.9326632319168304,10642,MARUTI,1.5,0.0,50
-0.5510168552619452,-0.14583381548951932,0.6835181356887803,150,0.66,48.17333333333333,224,0.01611019824633673,-0.04581866811053137,-0.16929078801852868,-0.5725516592312343,10642,MARUTI,1.5,0.0,100
-3.3555673985993812,-0.5038535695777808,0.5547829355384326,1527,0.6424361493123772,3.8664047151277012,28,0.003331280684784477,-0.013604013652249206,-1.5492032606836377,-2.6106018416708574,10642,MARUTI,1.5,0.3,10
-2.390585166322154,-0.4067247459352772,0.5813756812629205,856,0.6834112149532711,7.227803738317757,58,0.00466347144681779,-0.02139933050944784,-1.0443062322506016,-2.026781539421357,10642,MARUTI,1.5,0.3,20
-0.9543677270049532,-0.21521044116371393,0.6149220071415148,381,0.6771653543307087,17.175853018372703,99,0.008964985485947588,-0.029366630049443985,-0.26143929437459146,-1.0376899463325415,10642,MARUTI,1.5,0.3,50
-0.694873533569973,-0.16717102437572343,0.6237549332832174,173,0.6589595375722543,38.092485549132945,185,0.013724096240248779,-0.042232592051181544,-0.1956271105801078,-0.7315488490512423,10642,MARUTI,1.5,0.3,100
-4.197738450758924,-0.5651466414570605,0.4968990791204661,1742,0.6274397244546498,3.0355912743972446,24,0.002487385165129703,-0.011837784866912634,-2.0238530366362983,-2.9401573565032373,10642,MARUTI,1.5,0.6,10
-2.650037406383103,-0.421339302700593,0.5114640105243375,1042,0.6794625719769674,5.223608445297505,35,0.0036316605663902243,-0.017349367499026665,-1.0975317577383217,-2.125941305932306,10642,MARUTI,1.5,0.6,20
-1.1398673426872252,-0.23635397538458192,0.5335463258785943,463,0.6911447084233261,12.263498920086393,91,0.007266687940792759,-0.026639911287488327,-0.47803557421139464,-1.0061315988457533,10642,MARUTI,1.5,0.6,50
-0.5647447303984441,-0.13451558502257988,0.5414395790264988,221,0.6787330316742082,26.063348416289593,182,0.011308859808739467,-0.034238294067579084,-0.013302628122640459,-0.7212872793645546,10642,MARUTI,1.5,0.6,100
-5.7648431606103765,-0.653749656638351,0.419376057132118,2127,0.5590032910202163,2.0982604607428303,15,0.0014253082150938177,-0.008589331256594418,-2.7579705904923157,-3.6041306604466983,10642,MARUTI,1.5,1.0,10
-3.6850757464194497,-0.5055064817199463,0.4175906784439015,1358,0.6509572901325479,3.272459499263623,28,0.002240744151223399,-0.013021105576084189,-1.6281346278787063,-2.5630515855037146,10642,MARUTI,1.5,1.0,20
-1.747492195916397,-0.30731991777787593,0.4364781056192445,677,0.7134416543574594,6.861152141802068,62,0.0042541548436627035,-0.02151657604480339,-0.9217363737864289,-1.1977225894163426,10642,MARUTI,1.5,1.0,50
-0.7569375807422273,-0.15639208581110264,0.42736327757940235,357,0.711484593837535,12.733893557422968,97,0.006658326408873326,-0.02523259992349125,-0.23441924603372016,-0.6733236382320544,10642,MARUTI,1.5,1.0,100
-9.957224043780224,-0.82503344670196,0.34157113324563054,2739,0.08543263964950712,1.3271266885724717,9,0.0008363611259014342,-0.0042771119613816515,-4.897627899171053,-5.620829060629047,10642,MARUTI,1.5,1.5,10
-7.834690438400989,-0.7647639954773789,0.33339597819958655,2019,0.05894006934125805,1.757305596830114,15,0.0007227886735499204,-0.004624769588837722,-4.034438666612534,-4.6666117000266985,10642,MARUTI,1.5,1.5,20
-5.235746898085421,-0.638899873775631,0.32522082315354256,1349,0.04670126019273536,2.5656041512231282,33,0.0006215407801748891,-0.004754578781093138,-3.039651337713246,-3.035579905621511,10642,MARUTI,1.5,1.5,50
-3.714336343956915,-0.513701505100072,0.3169517008081188,936,0.045940170940170943,3.6036324786324787,50,0.0005766783723176812,-0.004811220196442275,-2.026716920676985,-2.2449055447363073,10642,MARUTI,1.5,1.5,100
-2.312642762737499,-0.383560724843193,0.5467957150911483,1112,0.6465827338129496,5.232913669064748,28,0.0049149491597439135,-0.016185249188073958,-0.9221608050402343,-1.904793680016957,10642,MARUTI,2.0,0.0,10
-1.6730708683885478,-0.3109465914624642,0.5910543130990416,603,0.6683250414593698,10.431177446102819,62,0.007396111078436962,-0.025692811734405137,-0.6296149900762039,-1.5283145921947279,10642,MARUTI,2.0,0.0,20
-0.801607931154469,-0.1822067862299425,0.6038338658146964,245,0.6163265306122448,26.228571428571428,182,0.012185647246542333,-0.030843932160680137,-0.40220769368351783,-0.657089195192523,10642,MARUTI,2.0,0.0,50
-0.41364514187303725,-0.11247272495245042,0.6007329449351626,114,0.6228070175438597,55.666666666666664,217,0.020645805589347706,-0.04629580373444327,-0.165494563762614,-0.35937279997475907,10642,MARUTI,2.0,0.0,100
-2.7328318743691202,-0.41871839292277635,0.4960533734260477,1219,0.6431501230516817,4.330598851517637,28,0.004180501543850139,-0.01489695260265371,-0.9825293865646252,-2.2201317852112297,10642,MARUTI,2.0,0.3,10
-1.757778031462167,-0.31012633860162775,0.5190753617741026,672,0.6830357142857143,8.220238095238095,58,0.006302544060813985,-0.0237208213831622,-0.6429070823138915,-1.5167601483860373,10642,MARUTI,2.0,0.3,20
-0.9431812093210137,-0.19822488796341511,0.5228340537492953,269,0.6245353159851301,20.684014869888475,97,0.0108705557299589,-0.029902924943317997,-0.4552450891650289,-0.7386969674769941,10642,MARUTI,2.0,0.3,50
-0.5092380743896046,-0.1233480376280442,0.5360834429618493,127,0.6220472440944882,44.55118110236221,185,0.018099900198832668,-0.04304871821639242,-0.15777892995803053,-0.4786674287210247,10642,MARUTI,2.0,0.3,100
-3.2587862184909966,-0.45612708757684356,0.43845141890622064,1339,0.6228528752800597,3.484690067214339,24,0.003491932453746267,-0.012917981682682867,-1.3050177900333284,-2.3062912932971327,10642,MARUTI,2.0,0.6,10
-1.8909550479909027,-0.30915246232454413,0.43929712460063897,763,0.6671035386631717,6.127129750982962,35,0.005265221796821683,-0.019040019220575976,-0.6485248120088916,-1.5076421754351692,10642,MARUTI,2.0,0.6,20
-1.2041249825465674,-0.22846498132418364,0.4483179853411013,297,0.6296296296296297,16.063973063973062,90,0.008801396862751125,-0.028072551007346756,-0.6306423507872441,-0.8114770466864383,10642,MARUTI,2.0,0.6,50
-0.40278396094795565,-0.09483114136747514,0.446438639353505,147,0.673469387755102,32.31972789115646,182,0.014687553442988152,-0.0402311635277105,-0.03498475935608898,-0.442043299118188,10642,MARUTI,2.0,0.6,100
-4.102636789838905,-0.5016251536151495,0.3566998684457809,1544,0.5932642487046632,2.4585492227979273,15,0.002622310153695635,-0.010449452762703924,-1.6154792322942175,-2.544741001898646,10642,MARUTI,2.0,1.0,10
-2.61256230956228,-0.3681643357339396,0.34532982522082317,885,0.6542372881355932,4.1525423728813555,27,0.0037714766064313424,-0.015996688908194195,-1.0024749854701958,-1.7088268653134806,10642,MARUTI,2.0,1.0,20
-1.4121197861436605,-0.23151753781758933,0.34946438639353505,369,0.6368563685636857,10.07859078590786,63,0.006631379425900772,-0.022908340480075347,-0.6623188593781335,-0.8490245998652817,10642,MARUTI,2.0,1.0,50
-0.3384109436956591,-0.07474304950155584,0.3332080436008269,194,0.6958762886597938,18.278350515463917,90,0.011348744459727287,-0.03219164346803342,-0.1088927974177254,-0.25833366513306294,10642,MARUTI,2.0,1.0,100
-5.684479193749696,-0.5828683653137015,0.26282653636534486,1867,0.46491697911087304,1.4981253347616497,9,0.0011888984032828811,-0.006294833670267434,-2.2635821162653675,-2.9929929062822573,10642,MARUTI,2.0,1.5,10
-4.122118592086746,-0.4722588692654002,0.2535237737267431,1154,0.6109185441941074,2.337954939341421,15,0.0017894368881173142,-0.011309859246414887,-1.5631266828701746,-2.253447112647403,10642,MARUTI,2.0,1.5,20
-1.8056434998026776,-0.2530138854039636,0.24177786130426612,570,0.6701754385964912,4.514035087719298,33,0.003769805574225518,-0.016638525552476007,-0.8264540437380022,-0.8615230307733388,10642,MARUTI,2.0,1.5,50
-0.9162773017218592,-0.14349549795866115,0.23068971997744786,286,0.6608391608391608,8.583916083916083,49,0.006548435924994395,-0.02173169872988932,-0.48339872869748735,-0.38692165827783626,10642,MARUTI,2.0,1.5,100
-2.1262514413612488,-0.35648735604356646,0.534204096974253,1077,0.6555246053853296,5.278551532033426,28,0.0050789888044535545,-0.01658230527159507,-0.8366086661971551,-1.7296604936204067,10642,MARUTI,2.1,0.0,10
-1.602254543028996,-0.2969719697393275,0.5732005262168766,576,0.6579861111111112,10.590277777777779,62,0.007768038074069322,-0.025296157742149075,-0.5806261836038822,-1.4586304615272123,10642,MARUTI,2.1,0.0,20
-0.7602206954259085,-0.17274464836200443,0.5876714903213681,236,0.614406779661017,26.5,182,0.0124260855529244,-0.030701508520030382,-0.39646762722592704,-0.5955872429227999,10642,MARUTI,2.1,0.0,50
-0.4798007213141107,-0.12402307853755656,0.5755497087013719,104,0.6153846153846154,58.44230769230769,217,0.02077695955044881,-0.04851786018262011,-0.24818677003515266,-0.36280222604092827,10642,MARUTI,2.1,0.0,100
-2.6492424259821257,-0.4044860404638833,0.4842134937041909,1166,0.6423670668953688,4.419382504288165,28,0.004318131053492976,-0.015084663071950373,-0.9830950944299868,-2.0729292475070795,10642,MARUTI,2.1,0.3,10
-1.7618660230943908,-0.3064057238377869,0.5028190189813945,628,0.6719745222929936,8.520700636942674,58,0.0065799650772144025,-0.023821629281716186,-0.6163775878571377,-1.5141327815919192,10642,MARUTI,2.1,0.3,20
-0.9421722027509069,-0.19588272684549723,0.5092087953392219,254,0.6062992125984252,21.334645669291337,97,0.011239490620500973,-0.02909050585293524,-0.4523924535137154,-0.725776576222659,10642,MARUTI,2.1,0.3,50
-0.561325877461056,-0.13116616712708307,0.5115579778237174,116,0.5948275862068966,46.525862068965516,184,0.018828304514443634,-0.04249445407317127,-0.24963403794546957,-0.448452291996969,10642,MARUTI,2.1,0.3,100
-3.096836823197038,-0.4341809105207613,0.42501409509490695,1277,0.6256851996867658,3.5418950665622555,24,0.0036474140254421886,-0.01315267853338928,-1.247587871634593,-2.1251086609971743,10642,MARUTI,2.1,0.6,10
-1.8395790852730447,-0.2978700887179527,0.4225709453110318,707,0.6492220650636492,6.36067892503536,35,0.005649362901218893,-0.01876667842600817,-0.5863786913982815,-1.4746999865922732,10642,MARUTI,2.1,0.6,20
-1.165166586639101,-0.22020548886430164,0.43262544634467204,278,0.6223021582733813,16.56115107913669,90,0.009218487239939939,-0.02831867835796305,-0.6202888356658578,-0.7583740994106537,10642,MARUTI,2.1,0.6,50
-0.5603560976349965,-0.12031645803468298,0.4206915993234354,128,0.6484375,34.9765625,181,0.014425805982296728,-0.04124903334928983,-0.2750082207572128,-0.38385638343020073,10642,MARUTI,2.1,0.6,100
-3.872220295883652,-0.4750261241555945,0.34335651193384703,1453,0.5932553337921541,2.514796971782519,14,0.002828289092236202,-0.010633537440960659,-1.4810468818488092,-2.3653885482513335,10642,MARUTI,2.1,1.0,10
-2.471421626076087,-0.3475558102900709,0.3303890246194324,812,0.6416256157635468,4.330049261083744,27,0.0041635654271798455,-0.016109553744383196,-0.9346532669121009,-1.5840092851427092,10642,MARUTI,2.1,1.0,20
-1.424681494107115,-0.22880462962993042,0.3353692914865627,329,0.6261398176291794,10.848024316109422,62,0.006870382099267229,-0.02364288850872854,-0.648409998960211,-0.8443665751643503,10642,MARUTI,2.1,1.0,50
-0.32617175672182785,-0.07100294470127938,0.30858861116331515,171,0.6783625730994152,19.204678362573098,88,0.012413038880350077,-0.032527580239139604,-0.21127968278700526,-0.13782472024506381,10642,MARUTI,2.1,1.0,100
-5.258178024668662,-0.5454132871372328,0.25089268934410824,1727,0.521713954834974,1.5460335842501447,9,0.001377945859527662,-0.007236072966374824,-2.0191102547744215,-2.716356796016761,10642,MARUTI,2.1,1.5,10
-3.796707042496497,-0.43661433951966183,0.24018041721480923,1030,0.6184466019417476,2.4815533980582525,15,0.0021516182544294702,-0.012196342847508122,-1.3918300444672873,-2.0307518665318316,10642,MARUTI,2.1,1.5,20
-1.7541386746695875,-0.2403914752474872,0.22514564931403871,477,0.6519916142557652,5.023060796645702,33,0.004210042252351981,-0.017467974347922795,-0.783856948059341,-0.806503653214377,10642,MARUTI,2.1,1.5,50
-0.866012743388398,-0.13212489844205433,0.21565495207667731,240,0.675,9.5625,49,0.007034501874772172,-0.024803730170029202,-0.4810266327605997,-0.3140750167885863,10642,MARUTI,2.1,1.5,100
-2.0229385092091725,-0.3300689848945566,0.47904529223830106,903,0.6434108527131783,5.64562569213732,28,0.005509127781554415,-0.0171766797432793,-0.7537121196053976,-1.576375516647422,10642,MARUTI,2.5,0.0,10
-1.6066964206268513,-0.2857065140410695,0.5102424356323999,470,0.6191489361702127,11.553191489361701,63,0.00851532524496679,-0.024762689524928893,-0.6273840057219983,-1.327177772954938,10642,MARUTI,2.5,0.0,20
-0.5186118636101733,-0.12101116383274983,0.5131554219131742,188,0.6063829787234043,29.04787234042553,182,0.014918386807380314,-0.031585405600369945,-0.3151402436881749,-0.3214836746978449,10642,MARUTI,2.5,0.0,50
-0.548801161230837,-0.12643757311697607,0.4868445780868258,78,0.5384615384615384,65.85897435897436,217,0.025054071377235244,-0.0475093654456878,-0.40494520381457266,-0.2531209543863076,10642,MARUTI,2.5,0.0,100
-2.4704708179331,-0.36940201867025546,0.43243751174591244,959,0.6152241918665277,4.798748696558915,28,0.004941270516346464,-0.015259997663918182,-0.8093986646375195,-1.906190868703876,10642,MARUTI,2.5,0.3,10
-1.682173187450025,-0.28314050869131974,0.44145837248637476,500,0.636,9.396,59,0.0075515707636751965,-0.023851947565278406,-0.6303121007492516,-1.3093428532827054,10642,MARUTI,2.5,0.3,20
-0.6874092823038145,-0.14386292392208191,0.4425859800789325,199,0.6130653266331658,23.668341708542712,95,0.013119035352437063,-0.0313276909700096,-0.36482144422249874,-0.4468884474709191,10642,MARUTI,2.5,0.3,50
-0.6237420873021866,-0.13119316468150885,0.4375117459124225,87,0.5632183908045977,53.01149425287356,183,0.020266598217550034,-0.045254386060690835,-0.3667883019065273,-0.35981505573977296,10642,MARUTI,2.5,0.3,100
-2.778255703403862,-0.38521986016928056,0.3748355572260853,1028,0.6060311284046692,3.880350194552529,24,0.004277978512866881,-0.01367976237738589,-1.019288379085722,-1.8558347702394973,10642,MARUTI,2.5,0.6,10
-1.6508871670482241,-0.2612425409738056,0.3648750234918248,553,0.6473779385171791,7.021699819168173,35,0.006383125560216194,-0.020759460877285696,-0.597752316124236,-1.1651836043890769,10642,MARUTI,2.5,0.6,20
-0.8480715697321016,-0.15823806214696692,0.36421725239616615,210,0.6047619047619047,18.457142857142856,90,0.011283850613116084,-0.028484569502546412,-0.46516041393897883,-0.4660098269066305,10642,MARUTI,2.5,0.6,50
-0.5834722613211425,-0.1136667540220902,0.3473971058071791,93,0.5591397849462365,39.75268817204301,180,0.018053207003736225,-0.03845904697258578,-0.35189763049264366,-0.28615653118909,10642,MARUTI,2.5,0.6,100
-3.269540954212328,-0.40065842695463516,0.29176846457432815,1116,0.5878136200716846,2.782258064516129,14,0.003536419253695737,-0.011673987535110206,-1.0919924317060234,-1.9581508040202684,10642,MARUTI,2.5,1.0,10
-2.0950316578809582,-0.2884779162771845,0.2767336966735576,605,0.6165289256198347,4.867768595041323,28,0.005179266313038957,-0.016958008107966303,-0.7581886969346565,-1.2442028493499946,10642,MARUTI,2.5,1.0,20
-1.1214475910185904,-0.16880621304450252,0.2794587483555723,230,0.5608695652173913,12.930434782608696,56,0.009344973319832446,-0.022354045165455375,-0.4675838912456247,-0.5846731122069828,10642,MARUTI,2.5,1.0,50
-0.5948101948181437,-0.10287169591398904,0.24121405750798722,106,0.6226415094339622,24.21698113207547,85,0.013447809697061023,-0.0367268566064254,-0.3299957172996951,-0.2515231069512935,10642,MARUTI,2.5,1.0,100
-3.9551682759723334,-0.42398263162610844,0.20475474534861868,1265,0.5675889328063242,1.7225296442687748,9,0.0023024768596622233,-0.009063488099911502,-1.2811547339293745,-2.0233948714847414,10642,MARUTI,2.5,1.5,10
-2.8557055193871617,-0.3264584763197135,0.19441834241683895,695,0.6,2.976978417266187,14,0.0033902910878934223,-0.013529634725491974,-0.936037451830757,-1.411449618204455,10642,MARUTI,2.5,1.5,20
-1.4237239644803052,-0.17794454270835375,0.17750422852847209,282,0.5780141843971631,6.698581560283688,33,0.006502124697718617,-0.018399728212460005,-0.5775831725065534,-0.5521381590480522,10642,MARUTI,2.5,1.5,50
-0.9222591559205647,-0.12207948368853931,0.16378500281901898,127,0.5905511811023622,13.724409448818898,49,0.008560628450095817,-0.026572243388666265,-0.4140860989127963,-0.3256234235406634,10642,MARUTI,2.5,1.5,100
-2.065897131521647,-0.3194571931362044,0.4073482428115016,711,0.6258790436005626,6.09704641350211,28,0.005803055413515937,-0.01813951932542923,-0.8725626891365514,-1.3701897924130308,10642,MARUTI,3.0,0.0,10
-1.5587400608708701,-0.26057475531889923,0.4344108250328886,356,0.5842696629213483,12.985955056179776,63,0.009103741749636489,-0.024684384354103195,-0.4481240416760213,-1.3115865588068611,10642,MARUTI,3.0,0.0,20
-0.44994319356803514,-0.09826790267298575,0.3837624506671678,129,0.5891472868217055,31.65891472868217,100,0.016256592184515417,-0.0331754907931398,-0.47648689737145034,-0.046313108641787365,10642,MARUTI,3.0,0.0,50
-0.31470445105604494,-0.07486118817311241,0.3860176658522834,60,0.5166666666666667,67.75,215,0.027550505557662565,-0.04141526593740548,-0.28829756154088726,-0.05867947835633213,10642,MARUTI,3.0,0.0,100
-2.3320858545077865,-0.33603022954170064,0.3645931215936854,751,0.6045272969374168,5.166444740346205,28,0.005317648037989184,-0.016238722063102413,-0.8295421728875444,-1.5791460706067821,10642,MARUTI,3.0,0.3,10
-1.4720997617685758,-0.23567275906074606,0.36675436947942114,372,0.5994623655913979,10.491935483870968,59,0.008511868591288933,-0.023225274654462093,-0.394309500265151,-1.168109727392269,10642,MARUTI,3.0,0.3,20
-0.6436755295078844,-0.12449886794503058,0.33123473031385076,134,0.5597014925373134,26.30597014925373,90,0.015178848667399363,-0.031161698559219565,-0.5334245113793017,-0.16670205355970036,10642,MARUTI,3.0,0.3,50
-0.39607717702956,-0.08268746456581615,0.3374365720729186,64,0.546875,55.4375,165,0.021423392062180923,-0.040841586825966884,-0.2882838769413136,-0.14630341883539377,10642,MARUTI,3.0,0.3,100
-2.5548196467062536,-0.34387272385353057,0.31338094343168577,789,0.6070975918884665,4.226869455006337,23,0.004527877683327655,-0.015024000743667896,-0.9412247560806819,-1.5473620641424195,10642,MARUTI,3.0,0.6,10
-1.509996120675518,-0.22299932909427544,0.2927081375681263,391,0.59846547314578,7.966751918158568,35,0.0075509115494111845,-0.02060867633729765,-0.4982698085745628,-0.9703790738189522,10642,MARUTI,3.0,0.6,20
-0.7160520892069889,-0.12517922434178697,0.2623566998684458,138,0.5507246376811594,20.231884057971016,73,0.014208299997321342,-0.029040486622967234,-0.5430609409489243,-0.1776184298786222,10642,MARUTI,3.0,0.6,50
-0.23853140586828103,-0.05031923648581853,0.25624882540875776,68,0.5735294117647058,40.10294117647059,114,0.019879080350812626,-0.03547186576314255,-0.21289423284584014,-0.04050574060360135,10642,MARUTI,3.0,0.6,100
-2.8520657716584954,-0.3353836101498086,0.23613982334147718,829,0.5838359469240049,3.0313630880579012,14,0.003924359525961236,-0.0125482215341741,-0.8856107037906272,-1.5441357149341988,10642,MARUTI,3.0,1.0,10
-1.847520804065492,-0.23688382771297373,0.21725239616613418,414,0.5942028985507246,5.584541062801932,28,0.006130950518647361,-0.018441020440745054,-0.5703396814571852,-1.0195379250007335,10642,MARUTI,3.0,1.0,20
-0.7340990502344322,-0.10309613126149789,0.1900958466453674,144,0.5416666666666666,14.04861111111111,56,0.011811556269581053,-0.023150176496333028,-0.3004495104709642,-0.3061607492596936,10642,MARUTI,3.0,1.0,50
-0.3837922198605602,-0.06488534201492356,0.18257846269498215,72,0.5972222222222222,26.98611111111111,85,0.017152938191683408,-0.03745524860575784,-0.3220774595421584,-0.026548407782432493,10642,MARUTI,3.0,1.0,100
-3.3349914392859215,-0.3462532294802673,0.15955647434692727,887,0.5456595264937993,1.9143179255918827,9,0.0029157581494684472,-0.009808763990039746,-0.9621102982487786,-1.5795946453945113,10642,MARUTI,3.0,1.5,10
-2.3122927416176133,-0.24582770616660843,0.14687088893065214,444,0.5608108108108109,3.52027027027027,14,0.004797205201433197,-0.014714165512343755,-0.7149083630195152,-0.959849816730651,10642,MARUTI,3.0,1.5,20
-0.9217228439181753,-0.10566910110877865,0.11567374553655328,156,0.5833333333333334,7.891025641025641,30,0.0084728208067142,-0.02163465687968896,-0.3578197583679798,-0.2774062454008104,10642,MARUTI,3.0,1.5,50
-0.5320465295231283,-0.06658546003603612,0.11764705882352941,78,0.5641025641025641,16.05128205128205,42,0.01296821169536498,-0.02796210541602143,-0.2502587643801961,-0.12985150516847319,10642,MARUTI,3.0,1.5,100
-3.0163902553865105,-0.4276734219409873,0.6381319300883292,1653,0.6491228070175439,4.1082879612825165,44,0.0026107130774501936,-0.010523185760349515,-1.0411413080198648,-2.2610113008787964,10642,HINDUNILVR,1.0,0.0,10
-1.1795372646997984,-0.21448355589852924,0.6949821462131178,1072,0.7210820895522388,6.882462686567164,57,0.004009699091664395,-0.01488990718334908,-0.25360831708972,-1.0989765328750787,10642,HINDUNILVR,1.0,0.0,20
-0.38420053330893944,-0.0943827132104464,0.7638601766585228,528,0.7803030303030303,15.263257575757576,146,0.006651652307001744,-0.02754647139125129,0.3467852156208096,-0.8016951465212415,10642,HINDUNILVR,1.0,0.0,50
-0.6949700240350809,-0.15413721976517653,0.7779552715654952,239,0.702928870292887,34.34728033472803,257,0.009585482098270839,-0.03499288937976136,0.27126124620721753,-1.1453953996607735,10642,HINDUNILVR,1.0,0.0,100
-3.925883569509317,-0.5026960383190969,0.5885171960157866,1952,0.6367827868852459,3.2079918032786887,44,0.0018775478363641674,-0.009175808075602672,-1.4942276144048676,-2.677628350596767,10642,HINDUNILVR,1.0,0.3,10
-1.784221128040163,-0.2901306147298793,0.6325878594249201,1326,0.6968325791855203,5.076923076923077,55,0.002883818770497181,-0.011572167304390415,-0.5380845038825881,-1.4492782085429625,10642,HINDUNILVR,1.0,0.3,20
-0.6323123412244428,-0.13316567419301398,0.6950761135124977,700,0.7885714285714286,10.51,131,0.00481079832122541,-0.022989194152444697,0.12289975513558733,-0.8697398163809762,10642,HINDUNILVR,1.0,0.3,50
-0.8042480479413564,-0.16615989949040033,0.7115203909039655,325,0.7538461538461538,23.083076923076923,223,0.006589077218268721,-0.03240066891089849,0.2137812045449042,-1.1915107989409464,10642,HINDUNILVR,1.0,0.3,100
-5.336957075579571,-0.598267664393878,0.5322307836872768,2324,0.5602409638554217,2.4367469879518073,29,0.0011196299346912266,-0.006791358678895752,-2.1766752943089975,-3.3063351005544837,10642,HINDUNILVR,1.0,0.6,10
-2.931776034422,-0.4117235221283848,0.5675624882540876,1719,0.6695753344968005,3.513670738801629,44,0.0017077284656798427,-0.008982156587195787,-1.1488820787429688,-1.9873873987867396,10642,HINDUNILVR,1.0,0.6,20
-1.28979017229467,-0.23227069405074072,0.6229092275887991,992,0.7913306451612904,6.662298387096774,123,0.002804987873846049,-0.017862217250196852,-0.2422695142401038,-1.2532939755814962,10642,HINDUNILVR,1.0,0.6,50
-1.0585724601249795,-0.20119663788908324,0.6507235482052246,500,0.782,13.71,169,0.004028877345339576,-0.025817917506916605,0.034265461578324066,-1.2731274278044602,10642,HINDUNILVR,1.0,0.6,100
-9.018799493457651,-0.778981790642306,0.4650441646307085,2970,0.1063973063973064,1.665993265993266,11,0.0008736166858129106,-0.0035368965647765444,-4.1571540242110565,-4.953706585989012,10642,HINDUNILVR,1.0,1.0,10
-7.0642580892276765,-0.7109959801103,0.4931403871452734,2434,0.07600657354149548,2.1561216105176664,36,0.0006160812234562588,-0.0033684706084372747,-3.2812958568518553,-4.180419515184169,10642,HINDUNILVR,1.0,1.0,20
-4.8915392427414925,-0.6066231340741502,0.5308212741965795,1816,0.04955947136563876,3.11068281938326,51,0.0004731226319007287,-0.0032532757221247835,-2.2783896095633533,-3.2941832499529577,10642,HINDUNILVR,1.0,1.0,50
-3.701708560825378,-0.5071573033338951,0.5516820146588987,1237,0.041228779304769606,4.71301535974131,128,0.00048706049926399336,-0.003547818031143377,-1.5757311444147675,-2.6071409550588136,10642,HINDUNILVR,1.0,1.0,100
-16.755204589911074,-0.9468203242905802,0.4024619432437512,3622,0.009939260077305357,1.1822197680839315,8,0.0010127616115319427,-0.0049601759554838655,-8.523096394271457,-9.227635164078535,10642,HINDUNILVR,1.0,1.5,10
-16.017897096763498,-0.9583364393698767,0.41975192632963726,3196,0.0006257822277847309,1.3976846057571966,13,0.00047806224629972814,-0.006011811453457746,-8.832489459598508,-10.368280198252933,10642,HINDUNILVR,1.0,1.5,20
-16.74191137534493,-0.9778108470249522,0.441834241683894,2810,0.0,1.6733096085409254,28,,-0.00817960579047284,-10.099915642241132,-12.88477662898755,10642,HINDUNILVR,1.0,1.5,50
-17.123402873441183,-0.9880270258359403,0.44559293365908664,2400,0.0,1.9758333333333333,55,,-0.011122888460915657,-10.746698871259582,-15.948233434937997,10642,HINDUNILVR,1.0,1.5,100
-1.787604657014437,-0.2725804221965801,0.5887051306145461,1368,0.6703216374269005,4.579678362573099,44,0.0035890672579511748,-0.011405358148747931,-0.45740641907014346,-1.3952354304739454,10642,HINDUNILVR,1.5,0.0,10
-0.6266049988650078,-0.1194334481605017,0.6242247697801165,815,0.7177914110429447,8.128834355828221,57,0.005336398623997335,-0.016485631248959617,0.03701149729512901,-0.706913489517401,10642,HINDUNILVR,1.5,0.0,20
-0.15584016117388852,-0.0478964786304999,0.6684833677880098,369,0.7479674796747967,19.089430894308943,146,0.009374079924018001,-0.029533311719251207,0.37847446874861984,-0.5378263996100142,10642,HINDUNILVR,1.5,0.0,50
-0.34928606378464555,-0.08645832217840416,0.709735012215749,177,0.6779661016949152,42.27683615819209,255,0.013690815396543994,-0.036001119219525334,0.5152663442932878,-0.9244322922209519,10642,HINDUNILVR,1.5,0.0,100
-2.3706538750124513,-0.329657904590358,0.5365532794587483,1548,0.6524547803617571,3.6886304909560725,44,0.0029883678598018105,-0.010002837712884046,-0.7207834285661131,-1.642491722565675,10642,HINDUNILVR,1.5,0.3,10
-0.738088227362443,-0.1301766459267567,0.5584476602142454,965,0.7119170984455958,6.1585492227979275,55,0.004400812651279444,-0.013620703795642656,-0.03201104911493971,-0.7311863146447403,10642,HINDUNILVR,1.5,0.3,20
-0.33023686448024653,-0.0752631908188856,0.5985716970494268,433,0.7528868360277137,14.630484988452656,131,0.007605964243881648,-0.026619185115611538,0.21442292099165675,-0.5831313848566737,10642,HINDUNILVR,1.5,0.3,50
-0.2906787835113352,-0.07139135997556763,0.6337154670174779,220,0.7136363636363636,30.336363636363636,218,0.011511717897789332,-0.033844910861684716,0.5773041195955718,-0.9021937939287837,10642,HINDUNILVR,1.5,0.3,100
-2.97205059603428,-0.3758646466960934,0.4752866002631084,1792,0.6383928571428571,2.822544642857143,28,0.0022757064287138597,-0.008354379364590233,-0.9307028612496768,-1.8795268125561377,10642,HINDUNILVR,1.5,0.6,10
-1.113472063633823,-0.17393598830627907,0.4897575643676001,1148,0.7073170731707317,4.54006968641115,42,0.0034524599243662118,-0.01157681142834625,-0.20610271511451078,-0.8803084662244656,10642,HINDUNILVR,1.5,0.6,20
-0.40508283459152533,-0.0832052777695569,0.522458184551776,559,0.7638640429338104,9.914132379248658,123,0.005858790408187358,-0.022223096049920038,0.15611163661122615,-0.5878568109046692,10642,HINDUNILVR,1.5,0.6,50
-0.37077952564385963,-0.07998156319780672,0.5549708701371923,273,0.7472527472527473,21.377289377289376,169,0.00889138969622578,-0.03199543001091642,0.3693242502866909,-0.7631654230098646,10642,HINDUNILVR,1.5,0.6,100
-4.7777067028760545,-0.5035368995768812,0.396448036083443,2187,0.5697302240512117,1.9291266575217192,10,0.0012835287246521802,-0.0061683451757649456,-1.6923608826302257,-2.512775136847972,10642,HINDUNILVR,1.5,1.0,10
-2.7268580887284335,-0.3439958732214213,0.40819394850591995,1491,0.6720321931589537,2.913480885311871,36,0.0019378421185749718,-0.009083688240259067,-0.911824795469832,-1.58838095120473,10642,HINDUNILVR,1.5,1.0,20
-0.9010667327492836,-0.1469215705739979,0.42294681450855104,833,0.7671068427370948,5.4033613445378155,51,0.0033031436688362955,-0.015483784957263682,-0.1914666482958877,-0.7016788290268741,10642,HINDUNILVR,1.5,1.0,50
-0.4635538186058305,-0.08555864696623033,0.4404247321931968,440,0.7704545454545455,10.561363636363636,128,0.005198356705034963,-0.021922649601088837,0.13348178610005687,-0.5854264728031777,10642,HINDUNILVR,1.5,1.0,100
-9.432110472193909,-0.7440771082441144,0.32390528096222515,2747,0.08081543502002184,1.2548234437568255,8,0.0008764033340269715,-0.003337070959313978,-3.7088257473721216,-4.522716884741684,10642,HINDUNILVR,1.5,1.5,10
-7.321228293829797,-0.6717344826490229,0.3235294117647059,2142,0.05648926237161531,1.6073762838468721,12,0.0006116144965266331,-0.003357502291567624,-2.8670704663295066,-3.8444363108489394,10642,HINDUNILVR,1.5,1.5,20
-5.224251970908251,-0.5612460793915838,0.3248449539560233,1537,0.03383214053350683,2.2491867273910215,28,0.00044190915047098597,-0.0033416587213460918,-2.02561480524549,-2.9137691201289653,10642,HINDUNILVR,1.5,1.5,50
-3.7953544538705404,-0.4560857148472543,0.32653636534485997,1107,0.028003613369467027,3.139114724480578,55,0.0004153455641495881,-0.0033852766972265504,-1.4214348618589765,-2.2082471518681546,10642,HINDUNILVR,1.5,1.5,100
-0.9912251762280088,-0.15770782127261973,0.518417590678444,1127,0.6770186335403726,4.895297249334517,44,0.004382806012909866,-0.011852857508058359,-0.10839520166650068,-0.8619639434165136,10642,HINDUNILVR,2.0,0.0,10
-0.19615028633219428,-0.045979573656792484,0.5470776169892877,641,0.6973478939157566,9.054602184087363,57,0.006775998675607034,-0.016617469671000442,0.12956594372302,-0.32448365190076073,10642,HINDUNILVR,2.0,0.0,20
-0.2387336300589604,-0.057813136043889206,0.5723548205224582,264,0.6931818181818182,22.806818181818183,144,0.011511468726923657,-0.028954362243216382,0.36871859825914666,-0.6074231629326443,10642,HINDUNILVR,2.0,0.0,50
-0.5661138996924082,-0.1171199404305527,0.6246006389776357,123,0.6260162601626016,53.47154471544715,254,0.014025341417031916,-0.03730669744945474,0.22792372048888954,-0.8640805140523501,10642,HINDUNILVR,2.0,0.0,100
-1.5614106364939178,-0.22130047332359382,0.47068220259349747,1217,0.657354149548069,4.115858668857848,44,0.0037357971502758104,-0.010668891479102946,-0.2862299995218316,-1.1740600270434483,10642,HINDUNILVR,2.0,0.3,10
-0.29725939107011623,-0.05762087493765518,0.47716594625070474,711,0.7088607594936709,7.142053445850914,55,0.005642274509799088,-0.01512279332783868,0.0839413900180967,-0.3706532559419634,10642,HINDUNILVR,2.0,0.3,20
-0.404543576024217,-0.08117680987503374,0.5088329261417027,292,0.7054794520547946,18.482876712328768,129,0.009639723994157044,-0.028045980692940984,0.26084315125504975,-0.6870143480516229,10642,HINDUNILVR,2.0,0.3,50
-0.4594704905320852,-0.09405875514435219,0.547453486186807,144,0.6388888888888888,39.97222222222222,218,0.013758283708314745,-0.033726661421550744,0.37828819827222565,-0.8663124910279076,10642,HINDUNILVR,2.0,0.3,100
-1.7177682655209614,-0.2262474020953286,0.4051869949257658,1355,0.6501845018450184,3.1822878228782288,28,0.003174310494317199,-0.0090901337626967,-0.36625206785523845,-1.1459037901695452,10642,HINDUNILVR,2.0,0.6,10
-0.4425281335748514,-0.0730819208428181,0.4051869949257658,792,0.7108585858585859,5.444444444444445,42,0.004817625358831952,-0.013582989134613312,-0.03288444159798287,-0.36529699320607634,10642,HINDUNILVR,2.0,0.6,20
-0.3915826985924877,-0.07388314468699583,0.4335651193384702,348,0.7126436781609196,13.206896551724139,124,0.008046472192350928,-0.023831074168897556,0.15295946764167462,-0.5405417808284008,10642,HINDUNILVR,2.0,0.6,50
-0.4923272719966273,-0.09288198093710176,0.4673933471152039,161,0.6583850931677019,30.459627329192546,168,0.01230025241672888,-0.032697945363031895,0.14778682244937863,-0.642347061242872,10642,HINDUNILVR,2.0,0.6,100
-2.605040531701349,-0.2946364011771847,0.3255966923510618,1560,0.6121794871794872,2.2211538461538463,10,0.002413806094775364,-0.007247392759237438,-0.7041210284606341,-1.3753667703675432,10642,HINDUNILVR,2.0,1.0,10
-1.3623880205985512,-0.17356943049702825,0.3296372862243939,932,0.6706008583690987,3.763948497854077,34,0.0035442454803221346,-0.010827805737745123,-0.3394536046895867,-0.7695293315968326,10642,HINDUNILVR,2.0,1.0,20
-0.42174975411965504,-0.06871329411425177,0.3264423980454802,438,0.726027397260274,7.931506849315069,51,0.0058824378439815694,-0.01874995131113745,0.08061115689914058,-0.4599900798494954,10642,HINDUNILVR,2.0,1.0,50
-0.3625358955732007,-0.06295835203530686,0.34551775981958277,212,0.7028301886792453,17.17924528301887,129,0.008655011988496861,-0.02566057896268126,0.11076286084610762,-0.43778254920899445,10642,HINDUNILVR,2.0,1.0,100
-4.877628251074956,-0.4494650300733343,0.24384514189062206,1843,0.4666304937601736,1.4080303852414542,8,0.001031852496035407,-0.004554724292483005,-1.4991908760544146,-2.090709956865929,10642,HINDUNILVR,2.0,1.5,10
-2.851666025970622,-0.30021837461917,0.23623379064085698,1198,0.6227045075125208,2.0984974958263773,12,0.00165253550632823,-0.007441009770946148,-0.8211887602517915,-1.309356168495008,10642,HINDUNILVR,2.0,1.5,20
-1.3801542222269245,-0.16816055153946594,0.23078368727682766,613,0.6965742251223491,4.006525285481239,27,0.002998625287624747,-0.012671432787243088,-0.29331691468683363,-0.7831565859246138,10642,HINDUNILVR,2.0,1.5,50
-0.5191884624606923,-0.07284870270652004,0.23162939297124602,352,0.7329545454545454,7.002840909090909,55,0.004592716333614221,-0.017011596397412503,-0.02019514812146097,-0.3939740991628455,10642,HINDUNILVR,2.0,1.5,100
-0.9171969687023174,-0.14731861723152734,0.5066716782559669,1084,0.6863468634686347,4.974169741697417,44,0.004458054435677051,-0.012396736205811432,-0.05930793815404439,-0.8387898716781172,10642,HINDUNILVR,2.1,0.0,10
-0.11707463583511529,-0.03273547723716706,0.5309152414959594,610,0.6950819672131148,9.232786885245902,57,0.007063626224782742,-0.016709334648648513,0.18098097210909292,-0.29393969744983406,10642,HINDUNILVR,2.1,0.0,20
-0.3429618828982724,-0.07418176025225975,0.5514940800601391,243,0.6790123456790124,23.864197530864196,144,0.011591344073024057,-0.0289834030197221,0.2623119619179173,-0.6104456254072718,10642,HINDUNILVR,2.1,0.0,50
-0.44828689048810033,-0.09654574777022354,0.6157677128359331,122,0.639344262295082,53.13934426229508,254,0.01463731915533462,-0.03728055760227736,0.2873488315432321,-0.7859824719273356,10642,HINDUNILVR,2.1,0.0,100
-1.4939935319708662,-0.21244551715619223,0.45856042097350125,1163,0.6577815993121238,4.196044711951848,44,0.003839842936817768,-0.010884393461958531,-0.2456614196843107,-1.1488473315095926,10642,HINDUNILVR,2.1,0.3,10
-0.23637408507726115,-0.04777192367825019,0.4623191129486939,671,0.7049180327868853,7.332339791356185,55,0.005889021027940795,-0.015205112556825067,0.13353243308485385,-0.35863777312022027,10642,HINDUNILVR,2.1,0.3,20
-0.513847430216568,-0.09645407556654523,0.4897575643676001,267,0.6816479400749064,19.45318352059925,129,0.009816726504188075,-0.027268292361141446,0.1281540683467868,-0.6593146952815805,10642,HINDUNILVR,2.1,0.3,50
-0.34413377627987063,-0.07445253596117639,0.5373989851531668,141,0.6453900709219859,40.06382978723404,218,0.014437113368455691,-0.03345533753439019,0.46189198427068157,-0.820881544460723,10642,HINDUNILVR,2.1,0.3,100
-1.6339330131677354,-0.21541027983701996,0.39221950761135127,1281,0.6479313036690086,3.258391881342701,28,0.003295959691908805,-0.009239502980903307,-0.337005311929792,-1.0943639881732912,10642,HINDUNILVR,2.1,0.6,10
-0.38539171574222486,-0.06400642973291566,0.38977635782747605,740,0.6972972972972973,5.605405405405405,42,0.005121901390878968,-0.01332024998391966,0.030558088223183594,-0.37139296692764034,10642,HINDUNILVR,2.1,0.6,20
-0.48734846711561214,-0.08637952871774683,0.4144897575643676,315,0.7111111111111111,13.946031746031746,124,0.008103814785795761,-0.025146006409016784,0.03306174075880347,-0.5060938119610803,10642,HINDUNILVR,2.1,0.6,50
-0.3713385024371463,-0.07309017547944834,0.45480172899830856,156,0.6730769230769231,30.576923076923077,168,0.01283370270948381,-0.033612977645765374,0.2210072494046451,-0.5877303248428793,10642,HINDUNILVR,2.1,0.6,100
-2.492870525410648,-0.2820262816768076,0.31206540124036836,1449,0.6169772256728778,2.2919254658385095,10,0.0025049994475389707,-0.00759188113645112,-0.6313525761297765,-1.342671948500755,10642,HINDUNILVR,2.1,1.0,10
-1.3080416633860934,-0.16433154369229017,0.31441458372486375,848,0.6591981132075472,3.9457547169811322,34,0.0037919037554566904,-0.010942817482666355,-0.2659570817846968,-0.7768429714055896,10642,HINDUNILVR,2.1,1.0,20
-0.48131971837200394,-0.07493785211868695,0.30962225145649314,387,0.7209302325581395,8.51421188630491,51,0.006167600449248606,-0.019842270406162352,-0.01948672507780677,-0.4027179534473657,10642,HINDUNILVR,2.1,1.0,50
-0.2138578808445209,-0.04107778866070411,0.3277579402367976,197,0.700507614213198,17.6497461928934,129,0.009556117459403496,-0.02580076959364309,0.20880548365289753,-0.41230668028015766,10642,HINDUNILVR,2.1,1.0,100
-4.334682915948135,-0.40940731738476616,0.22937417778613042,1690,0.5289940828402366,1.444378698224852,8,0.0011758947496256626,-0.005296030936654442,-1.2719990926301532,-1.8923916267814405,10642,HINDUNILVR,2.1,1.5,10
-2.4370658372001226,-0.2586558405111344,0.22063521894380755,1059,0.623229461756374,2.217186024551464,12,0.0020294305038623976,-0.007820363911629723,-0.6302097465270602,-1.1506913216640173,10642,HINDUNILVR,2.1,1.5,20
-1.2664318565062203,-0.15109432201606754,0.21574891937605714,518,0.6911196911196911,4.4324324324324325,27,0.0034169608090338427,-0.013609941355812038,-0.26821183917503066,-0.68610680812078,10642,HINDUNILVR,2.1,1.5,50
-0.33132932609988774,-0.04872155328007449,0.2161247885735764,301,0.7275747508305648,7.641196013289036,55,0.005512885817732686,-0.017911575289848176,0.042447251627146895,-0.30387443131123926,10642,HINDUNILVR,2.1,1.5,100
-0.6822162695546401,-0.10568289642271865,0.44192820898327384,885,0.6779661016949152,5.31412429378531,44,0.004878493941262646,-0.012454887845864756,0.03450679305951418,-0.6570534643733821,10642,HINDUNILVR,2.5,0.0,10
0.06453070388785839,-0.001964431481073341,0.46241308024807365,492,0.693089430894309,9.965447154471544,57,0.008001550285106612,-0.017657610701481263,0.17315170725663215,-0.11092227595894844,10642,HINDUNILVR,2.5,0.0,20
-0.239276750384465,-0.0526923535587305,0.475004698364969,195,0.6461538461538462,25.564102564102566,144,0.013514824044834822,-0.02790352917154835,0.2479440814683881,-0.4704197646560363,10642,HINDUNILVR,2.5,0.0,50
-0.31664643478446886,-0.0669561802078834,0.5070475474534862,96,0.6354166666666666,56.208333333333336,254,0.016715332700773855,-0.039216312937751116,0.2015112479105653,-0.5544469059846492,10642,HINDUNILVR,2.5,0.0,100
-1.2556255738499429,-0.1687673678857845,0.3965420033828228,926,0.6511879049676026,4.557235421166307,44,0.004193938782391722,-0.011173021325073196,-0.09548079928552117,-0.9844600029309134,10642,HINDUNILVR,2.5,0.3,10
-0.010549712783708911,-0.011763645981744612,0.3990791204660778,531,0.7137476459510358,7.998116760828625,55,0.006711400643478313,-0.0168162028989579,0.12851403315105853,-0.14095602991437858,10642,HINDUNILVR,2.5,0.3,20
-0.41769977543981035,-0.07609636638496076,0.4177786130426612,207,0.6328502415458938,21.391304347826086,129,0.011768934588403909,-0.02564550557411197,0.1263005935859316,-0.5336285861375296,10642,HINDUNILVR,2.5,0.3,50
-0.3267348584515195,-0.06250154625514492,0.4333771847397106,106,0.6320754716981132,43.509433962264154,213,0.015136087014018026,-0.03455402113001556,0.2317845517388413,-0.5652735458702401,10642,HINDUNILVR,2.5,0.3,100
-1.3359071126427813,-0.16706152084052334,0.3333020109002067,994,0.6317907444668008,3.5684104627766597,29,0.003763702208417982,-0.009399145344945257,-0.1272969143825834,-0.9491852949808881,10642,HINDUNILVR,2.5,0.6,10
-0.2060143680208525,-0.035237530606959125,0.3308588611163315,564,0.6950354609929078,6.24290780141844,42,0.005880583771880673,-0.0143737635439173,0.10015256877968604,-0.26725105975623714,10642,HINDUNILVR,2.5,0.6,20
-0.4273317199876296,-0.07133817130746825,0.34833677880097724,229,0.6724890829694323,16.109170305676855,124,0.009771478906361252,-0.025176876864131333,0.10985365361502382,-0.49331166684524097,10642,HINDUNILVR,2.5,0.6,50
-0.5724051753647975,-0.09321891071916874,0.36374741589926707,107,0.5794392523364486,36.177570093457945,166,0.013998861292154604,-0.03135179706774501,0.04786412492337791,-0.5907655928583183,10642,HINDUNILVR,2.5,0.6,100
-1.9520674680064332,-0.2115509227386655,0.2542755121217816,1074,0.595903165735568,2.5195530726256985,12,0.0031000644753136305,-0.007825149137599376,-0.28096214601965386,-1.131111315497752,10642,HINDUNILVR,2.5,1.0,10
-0.9336965783683793,-0.11043400305694798,0.2589738770907724,613,0.6606851549755302,4.495921696574225,27,0.00454900905023367,-0.012078156325996459,-0.12299417622006054,-0.5469136742425661,10642,HINDUNILVR,2.5,1.0,20
-0.43919460043950054,-0.06258965679471441,0.2476038338658147,259,0.6756756756756757,10.173745173745173,51,0.007855593098751234,-0.02054566482664724,0.02395522721327245,-0.37506228037017464,10642,HINDUNILVR,2.5,1.0,50
-0.3838439717757694,-0.057002639592942266,0.2559669235106183,121,0.6363636363636364,22.512396694214875,129,0.011174701795579136,-0.026668129963136986,0.09715650605402537,-0.4101021861724592,10642,HINDUNILVR,2.5,1.0,100
-2.9090557369453496,-0.27089366616010563,0.17975944371358768,1199,0.5821517931609674,1.5954962468723937,8,0.001954682538548268,-0.006498121622460688,-0.6498805481241559,-1.2413099728219577,10642,HINDUNILVR,2.5,1.5,10
-1.464292690279227,-0.14250349209601432,0.17393347115203908,709,0.6262341325811002,2.610719322990127,12,0.003145884747633365,-0.008699439320229043,-0.2294468215741511,-0.6791317703373312,10642,HINDUNILVR,2.5,1.5,20
-0.8090976831964586,-0.08960090745133431,0.16660402180041345,310,0.6709677419354839,5.719354838709678,26,0.005392885203401466,-0.016285585218908882,-0.08049622761770273,-0.45891334240349835,10642,HINDUNILVR,2.5,1.5,50
-0.3727809418766768,-0.04706423532880239,0.16575831610599512,156,0.6602564102564102,11.307692307692308,55,0.007306144524677888,-0.019161594921112423,-0.04187721859490992,-0.2211544261822258,10642,HINDUNILVR,2.5,1.5,100
-0.5451905007219486,-0.08015275054878272,0.3672242059763202,684,0.6710526315789473,5.713450292397661,34,0.005411849898811048,-0.013085187689644305,0.14479441509494723,-0.6049225417106451,10642,HINDUNILVR,3.0,0.0,10
-0.031615710610259896,-0.014156564324408398,0.37624506671678254,358,0.6787709497206704,11.153631284916202,57,0.008542891014531874,-0.01831933228407782,0.054634661296697355,-0.08543535743440125,10642,HINDUNILVR,3.0,0.0,20
-0.04489284276786398,-0.018154985849787423,0.373989851531667,145,0.6275862068965518,27.448275862068964,144,0.01469573330112437,-0.025719801572877034,0.33921721609128347,-0.3907747706243253,10642,HINDUNILVR,3.0,0.0,50
-0.11008315466438628,-0.0291137164762637,0.39080999812065403,71,0.6056338028169014,58.57746478873239,250,0.021063731579507215,-0.036920576253497595,0.18915224777538966,-0.3171879249545123,10642,HINDUNILVR,3.0,0.0,100
-0.9637560423522509,-0.12301537372039832,0.32512685585416273,707,0.6407355021216408,4.893917963224894,34,0.00485817860193012,-0.011661011014585,0.08716595782752472,-0.8483078488577709,10642,HINDUNILVR,3.0,0.3,10
-0.09788358026815054,-0.020903999005162786,0.3172336027062582,374,0.6871657754010695,9.026737967914439,55,0.007376280611668347,-0.016872608912833598,0.02331541007164887,-0.10170653567441484,10642,HINDUNILVR,3.0,0.3,20
-0.10994966969374109,-0.02561353643327443,0.3210862619808307,151,0.6490066225165563,22.629139072847682,129,0.012911149743290419,-0.02580468388729287,0.25338711346742543,-0.3557426846514864,10642,HINDUNILVR,3.0,0.3,50
-0.1328483844530259,-0.028707453757832808,0.32785190753617743,74,0.6621621621621622,47.148648648648646,190,0.01740275726958979,-0.039321161579871824,0.21124659567597948,-0.3415405289628752,10642,HINDUNILVR,3.0,0.3,100
-0.9544566767937956,-0.11280538221182519,0.26696109753805675,742,0.6320754716981132,3.8288409703504045,29,0.004326173565246479,-0.00999830224955733,0.045104273745891724,-0.7456653857744449,10642,HINDUNILVR,3.0,0.6,10
-0.10394520341406413,-0.019034659389564824,0.2584100732944935,394,0.682741116751269,6.979695431472082,35,0.0065807450010093626,-0.01475169735195242,0.03293746766100933,-0.10667923138354309,10642,HINDUNILVR,3.0,0.6,20
-0.06274598741148951,-0.01660322439918818,0.26094719037774855,160,0.6625,17.35625,124,0.011914750378280582,-0.02435546542319618,0.24628994194018755,-0.29852153469503884,10642,HINDUNILVR,3.0,0.6,50
-0.30924299756441587,-0.049713001090311126,0.26996805111821087,74,0.6351351351351351,38.82432432432432,166,0.015275366849699656,-0.036557824953824834,0.0906180142160043,-0.3597370460333911,10642,HINDUNILVR,3.0,0.6,100
-1.5214016528190781,-0.1528329075133635,0.2000563803796279,773,0.6093143596377749,2.7542043984476066,12,0.003478625512903897,-0.008678575964717798,-0.11881548901656137,-0.8636818357504779,10642,HINDUNILVR,3.0,1.0,10
-0.6167805202475432,-0.0673327819095525,0.1983649689907912,415,0.6433734939759036,5.086746987951807,24,0.005443328132449054,-0.012449458520585422,-0.10176763962981322,-0.2873836100529317,10642,HINDUNILVR,3.0,1.0,20
-0.1069794984387186,-0.01820823452545834,0.1839879721856794,170,0.6588235294117647,11.51764705882353,51,0.009805644034769457,-0.020315549898453772,0.15180073736426825,-0.23187049958040748,10642,HINDUNILVR,3.0,1.0,50
-0.09647257567888384,-0.016929006883513655,0.17825596692351062,79,0.6329113924050633,24.0126582278481,129,0.01544854364414741,-0.02915281598213697,0.15167533497718966,-0.2246798162517911,10642,HINDUNILVR,3.0,1.0,100
-2.144110500113663,-0.18308934469747445,0.13625258410073293,822,0.5669099756690997,1.7639902676399026,9,0.0026697588489960847,-0.006889740205758038,-0.37385446956529944,-0.8347854200523868,10642,HINDUNILVR,3.0,1.5,10
-0.8665343858220871,-0.07654066426009898,0.12319112948693854,436,0.6330275229357798,3.006880733944954,12,0.004038014585642289,-0.009863652372358889,-0.06731265798763375,-0.3963796959525165,10642,HINDUNILVR,3.0,1.5,20
-0.42413344766981065,-0.04295163190323848,0.11360646495019733,177,0.655367231638418,6.830508474576271,21,0.007413884976493423,-0.018100733362560732,-0.009361407020306627,-0.23477267082266098,10642,HINDUNILVR,3.0,1.5,50
0.005529619707359789,-0.003834918823405226,0.10881413268182673,90,0.6777777777777778,12.866666666666667,49,0.011055626202034543,-0.023434110232646636,0.05833272058498388,-0.0635287190076293,10642,HINDUNILVR,3.0,1.5,100
-3.2582268195763366,-0.4982667736946131,0.653831705484598,1671,0.649311789347696,4.162776780371035,37,0.002828608771703639,-0.01213179385486626,-1.5996551030769068,-2.440535578576272,10648,ASIANPAINT,1.0,0.0,10
-1.6143153060238749,-0.3171339343104376,0.7129977460555973,1094,0.7120658135283364,6.93418647166362,58,0.0043578237182796764,-0.017588611117504087,-0.7616613842570085,-1.3840064412169109,10648,ASIANPAINT,1.0,0.0,20
-0.5933290160555168,-0.15493320294642657,0.7687828700225394,494,0.7449392712550608,16.560728744939272,187,0.007832180843357515,-0.03016920853756863,0.0035606522151135217,-0.9226383775931966,10648,ASIANPAINT,1.0,0.0,50
-0.34219003748725774,-0.10463699401636684,0.7622088655146506,254,0.7716535433070866,31.937007874015748,237,0.011012028695184759,-0.04733036600869264,0.30310645330885055,-0.8899100575568116,10648,ASIANPAINT,1.0,0.0,100
-4.250114796293767,-0.5763580940359375,0.6075319308790383,1933,0.6166580444904294,3.3435075012933266,30,0.002072347392292517,-0.010195343417607399,-2.079790848355165,-3.0047205324792383,10648,ASIANPAINT,1.0,0.3,10
-2.229187459108613,-0.3930474798941079,0.6525169045830203,1333,0.6969242310577645,5.207801950487622,58,0.0031822056397820533,-0.014441755960740732,-1.1271909854744353,-1.7510093833072926,10648,ASIANPAINT,1.0,0.3,20
-0.7222045560863897,-0.17334454322262308,0.7021036814425244,670,0.7761194029850746,11.150746268656716,168,0.005622835402346348,-0.026513656257286147,-0.12193400720799258,-0.9312400221648287,10648,ASIANPAINT,1.0,0.3,50
-0.272936466383465,-0.08592767484756285,0.6851990984222389,356,0.7865168539325843,20.480337078651687,237,0.008239273793166782,-0.036416536888364305,0.28202399862699395,-0.7426841400559818,10648,ASIANPAINT,1.0,0.3,100
-5.766235356192263,-0.6717411897701927,0.5540946656649136,2322,0.5568475452196382,2.5383290267011196,24,0.001229652613996343,-0.008005834617830708,-2.9240719936228046,-3.723990998227724,10648,ASIANPAINT,1.0,0.6,10
-3.3963945001743308,-0.5136477876934052,0.5866829451540195,1687,0.6757557794902194,3.6994665085951395,55,0.001848127579505162,-0.011580931693226585,-1.792705631374156,-2.435198564184901,10648,ASIANPAINT,1.0,0.6,20
-1.4782764884578996,-0.29428935605727274,0.6327948910593538,944,0.7595338983050848,7.132415254237288,72,0.00326321275706848,-0.019105910025745763,-0.6708426119154656,-1.3264754171107223,10648,ASIANPAINT,1.0,0.6,50
-0.6494821423343811,-0.1549031561942822,0.6119459053343351,529,0.8034026465028355,12.30812854442344,202,0.004943873813926802,-0.029348158355695368,0.013207709058353112,-0.96426980713178,10648,ASIANPAINT,1.0,0.6,100
-9.349059981093061,-0.8280772669778987,0.4805597295266717,2983,0.1039222259470332,1.713375796178344,12,0.0008474726563724703,-0.004060633587140326,-4.9417106984288885,-5.649646356521735,10648,ASIANPAINT,1.0,1.0,10
-7.128645817044164,-0.7673374075453003,0.5047896318557475,2438,0.09310910582444627,2.202214930270714,29,0.0006744031193660489,-0.004013414575944679,-3.943398923588597,-4.777171195728995,10648,ASIANPAINT,1.0,1.0,20
-4.707945877265476,-0.6514469741262281,0.5384109691960932,1770,0.08022598870056497,3.238418079096045,60,0.0007114532650992468,-0.003919253544283328,-2.7033226448754712,-3.5761957615736923,10648,ASIANPAINT,1.0,1.0,50
-3.418969487363429,-0.5326706211013138,0.5291134485349361,1142,0.05516637478108581,4.932574430823117,93,0.000690913623292006,-0.004239121063722796,-1.799856627609841,-2.73062744187966,10648,ASIANPAINT,1.0,1.0,100
-16.761333251597613,-0.9652948561653437,0.4130353117956424,3696,0.007846320346320346,1.1896645021645023,7,0.0007526389916259039,-0.0055475986227374275,-9.734704713405755,-10.586512905415242,10648,ASIANPAINT,1.0,1.5,10
-16.479650883168684,-0.9737570723561095,0.4293764087152517,3246,0.0006161429451632779,1.4066543438077634,12,0.0005318537093401272,-0.006767343256364298,-10.048881903720746,-11.903315912506358,10648,ASIANPAINT,1.0,1.5,20
-16.334060864055573,-0.9877881886190095,0.4434635612321563,2799,0.0,1.6866738120757414,30,,-0.009488329430505807,-11.58602438239244,-14.971809693593311,10648,ASIANPAINT,1.0,1.5,50
-15.786493501159267,-0.9911061579011241,0.429282494365139,2236,0.0,2.0438282647584973,58,,-0.012732438226245814,-12.242702566715838,-16.2270293071698,10648,ASIANPAINT,1.0,1.5,100
-1.971350431004976,-0.3357648225072352,0.6057475582268971,1403,0.6671418389166073,4.593014967925873,37,0.00397561244376587,-0.01298614298474652,-0.7848038916895492,-1.5585516348222204,10648,ASIANPAINT,1.5,0.0,10
-1.028588891478618,-0.2122795228937914,0.6374906085649887,829,0.721351025331725,8.179734620024126,59,0.005826934695611938,-0.02068918664433838,-0.5246887671819498,-0.770006399684276,10648,ASIANPAINT,1.5,0.0,20
-0.4558332178765116,-0.11925049664902253,0.672145003756574,347,0.7060518731988472,20.62536023054755,182,0.010606854115115444,-0.032183389543764554,0.1543902461832672,-0.8384167214439684,10648,ASIANPAINT,1.5,0.0,50
-0.4267879285448583,-0.11588199845767398,0.6764650638617581,166,0.7048192771084337,43.37951807228916,236,0.014499144240870976,-0.048494808699450054,0.20194773741914665,-0.8817934875102947,10648,ASIANPAINT,1.5,0.0,100
-2.5963965796082773,-0.3968178197002486,0.554282494365139,1565,0.6504792332268371,3.76741214057508,29,0.003233278627175344,-0.01140277638126404,-1.0019397157913588,-1.9439013222955717,10648,ASIANPAINT,1.5,0.3,10
-1.2496878872836619,-0.23770245388180775,0.5734410217881293,961,0.6982310093652445,6.346514047866806,59,0.004926892451334003,-0.016615122645477536,-0.580369059690842,-0.9320716726525281,10648,ASIANPAINT,1.5,0.3,20
-0.5015516666846873,-0.12223097805135864,0.6034936138241923,428,0.719626168224299,15.014018691588785,168,0.008486027260751036,-0.027673853240468737,0.10709935442533067,-0.814265346970261,10648,ASIANPAINT,1.5,0.3,50
-0.2678085157725679,-0.07857388590060371,0.5974830954169797,214,0.7383177570093458,29.7196261682243,236,0.011647854970755328,-0.04050864849701522,0.2791295467205807,-0.7072527771740909,10648,ASIANPAINT,1.5,0.3,100
-3.4662757008992546,-0.4705389028845032,0.49483471074380164,1783,0.6360067302299495,2.9517666853617497,24,0.0024457161872980643,-0.010052298913917844,-1.442539145052802,-2.307960693683874,10648,ASIANPAINT,1.5,0.6,10
-1.7765123679838875,-0.3015907384725115,0.5057287753568745,1126,0.6900532859680284,4.7779751332149205,55,0.0038397296997716096,-0.014425725785829817,-0.9402300728102848,-1.1108782497217806,10648,ASIANPAINT,1.5,0.6,20
-0.5862430445841136,-0.13130790973509937,0.5332456799398948,552,0.7427536231884058,10.28623188405797,72,0.006311357498875587,-0.02353718278700997,-0.105196157887821,-0.649427223328604,10648,ASIANPAINT,1.5,0.6,50
-0.34498882822508714,-0.08751531039812767,0.5242299023290758,271,0.7490774907749077,20.59040590405904,201,0.009321612517869442,-0.035245026026349935,0.18349237847848285,-0.6878668071427818,10648,ASIANPAINT,1.5,0.6,100
-5.013920918905584,-0.5790292074729139,0.4124718256949662,2203,0.5683159328188834,1.990921470721743,12,0.001408351991118214,-0.0072788362854862895,-2.2385898193557887,-2.9203267952616683,10648,ASIANPAINT,1.5,1.0,10
-3.033774553533658,-0.4286323870462924,0.4155709992486852,1488,0.6713709677419355,2.9704301075268815,29,0.002138614603114291,-0.011095503031123983,-1.453300608602516,-1.835924385105935,10648,ASIANPAINT,1.5,1.0,20
-1.149462513877741,-0.21152444310037988,0.43435386927122466,789,0.7465145754119138,5.861850443599493,60,0.0037384887857190097,-0.017757422196623785,-0.4399901988769556,-0.909524345659305,10648,ASIANPAINT,1.5,1.0,50
-0.6437367067594103,-0.13060285205277564,0.43078512396694213,422,0.7725118483412322,10.864928909952607,92,0.005394682075983179,-0.026516638994167552,-0.08521358171073376,-0.7017174049588347,10648,ASIANPAINT,1.5,1.0,100
-9.257263591117063,-0.7900787683022534,0.3342411720510894,2803,0.08847663217980735,1.2697110239029612,7,0.0009058483181714185,-0.0037739886674750646,-4.380076227636554,-5.037814434855723,10648,ASIANPAINT,1.5,1.5,10
-7.4094321541925385,-0.731309908484324,0.32879413974455296,2146,0.06057781919850885,1.6290773532152842,12,0.000752009563388837,-0.003955897334699382,-3.582518604599761,-4.294809178913643,10648,ASIANPAINT,1.5,1.5,20
-4.948882433873622,-0.6038666467278235,0.32672802404207363,1511,0.04037061548643282,2.302448709463931,30,0.0006028868352098886,-0.003848479751157986,-2.465304150008083,-3.0782153922231936,10648,ASIANPAINT,1.5,1.5,50
-3.5647156942982736,-0.49124403169261327,0.3196844477836213,1057,0.023651844843897825,3.2204351939451277,58,0.0004368605601648947,-0.003922380951783457,-1.6546032022138204,-2.382372426022585,10648,ASIANPAINT,1.5,1.5,100
-1.1604528499733544,-0.21016428271834467,0.5465815176558978,1154,0.6724436741767764,5.038128249566724,37,0.004928177491918898,-0.01356381424469305,-0.4873781268846525,-0.8154779238802556,10648,ASIANPAINT,2.0,0.0,10
-0.7304262161327769,-0.15290793543710837,0.5623591284748309,644,0.7111801242236024,9.288819875776397,59,0.007134833518525278,-0.022249805402262682,-0.3666003735888359,-0.5041096797474452,10648,ASIANPAINT,2.0,0.0,20
-0.3071803167621391,-0.08375653616350287,0.5987978963185575,264,0.6931818181818182,24.151515151515152,170,0.012915959363301078,-0.034727039941797815,0.163870946261202,-0.6131406180627282,10648,ASIANPAINT,2.0,0.0,50
-0.3208571156863081,-0.08927501136939225,0.6062171299774606,127,0.6535433070866141,50.826771653543304,217,0.01835167109617982,-0.04605485094688269,0.3430889459037058,-0.8463136865836195,10648,ASIANPAINT,2.0,0.0,100
-1.5949811235978597,-0.25807765054695986,0.4910781367392938,1252,0.6533546325878594,4.171725239616613,29,0.004281865703645905,-0.011980390786128989,-0.5746207662837155,-1.1223026893139152,10648,ASIANPAINT,2.0,0.3,10
-0.7666497316141807,-0.15104208146823203,0.5000939143501127,718,0.7075208913649025,7.408077994428969,59,0.006308027101989329,-0.019423389147513053,-0.28064942874287224,-0.5937845244242889,10648,ASIANPAINT,2.0,0.3,20
-0.3344528279416021,-0.08447666525492833,0.5256386175807664,302,0.6986754966887417,18.533112582781456,168,0.011043678625398868,-0.030653337592409496,0.12336048931748389,-0.5825980202675878,10648,ASIANPAINT,2.0,0.3,50
-0.08104049079534838,-0.037189393252868914,0.5250751314800901,156,0.7115384615384616,35.83974358974359,217,0.015370581415111636,-0.041552330087549764,0.5101228820938686,-0.6738431989562162,10648,ASIANPAINT,2.0,0.3,100
-2.08568840499591,-0.30348613274050307,0.4291885800150263,1393,0.6417803302225413,3.2763819095477387,24,0.0035978199654084675,-0.010641053997326995,-0.7107089989984379,-1.3827258965925626,10648,ASIANPAINT,2.0,0.6,10
-1.0971233914399212,-0.191372196432085,0.43106686701728025,801,0.6903870162297129,5.722846441947565,56,0.005348490845563947,-0.016671376583121487,-0.5179994375370419,-0.6587865174802243,10648,ASIANPAINT,2.0,0.6,20
-0.24946309033869993,-0.06363307500860764,0.4462809917355372,361,0.7008310249307479,13.163434903047092,72,0.009261004956483484,-0.0245851902436825,0.05148125529423458,-0.3636475476216232,10648,ASIANPAINT,2.0,0.6,50
-0.1928977289792394,-0.05421545358054718,0.44722013523666415,176,0.7215909090909091,27.056818181818183,182,0.01304080841844648,-0.03966031400723711,0.45702698103565437,-0.7441996982475697,10648,ASIANPAINT,2.0,0.6,100
-2.9200975137648326,-0.36706836949843796,0.3414725770097671,1585,0.6315457413249211,2.2902208201892744,12,0.0025616838286489116,-0.009002154317990054,-1.0360300130355817,-1.6569825961930502,10648,ASIANPAINT,2.0,1.0,10
-1.6627153985186525,-0.24521783116672444,0.3375281743050338,954,0.6666666666666666,3.761006289308176,28,0.004034197541322531,-0.01314636224215101,-0.6481789939860894,-0.9666145627368028,10648,ASIANPAINT,2.0,1.0,20
-0.4227194821107744,-0.0838679674847686,0.3374342599549211,441,0.7142857142857143,8.147392290249433,61,0.006764301571458891,-0.020531852341899796,-0.17033493194815386,-0.28592346812167013,10648,ASIANPAINT,2.0,1.0,50
-0.22526417553455738,-0.05345976012934698,0.34879789631855745,230,0.717391304347826,16.14782608695652,89,0.009620628416131259,-0.028708874337901216,0.2644373799938904,-0.543110523295812,10648,ASIANPAINT,2.0,1.0,100
-4.722511694449655,-0.4869761180940577,0.25028174305033807,1890,0.4783068783068783,1.41005291005291,7,0.0012010845767923323,-0.005162468932142314,-1.8073189303026136,-2.1970949793694388,10648,ASIANPAINT,2.0,1.5,10
-3.2817758939951296,-0.3904495961977332,0.24398948159278738,1199,0.6113427856547122,2.1618015012510425,12,0.0018499086929594315,-0.009189554554081571,-1.2845155049520551,-1.6418338453106927,10648,ASIANPAINT,2.0,1.5,20
-1.2611325482598292,-0.18531436282683875,0.23093538692712245,614,0.7035830618892508,4.004885993485342,30,0.0035229544168675552,-0.014901396388326101,-0.5491405397419966,-0.6409972948465695,10648,ASIANPAINT,2.0,1.5,50
-0.49993371209696186,-0.08679316026365427,0.2363824192336589,358,0.7318435754189944,7.0307262569832405,59,0.005278067581862034,-0.019654456099054432,-0.008966240519647159,-0.49500783854172514,10648,ASIANPAINT,2.0,1.5,100
-1.0698418673103862,-0.19359001288065278,0.53099173553719,1111,0.6777677767776777,5.083708370837083,37,0.005004807715196792,-0.013819227962435012,-0.4162743143263268,-0.762389086682222,10648,ASIANPAINT,2.1,0.0,10
-0.7499388219288308,-0.15431375122733196,0.5459241172051089,603,0.7014925373134329,9.630182421227197,59,0.0074629479414083716,-0.022450495918449453,-0.3395333900525989,-0.5447288960525613,10648,ASIANPAINT,2.1,0.0,20
-0.28572793048871087,-0.07878424594369222,0.5816115702479339,248,0.6975806451612904,24.971774193548388,170,0.013347501523201506,-0.036359039758699085,0.14653543926062584,-0.5643456576491969,10648,ASIANPAINT,2.1,0.0,50
-0.3007531020701864,-0.0844257578979567,0.5889368895567243,122,0.6557377049180327,51.40163934426229,217,0.018553938415076604,-0.04660035758291981,0.34488571209167945,-0.817785657368183,10648,ASIANPAINT,2.1,0.0,100
-1.5092144182999898,-0.24293487380798998,0.4756761833208114,1195,0.6577405857740586,4.23347280334728,29,0.0043603559624055795,-0.012232408387426095,-0.5128905341265685,-1.062924709879919,10648,ASIANPAINT,2.1,0.3,10
-0.7551743461443438,-0.14723477794909554,0.484504132231405,669,0.70254110612855,7.7025411061285505,59,0.006627814231093853,-0.019928359764164218,-0.23754014666777115,-0.6131307577867966,10648,ASIANPAINT,2.1,0.3,20
-0.36015090700399055,-0.08812647561127096,0.5091096919609316,279,0.6810035842293907,19.43010752688172,168,0.01156218631494262,-0.030146157788617615,0.06295144866739391,-0.5491440920152638,10648,ASIANPAINT,2.1,0.3,50
-0.025600247963823927,-0.025597911684706126,0.5084522915101427,149,0.7181208053691275,36.33557046979866,217,0.01587663302235862,-0.04261115266582648,0.5467333160035373,-0.6376019945758767,10648,ASIANPAINT,2.1,0.3,100
-2.015195349330874,-0.29127580279259513,0.41406836964688204,1315,0.644106463878327,3.3482889733840304,24,0.0036528059467254887,-0.010862989991052794,-0.6632751969182636,-1.326677482017955,10648,ASIANPAINT,2.1,0.6,10
-1.0490729278430588,-0.181604616672081,0.41716754320060107,743,0.6850605652759085,5.970390309555855,56,0.005668497009686118,-0.017063846170145162,-0.4739274151486669,-0.6337476107350667,10648,ASIANPAINT,2.1,0.6,20
-0.3301565420030076,-0.07676925499880495,0.4290007513148009,324,0.691358024691358,14.098765432098766,72,0.009533327880097812,-0.0253599687510644,0.005020561427195751,-0.40555199139172604,10648,ASIANPAINT,2.1,0.6,50
-0.15126506078905122,-0.04545520064434701,0.4263711495116454,163,0.7116564417177914,27.85276073619632,182,0.013984338152363846,-0.039421128826128346,0.5273009764914861,-0.7579108056453127,10648,ASIANPAINT,2.1,0.6,100
-2.7400844148685826,-0.3434007149387061,0.326915852742299,1480,0.625,2.347972972972973,12,0.0027003472842188686,-0.008955256497556813,-0.9335932967374054,-1.5387528215041726,10648,ASIANPAINT,2.1,1.0,10
-1.5151523106124778,-0.22278358722419012,0.32287753568745303,872,0.6548165137614679,3.9357798165137616,28,0.004480093277794201,-0.013282777526983055,-0.5755685815357858,-0.8644141924656259,10648,ASIANPAINT,2.1,1.0,20
-0.514031938416498,-0.09580992388667749,0.32052967693463563,388,0.6907216494845361,8.79639175257732,61,0.007103523347612639,-0.02037122468662892,-0.24883780866261113,-0.29196489657267216,10648,ASIANPAINT,2.1,1.0,50
-0.20990887465554883,-0.049238901776922146,0.32879413974455296,203,0.7142857142857143,17.246305418719214,89,0.010254940921633237,-0.029981762292392314,0.2644875143968231,-0.5164632937187579,10648,ASIANPAINT,2.1,1.0,100
-4.25216793367938,-0.44172754539458736,0.23600676183320812,1733,0.5366416618580496,1.4500865551067512,7,0.00134171659712419,-0.005904868878121727,-1.5549646230808736,-1.9388486507253764,10648,ASIANPAINT,2.1,1.5,10
-2.9391012518530037,-0.34457654133899984,0.22943275732531931,1074,0.6145251396648045,2.2690875232774674,12,0.0022908966653950157,-0.009670977465454192,-1.0763743320077845,-1.4154185395295402,10648,ASIANPAINT,2.1,1.5,20
-1.093497854936294,-0.1589409307117291,0.21788129226145755,528,0.6799242424242424,4.393939393939394,30,0.004227122913217082,-0.01490058405025383,-0.5065805042467377,-0.4940810744012278,10648,ASIANPAINT,2.1,1.5,50
-0.3359303830997416,-0.06118085884961062,0.22126220886551465,304,0.7368421052631579,7.75,59,0.006176486461003809,-0.021506355875130355,0.09118416481552737,-0.4281596675611026,10648,ASIANPAINT,2.1,1.5,100
-0.8812890102927785,-0.1564095671739851,0.47201352366641625,928,0.6907327586206896,5.4094827586206895,37,0.005328680485607501,-0.015104563687589629,-0.25150891469327563,-0.6678166723705398,10648,ASIANPAINT,2.5,0.0,10
-0.6964864152238565,-0.13766105639600046,0.4727648384673178,488,0.694672131147541,10.30327868852459,59,0.008045857236757928,-0.023531921120190286,-0.2251304802738811,-0.5535801633735344,10648,ASIANPAINT,2.5,0.0,20
-0.5995209490255522,-0.12939708693927524,0.5132419233658904,183,0.6557377049180327,29.863387978142075,170,0.013614943179048248,-0.038201265307783165,0.0812336140551049,-0.8541201469596544,10648,ASIANPAINT,2.5,0.0,50
-0.17105728586533778,-0.05421305462336762,0.5167167543200601,99,0.6666666666666666,55.57575757575758,217,0.020917163733205107,-0.05037604233352349,0.44678754960683636,-0.7286641402215747,10648,ASIANPAINT,2.5,0.0,100
-1.2738414669791664,-0.19990233932411122,0.4187640871525169,976,0.6506147540983607,4.5625,29,0.00485498058749382,-0.012712192510879261,-0.3427820977614883,-0.909162875389763,10648,ASIANPAINT,2.5,0.3,10
-0.7963128336657145,-0.14476305861924477,0.41341096919609316,518,0.6795366795366795,8.486486486486486,59,0.007201801662221356,-0.02037309620802889,-0.16773622267071975,-0.6791635627601587,10648,ASIANPAINT,2.5,0.3,20
-0.5767448739081573,-0.11859513171278496,0.44336964688204356,201,0.6567164179104478,23.487562189054728,168,0.012098767794591283,-0.033372962887708406,0.007697599801022521,-0.7133946901668526,10648,ASIANPAINT,2.5,0.3,50
0.0893149161732207,-0.0011759892682866723,0.4336025544703231,113,0.672566371681416,40.85840707964602,217,0.01958432580770252,-0.038821187841269804,0.5683320777905336,-0.5163072665321249,10648,ASIANPAINT,2.5,0.3,100
-1.580830302678207,-0.2245667033044647,0.35612321562734783,1052,0.6463878326996197,3.598859315589354,24,0.0042271855541441234,-0.011637851497353444,-0.36089779564596186,-1.0938967845515148,10648,ASIANPAINT,2.5,0.6,10
-0.9443205278446005,-0.15682711957835577,0.34926746806912096,563,0.6767317939609236,6.595026642984014,56,0.006403022451017926,-0.018571904637388538,-0.33475913333142043,-0.6057759568354645,10648,ASIANPAINT,2.5,0.6,20
-0.42506994548828936,-0.0855535596999832,0.3656085649887303,228,0.6447368421052632,17.07456140350877,73,0.01117393287764839,-0.02612014718768931,-0.04036572544861194,-0.4327980637399088,10648,ASIANPAINT,2.5,0.6,50
-0.10096937395686252,-0.032811662339437164,0.35696844477836215,117,0.6666666666666666,32.48717948717949,182,0.017068737720458915,-0.03821539936917534,0.43607958353614257,-0.5951186167381851,10648,ASIANPAINT,2.5,0.6,100
-2.0157433590888423,-0.24933801420430723,0.2759203606311044,1143,0.6202974628171478,2.565179352580927,12,0.003425863768663724,-0.009445793454224584,-0.48743511314548604,-1.1831018340054034,10648,ASIANPAINT,2.5,1.0,10
-1.2619543539734426,-0.1789733720787629,0.26427498121713,623,0.6276083467094703,4.507223113964687,28,0.005414235890330281,-0.01394003516893351,-0.36016404624331627,-0.7569578798301184,10648,ASIANPAINT,2.5,1.0,20
-0.5115890264938665,-0.0878629989717709,0.26192712246431255,256,0.65625,10.89453125,61,0.00858067894609122,-0.02209193607737348,-0.23382639774230737,-0.2687099141232335,10648,ASIANPAINT,2.5,1.0,50
-0.15570694443707706,-0.03653882890125914,0.26126972201352366,130,0.6461538461538462,21.4,89,0.013684876334108118,-0.02886451204532381,0.24284043788695725,-0.42107837990677094,10648,ASIANPAINT,2.5,1.0,100
-2.8527438884015326,-0.2976517453253785,0.19045830202854996,1268,0.5851735015772871,1.5993690851735016,7,0.0022022148681819344,-0.0071134837969371095,-0.8449791317375781,-1.2626699132603463,10648,ASIANPAINT,2.5,1.5,10
-1.9507407112556012,-0.22859073358796092,0.18510518407212623,729,0.6049382716049383,2.6954732510288064,12,0.003515703850707506,-0.010636855875654659,-0.5396246757632853,-0.9733644182632465,10648,ASIANPAINT,2.5,1.5,20
-0.7315035995184126,-0.10300533900647771,0.17064237415477085,306,0.6535947712418301,5.937908496732026,30,0.00615365299500807,-0.017473281968776535,-0.22411959611763274,-0.3973176935710656,10648,ASIANPAINT,2.5,1.5,50
-0.17867449011170675,-0.0340856845392035,0.16651014274981218,165,0.6848484848484848,10.745454545454546,53,0.009183167162332691,-0.02329890764340769,0.09145168541954346,-0.26529699353314895,10648,ASIANPAINT,2.5,1.5,100
-0.7099502688881257,-0.11909987878669438,0.3804470323065364,699,0.6838340486409156,5.786838340486409,37,0.005916940886818254,-0.01584776903808681,-0.29838670299821657,-0.37567251051984313,10648,ASIANPAINT,3.0,0.0,10
-0.5097573201285778,-0.09776898317892231,0.39340721262208866,381,0.6797900262467191,10.979002624671915,59,0.009064774274827865,-0.023544350635315455,-0.10209970096926041,-0.42253453935880714,10648,ASIANPAINT,3.0,0.0,20
-0.6606144947964135,-0.12709538672758405,0.40514650638617583,130,0.6,33.184615384615384,163,0.01517123898470894,-0.03756576856598473,-0.09917764641808377,-0.670885678205825,10648,ASIANPAINT,3.0,0.0,50
-0.053353145496031325,-0.026641180127830868,0.40345604808414726,74,0.6891891891891891,58.054054054054056,210,0.02468716171669937,-0.06000344081058848,0.5017442081186161,-0.6227780992104838,10648,ASIANPAINT,3.0,0.0,100
-1.0384753697691058,-0.15414806219556676,0.3377160030052592,729,0.6556927297668038,4.924554183813443,28,0.005334906354713864,-0.013861936735680236,-0.3888977317911723,-0.54036315131134,10648,ASIANPAINT,3.0,0.3,10
-0.7157363887948338,-0.12097740723130093,0.33893688955672424,390,0.6974358974358974,9.238461538461538,59,0.00755350363493422,-0.023320026758372154,-0.14159114929287986,-0.5556190194929261,10648,ASIANPAINT,3.0,0.3,20
-0.6221022190623386,-0.11311721635094106,0.3451352366641623,139,0.5971223021582733,26.43884892086331,161,0.013741616327371567,-0.032520756305837215,-0.06598964288003875,-0.6146185550750047,10648,ASIANPAINT,3.0,0.3,50
0.18241893753278232,0.016591543339579663,0.32888805409466565,80,0.6875,43.775,210,0.022770456293709464,-0.04425646166603247,0.6223123497831633,-0.4763487952799546,10648,ASIANPAINT,3.0,0.3,100
-1.3820724440247274,-0.1829927285953953,0.28465439519158525,763,0.6212319790301442,3.964613368283093,24,0.004885184816530401,-0.011988925550552908,-0.3776377732486482,-0.771584107825732,10648,ASIANPAINT,3.0,0.6,10
-1.0017847211340165,-0.14921369631198023,0.2809917355371901,405,0.6814814814814815,7.37283950617284,56,0.006661989941486894,-0.021256146749704982,-0.32705289600840487,-0.576280810853155,10648,ASIANPAINT,3.0,0.6,20
-0.45622797129789794,-0.0802072352665368,0.27901953418482345,152,0.5855263157894737,19.54605263157895,72,0.012648613600170723,-0.025070853523184097,-0.08676755439221809,-0.3669696071531852,10648,ASIANPAINT,3.0,0.6,50
0.04849373398218832,-0.004637501425325461,0.26803155522163785,82,0.6951219512195121,34.80487804878049,175,0.0197186687669341,-0.0448347793312554,0.5285121121207517,-0.5254174756868932,10648,ASIANPAINT,3.0,0.6,100
-1.5439672976831347,-0.17705591160063208,0.21337340345604808,805,0.6037267080745342,2.8149068322981368,12,0.004098691161350136,-0.00975917711136929,-0.36314834447632177,-0.7580652496343157,10648,ASIANPAINT,3.0,1.0,10
-1.2433254704528622,-0.15914630348203265,0.20670548459804658,422,0.6066350710900474,5.201421800947867,28,0.005726022625759282,-0.01478287349092627,-0.38972745751690085,-0.5983677497824842,10648,ASIANPAINT,3.0,1.0,20
-0.36588520988114104,-0.05583838644262929,0.18876784372652142,160,0.63125,12.5625,58,0.010676437553216175,-0.023456658314141864,-0.11520440220664623,-0.1904182454528897,10648,ASIANPAINT,3.0,1.0,50
0.16305866004324773,0.013017557591908658,0.19336964688204358,89,0.6404494382022472,23.134831460674157,89,0.017785362773968912,-0.028112756423839824,0.36517513695904513,-0.25101766440569123,10648,ASIANPAINT,3.0,1.0,100
-1.8837604244148134,-0.18482242056175222,0.1419045830202855,857,0.588098016336056,1.7631271878646442,7,0.0029604894581229946,-0.007656137562095926,-0.44862763636273667,-0.7619022361631362,10648,ASIANPAINT,3.0,1.5,10
-1.4729226573430032,-0.15825359002858477,0.13739669421487602,460,0.6021739130434782,3.167391304347826,12,0.004332021599379757,-0.011995221425956472,-0.32888766263408675,-0.6662678752877552,10648,ASIANPAINT,3.0,1.5,20
-0.4830996574536376,-0.05882391346709543,0.12067993989481593,177,0.6101694915254238,7.259887005649717,28,0.007988236826933058,-0.01746253978983422,-0.029877598812276703,-0.3123080693775142,10648,ASIANPAINT,3.0,1.5,50
0.15848175348283092,0.011865181169738783,0.11382419233658903,100,0.73,12.12,53,0.012981589893864906,-0.03148130640207085,0.24535853810802044,-0.14769774871179536,10648,ASIANPAINT,3.0,1.5,100
-4.1943293757160545,-0.7094278216208644,0.6459234257989663,1351,0.6210214655810511,4.5299777942264985,37,0.003675532435883236,-0.018845051643272312,-2.2563480856155786,-4.308546642033809,9481,BAJFINANCE,1.0,0.0,10
-2.643817785054147,-0.5656705691296009,0.719544351861618,790,0.6582278481012658,8.629113924050634,86,0.005849090272690267,-0.02751336775679802,-1.3841769700116773,-3.002905382524849,9481,BAJFINANCE,1.0,0.0,20
-1.2941190315977784,-0.375399928934276,0.7554055479379812,376,0.6968085106382979,18.9281914893617,122,0.011188556377791778,-0.046097801551980795,-0.1532469291690038,-2.1705006767753616,9481,BAJFINANCE,1.0,0.0,50
-0.9792980141757593,-0.3162913097393207,0.7638434764265373,191,0.7015706806282722,37.82198952879581,231,0.0174296145754739,-0.0728077329391253,-0.1317548554750542,-1.6827175689415852,9481,BAJFINANCE,1.0,0.0,100
-4.792803479459161,-0.7415444053287206,0.597510811095876,1596,0.6102756892230576,3.5469924812030076,29,0.002685025125996298,-0.01578899330785672,-2.6759575464710466,-4.529581818295439,9481,BAJFINANCE,1.0,0.3,10
-2.9026238038286802,-0.5811516915660836,0.6539394578630946,1004,0.6613545816733067,6.170318725099602,60,0.004445805785955753,-0.02218008420589026,-1.5316306625027207,-3.057582925625348,9481,BAJFINANCE,1.0,0.3,20
-1.5391491220799265,-0.41035881079751046,0.6886404387722814,504,0.7361111111111112,12.873015873015873,119,0.007807406246263534,-0.041563303911099754,-0.5453929349942036,-2.0859787678182924,9481,BAJFINANCE,1.0,0.3,50
-1.1960750333126011,-0.35214463180654254,0.6940196181837359,252,0.7301587301587301,26.03968253968254,230,0.0123094579650336,-0.06413975889849204,-0.2369127254654063,-1.8596506140658702,9481,BAJFINANCE,1.0,0.3,100
-6.090589042557531,-0.8076116682886191,0.5441409134057589,1917,0.5685967657798644,2.6901408450704225,28,0.0016178828769773433,-0.012798368358715437,-3.63088009006474,-5.189878206687621,9481,BAJFINANCE,1.0,0.6,10
-3.5848843665823455,-0.6416665324616303,0.5816896951798334,1350,0.6592592592592592,4.0814814814814815,44,0.002742822420981422,-0.01713858441328122,-1.8289911891946673,-3.613645686241229,9481,BAJFINANCE,1.0,0.6,20
-2.2603993817219954,-0.5153448112720569,0.6212424849699398,695,0.739568345323741,8.466187050359713,115,0.004536031312231086,-0.03329381901934406,-1.1305195941788126,-2.564141553835684,9481,BAJFINANCE,1.0,0.6,50
-1.3957436496351794,-0.3784996014011516,0.6175508912561966,385,0.7480519480519481,15.161038961038962,162,0.007415032357719364,-0.04685673975871606,-0.40880036901288846,-2.0007740685593913,9481,BAJFINANCE,1.0,0.6,100
-9.226639289484234,-0.9094458338895225,0.47241852125303235,2519,0.11750694720127035,1.777292576419214,15,0.0012370418096511963,-0.005959412778942646,-5.844453958287552,-7.037156273645198,9481,BAJFINANCE,1.0,1.0,10
-7.140307345763153,-0.8553548367027834,0.49794325493091446,1990,0.10804020100502512,2.3708542713567837,30,0.001041843826419161,-0.005966588819009124,-4.5091027010601525,-5.857596030000922,9481,BAJFINANCE,1.0,1.0,20
-4.964460274005435,-0.7792348147759955,0.5297964349752136,1369,0.09276844411979547,3.6654492330168007,84,0.001029210628223537,-0.006516766546960081,-3.3341416341814947,-4.628972667358536,9481,BAJFINANCE,1.0,1.0,50
-3.6922737672032295,-0.6893880305533452,0.5278979010652884,908,0.07158590308370044,5.505506607929515,114,0.0007430183652809354,-0.007336993732620644,-2.3569294315950535,-3.779860091260889,9481,BAJFINANCE,1.0,1.0,100
-15.949276072563745,-0.9881664644057071,0.40702457546672294,3144,0.01272264631043257,1.227417302798982,6,0.0009979830728909236,-0.00769358884506753,-11.502091605233094,-12.33888884694088,9481,BAJFINANCE,1.0,1.5,10
-15.54888730731709,-0.9913567707030018,0.4192595717751292,2718,0.0025754231052244297,1.4621044885945549,17,0.0013561288256209467,-0.009423403821648784,-11.863994097695388,-13.673360761015118,9481,BAJFINANCE,1.0,1.5,20
-15.522187536909986,-0.9976511699710113,0.4355025841155996,2305,0.0,1.7904555314533623,38,,-0.014065012669001228,-14.88570966128178,-17.53414454076605,9481,BAJFINANCE,1.0,1.5,50
-14.098825944152948,-0.9989028216961559,0.4338149984178884,1807,0.0,2.2728278915329274,79,,-0.02004909593772976,-15.809924646987238,-20.418791712490442,9481,BAJFINANCE,1.0,1.5,100
-3.296883885735654,-0.6069881849959546,0.604050205674507,1119,0.6246648793565683,5.115281501340482,37,0.0049824229611440595,-0.02006019205536703,-1.5337221742183398,-3.408844839196115,9481,BAJFINANCE,1.5,0.0,10
-2.25630475823186,-0.4908015362968151,0.6561544140913406,612,0.6584967320261438,10.160130718954248,85,0.00722760882018052,-0.030886486138138814,-1.1111746241489953,-2.4313746241892673,9481,BAJFINANCE,1.5,0.0,20
-1.02419851213789,-0.30676647416267455,0.6740850121295222,271,0.6715867158671587,23.420664206642066,120,0.015232232030757091,-0.05107303106053631,0.013400913007902571,-1.7866344477978429,9481,BAJFINANCE,1.5,0.0,50
-0.9121796109135606,-0.286487002412256,0.6839995781035756,139,0.6762589928057554,46.55395683453237,229,0.021778681862830128,-0.08102257019561197,-0.10922085969563053,-1.4895987040008758,9481,BAJFINANCE,1.5,0.0,100
-3.685777541516376,-0.6259835891217108,0.5494146187111064,1265,0.6181818181818182,4.115415019762846,30,0.004148741736870604,-0.017529399421618155,-1.77671865462925,-3.445665227779508,9481,BAJFINANCE,1.5,0.3,10
-2.2386408743790445,-0.4696531723805117,0.5791583166332666,733,0.6493860845839018,7.487039563437927,59,0.006283040406065557,-0.024603012051342694,-1.0163924463633274,-2.31585441754454,9481,BAJFINANCE,1.5,0.3,20
-1.0995296193783475,-0.3106342273110317,0.6052104208416834,331,0.7009063444108762,17.229607250755286,119,0.012313238555211147,-0.047072728346116324,-0.1900198732220446,-1.613508888234485,9481,BAJFINANCE,1.5,0.3,50
-1.088686449041219,-0.3143682442932206,0.614492142179095,163,0.6871165644171779,35.65644171779141,228,0.017485252972529026,-0.07376615611188986,-0.2304786935247322,-1.5732469352583995,9481,BAJFINANCE,1.5,0.3,100
-4.425019751279208,-0.6720577944468105,0.49066554160953485,1466,0.6186903137789904,3.171214188267394,29,0.0031852663108987937,-0.015812247781729606,-2.2153378236266987,-3.7346721423749445,9481,BAJFINANCE,1.5,0.6,10
-2.4978285399337556,-0.48111169450293817,0.4986815736736631,877,0.6522234891676169,5.387685290763968,43,0.005050523342931807,-0.020815323224910264,-0.9244601834757324,-2.535314047964905,9481,BAJFINANCE,1.5,0.6,20
-1.4351247046675453,-0.35956109005145614,0.5318004429912456,403,0.6923076923076923,12.503722084367245,112,0.00954156795975446,-0.03926024950430626,-0.36612971810627176,-1.840043759656211,9481,BAJFINANCE,1.5,0.6,50
-1.0396154587977289,-0.2857796276209162,0.5303238055057483,199,0.678391959798995,25.195979899497488,161,0.013848372851307496,-0.05541241986654026,-0.09688990938611669,-1.579974627145948,9481,BAJFINANCE,1.5,0.6,100
-5.70648747520503,-0.7386662529228225,0.4073409977850438,1831,0.5789186237028946,2.1075914800655378,16,0.0018275536042757392,-0.011803194247015278,-2.9946157880116977,-4.168440155904798,9481,BAJFINANCE,1.5,1.0,10
-3.89066607911416,-0.5973884570588779,0.4067081531484021,1156,0.6384083044982699,3.333044982698962,30,0.0028247772957269773,-0.01661094709440448,-1.8394741330135267,-3.0192161082010367,9481,BAJFINANCE,1.5,1.0,20
-1.9114032972941655,-0.4181160861118436,0.42811939668811305,589,0.7079796264855688,6.886247877758914,84,0.0054359724215364115,-0.02925372057702447,-0.7752498644384588,-1.989589575029067,9481,BAJFINANCE,1.5,1.0,50
-1.5580727729458252,-0.36372333380955807,0.4323383609323911,289,0.6782006920415224,14.162629757785467,112,0.00791744547913971,-0.041416453582607066,-0.5523200604912668,-1.7475908087798078,9481,BAJFINANCE,1.5,1.0,100
-9.534937149102001,-0.8842218651523193,0.33118869317582533,2367,0.09294465568229827,1.3261512463033376,7,0.0011840621015396264,-0.005506472808309308,-5.459697363736718,-6.1022060933646465,9481,BAJFINANCE,1.5,1.5,10
-7.828338599067996,-0.8281717272497998,0.3218014977323067,1765,0.06118980169971672,1.728045325779037,17,0.000898868493224127,-0.005770585762273725,-4.214838717974588,-5.249944092844769,9481,BAJFINANCE,1.5,1.5,20
-5.118040752214292,-0.736493456883201,0.3220124459445206,1211,0.05037159372419488,2.520231213872832,38,0.0009487522928482482,-0.006253492839901744,-3.072342580012107,-4.061300296011154,9481,BAJFINANCE,1.5,1.5,50
-3.9075002224708206,-0.6449052600948955,0.32770804767429595,768,0.04296875,4.037760416666667,79,0.0009311723736117422,-0.007470901451984431,-2.2043207010799275,-3.256063177799441,9481,BAJFINANCE,1.5,1.5,100
-2.705615001453164,-0.52293846573452,0.5485708258622508,928,0.6217672413793104,5.601293103448276,35,0.0061055550995899,-0.02115626608597808,-1.178391001932345,-2.7245531017825897,9481,BAJFINANCE,2.0,0.0,10
-1.6495304153834511,-0.37630146863678066,0.5879126674401435,510,0.6568627450980392,10.923529411764706,84,0.009172838008730677,-0.03163312046347078,-0.5535137590152072,-1.9093815891674035,9481,BAJFINANCE,2.0,0.0,20
-0.8853972756440517,-0.2617851332708087,0.5796856871638013,207,0.6570048309178744,26.381642512077295,120,0.018574506181234813,-0.05601053282317391,0.08347219467154926,-1.5340871844689625,9481,BAJFINANCE,2.0,0.0,50
-0.9554105048375591,-0.2811194708880533,0.5959286995042717,106,0.660377358490566,53.27358490566038,220,0.023485340126492955,-0.08923938719374086,-0.13013303062891765,-1.4385110994912473,9481,BAJFINANCE,2.0,0.0,100
-2.828191940201194,-0.516825580177871,0.4928804978377808,1027,0.617332035053554,4.547224926971762,30,0.0054725558011408685,-0.018617048111265567,-1.2323994168789958,-2.6145001129250622,9481,BAJFINANCE,2.0,0.3,10
-1.6878607543933892,-0.3657507229782447,0.511760362830925,580,0.6517241379310345,8.360344827586207,58,0.007732078487304541,-0.026251527909032124,-0.5401742574501769,-1.839908711973195,9481,BAJFINANCE,2.0,0.3,20
-1.0802598441102524,-0.2913156939496921,0.5171395422423795,231,0.645021645021645,21.073593073593074,119,0.01599540814576375,-0.04947830775778766,-0.2531926094520183,-1.4207128129677717,9481,BAJFINANCE,2.0,0.3,50
-1.1437698970295578,-0.30920343930736927,0.5294800126568927,115,0.6173913043478261,43.62608695652174,219,0.021101973768389928,-0.07445507397595713,-0.3642793109072384,-1.4135038064791903,9481,BAJFINANCE,2.0,0.3,100
-3.361184525193052,-0.55579901663831,0.43286573146292584,1141,0.6134969325153374,3.59421560035057,29,0.004624712854116714,-0.017133274190385565,-1.4831121367576778,-2.835362783320656,9481,BAJFINANCE,2.0,0.6,10
-1.9243142136598126,-0.3773097330037127,0.4288577154308617,641,0.6365054602184087,6.338533541341653,42,0.006541304174220885,-0.02213681446968488,-0.5377839703097851,-1.951241698044671,9481,BAJFINANCE,2.0,0.6,20
-1.3961482348536776,-0.3338406350997428,0.4464718911507225,260,0.65,16.28076923076923,112,0.012812684450117663,-0.04591682945408413,-0.4030649463434098,-1.61002286190836,9481,BAJFINANCE,2.0,0.6,50
-1.0876510693998005,-0.27438549296344283,0.4498470625461449,128,0.6171875,33.296875,160,0.017180338312361453,-0.060297302927099,-0.16955929269466993,-1.427761824056627,9481,BAJFINANCE,2.0,0.6,100
-4.114135125698374,-0.5984625480424969,0.34616601624301235,1307,0.586840091813313,2.5087987758224943,16,0.0033742684893321474,-0.013772419785685682,-1.9209093136897288,-2.928133439262783,9481,BAJFINANCE,2.0,1.0,10
-2.680511438124337,-0.43929408179728235,0.336251450268959,750,0.6266666666666667,4.246666666666667,30,0.004909979517933659,-0.019250753624088204,-0.9360854688880906,-2.146435172427787,9481,BAJFINANCE,2.0,1.0,20
-1.4101328169507161,-0.31181806695640135,0.34205252610484127,328,0.6646341463414634,9.887195121951219,84,0.009920728711783308,-0.03676874866048345,-0.36711035285964155,-1.5147331406247768,9481,BAJFINANCE,2.0,1.0,50
-1.2911234893804329,-0.2942922110774892,0.35323278135217806,161,0.6459627329192547,20.782608695652176,112,0.012335071330203912,-0.05320917443556615,-0.2869016464114284,-1.4631738780746355,9481,BAJFINANCE,2.0,1.0,100
-5.52346266562998,-0.6630676424543984,0.2552473367788208,1607,0.4866210329807094,1.505289359054138,7,0.001615580399811489,-0.008574832530930518,-2.730723369512433,-3.0801295958526604,9481,BAJFINANCE,2.0,1.5,10
-3.9231644358516955,-0.5319280993492652,0.24048096192384769,985,0.6142131979695431,2.313705583756345,17,0.0024514451334223843,-0.014594615471344692,-1.544288128931399,-2.518541444459042,9481,BAJFINANCE,2.0,1.5,20
-2.003166395777451,-0.3628156274475141,0.23510178251239322,467,0.6616702355460385,4.773019271948608,37,0.004942284676662052,-0.024844271751605557,-0.6665880462528189,-1.7316409254122842,9481,BAJFINANCE,2.0,1.5,50
-1.5976844317472363,-0.3142402994326268,0.2511338466406497,252,0.6785714285714286,9.436507936507937,79,0.006956677274859815,-0.03861235063012791,-0.4439070777893621,-1.4941015092499703,9481,BAJFINANCE,2.0,1.5,100
-2.6568864835617823,-0.5133117002854134,0.5349646661744542,888,0.6204954954954955,5.708333333333333,35,0.006234551200731623,-0.021457739601462078,-1.0738066485465967,-2.7222138855429985,9481,BAJFINANCE,2.1,0.0,10
-1.6143985416430287,-0.3669517861563628,0.5691382765531062,484,0.6508264462809917,11.142561983471074,84,0.009551528289363606,-0.031911985679837516,-0.4524727408356575,-1.931921427907346,9481,BAJFINANCE,2.1,0.0,20
-0.9414974469070748,-0.2680369113928713,0.5554266427592026,193,0.6424870466321243,27.10362694300518,119,0.019165851515472277,-0.05624067371332921,0.07260716431252795,-1.5766480626136816,9481,BAJFINANCE,2.1,0.0,50
-0.9185792152777201,-0.2714705635946919,0.5834827549836515,102,0.6666666666666666,54.205882352941174,220,0.0241180723148294,-0.0923082963027141,-0.13542561225457428,-1.3630275446293059,9481,BAJFINANCE,2.1,0.0,100
-2.778275584336529,-0.5073301625018561,0.4783250711950216,976,0.6168032786885246,4.64344262295082,30,0.0056013356921348805,-0.019026550469099547,-1.1602998070791746,-2.5836259816988574,9481,BAJFINANCE,2.1,0.3,10
-1.6442821690605114,-0.3551133129268468,0.4950954540660268,546,0.6428571428571429,8.591575091575091,58,0.008077288192184503,-0.02630052848163437,-0.44354848025442994,-1.8499264182075117,9481,BAJFINANCE,2.1,0.3,20
-1.1294951141862564,-0.2945990984579264,0.4928804978377808,213,0.6291079812206573,21.774647887323944,118,0.016711973333438445,-0.049910815064180845,-0.21248420773379223,-1.4910657556557432,9481,BAJFINANCE,2.1,0.3,50
-1.0825874373916877,-0.29517924440564525,0.518088809197342,111,0.6306306306306306,44.22522522522522,219,0.021687713963539648,-0.07778960385908838,-0.34827688746557806,-1.3229568933092706,9481,BAJFINANCE,2.1,0.3,100
-3.2978955089893565,-0.5454069871152961,0.41978694230566393,1076,0.6068773234200744,3.696096654275093,29,0.004812388815830168,-0.0173475346145431,-1.395599657801952,-2.79991758741268,9481,BAJFINANCE,2.1,0.6,10
-1.8571191837762446,-0.3628248122921862,0.4144077628942095,600,0.6466666666666666,6.543333333333333,42,0.006664385782525455,-0.02336937024866766,-0.4423835611377903,-1.926141247959877,9481,BAJFINANCE,2.1,0.6,20
-1.3976090533268142,-0.328635256768315,0.42579896635376013,239,0.6359832635983264,16.89121338912134,112,0.01366166753535136,-0.04657207194415273,-0.35420519196539785,-1.6209916018024824,9481,BAJFINANCE,2.1,0.6,50
-0.9942613299806157,-0.2542328979760918,0.43803396266216643,123,0.6585365853658537,33.739837398373986,160,0.017304904936907322,-0.06789893516752471,-0.10924804857263473,-1.3408099285739106,9481,BAJFINANCE,2.1,0.6,100
-3.942423087966698,-0.5778522239617907,0.33393101993460605,1224,0.5841503267973857,2.5841503267973858,16,0.003607437851188355,-0.01406874887784375,-1.7671069783626143,-2.8145681368601814,9481,BAJFINANCE,2.1,1.0,10
-2.594030570943241,-0.4214751697115018,0.3218014977323067,691,0.6107091172214182,4.410998552821997,30,0.005260529429288775,-0.01909399120154673,-0.8217570123436675,-2.0945832017125388,9481,BAJFINANCE,2.1,1.0,20
-1.5405976538758681,-0.32868014628160536,0.3237000316422318,284,0.647887323943662,10.806338028169014,84,0.010303165914618124,-0.03916411556924142,-0.4447018711191868,-1.5759271575152205,9481,BAJFINANCE,2.1,1.0,50
-1.182325070810684,-0.27251925983272723,0.3408923109376648,151,0.6357615894039735,21.3841059602649,112,0.013720964465035535,-0.052808672581605993,-0.21923109303385088,-1.3680333103110671,9481,BAJFINANCE,2.1,1.0,100
-5.023637577769563,-0.6206657754453574,0.2406919101360616,1469,0.5371000680735194,1.5527569775357386,7,0.0018846495356299822,-0.009796217645509267,-2.394174370716191,-2.7802651446180544,9481,BAJFINANCE,2.1,1.5,10
-3.638481192050709,-0.4941667841721379,0.2276131209787997,883,0.6126840317100792,2.4428086070215174,17,0.0029139634136385725,-0.01527597354486982,-1.3038982958498249,-2.3440304497171853,9481,BAJFINANCE,2.1,1.5,20
-1.948343597720254,-0.3478765295830001,0.2199135112329923,391,0.6470588235294118,5.332480818414322,37,0.005515527597058241,-0.02662568444692867,-0.5803585458322094,-1.6985574257882132,9481,BAJFINANCE,2.1,1.5,50
-1.3554504039075876,-0.2731293989514739,0.23784410927117391,220,0.6863636363636364,10.236363636363636,79,0.008579436621810141,-0.04232781092104873,-0.311758349022737,-1.3133656746362945,9481,BAJFINANCE,2.1,1.5,100
-2.6227225212556995,-0.4931809813962066,0.4764265372850965,730,0.6123287671232877,6.183561643835616,33,0.006637020379627956,-0.023154391404333695,-0.9303893698727472,-2.6555552878599924,9481,BAJFINANCE,2.5,0.0,10
-1.4331019117539636,-0.3166845126069219,0.48961080054846534,386,0.6321243523316062,12.018134715025907,84,0.011069476228911202,-0.03303291979252133,-0.3818425710282642,-1.607879839655431,9481,BAJFINANCE,2.5,0.0,20
-0.7915343543809281,-0.22438582812389685,0.4783250711950216,156,0.6282051282051282,28.846153846153847,113,0.02259853770726536,-0.05862271642472903,0.22745178791673124,-1.4129126452390095,9481,BAJFINANCE,2.5,0.0,50
-0.8040829178519572,-0.2389022461701186,0.5230460921843687,85,0.6705882352941176,58.34117647058824,220,0.027812793139739136,-0.10173092697443623,0.0035883415267491774,-1.2667250878458327,9481,BAJFINANCE,2.5,0.0,100
-2.708978123055137,-0.4801521317625313,0.42189642442780295,791,0.5865992414664981,5.053097345132743,30,0.006146742219343088,-0.019323077531481814,-0.9412726240433955,-2.525285338975965,9481,BAJFINANCE,2.5,0.3,10
-1.4101045159553014,-0.29784238132293245,0.41957599409345003,423,0.640661938534279,9.397163120567376,56,0.009219925481397261,-0.028617504155693547,-0.3796714294258632,-1.4715893967808982,9481,BAJFINANCE,2.5,0.3,20
-0.9990654831314617,-0.25678862072485853,0.4222128467461238,168,0.5892857142857143,23.61904761904762,112,0.0199115768339538,-0.04909863686837378,-0.06721109288129949,-1.3493487444750651,9481,BAJFINANCE,2.5,0.3,50
-1.0054634608306028,-0.2711718205380788,0.4645079632950111,90,0.6333333333333333,48.93333333333333,219,0.023565480371785238,-0.08593737542664567,-0.21413826359716276,-1.2785627442903862,9481,BAJFINANCE,2.5,0.3,100
-3.2651971573737137,-0.5213597217048802,0.3646239848117287,842,0.5795724465558195,4.102137767220903,29,0.005236147413427615,-0.01831576267730407,-1.2451296010430966,-2.683410448969868,9481,BAJFINANCE,2.5,0.6,10
-1.508415314950363,-0.2897666967077055,0.3454276975002637,457,0.649890590809628,7.1597374179431075,42,0.007769376966130207,-0.025634863250303386,-0.2677309975020653,-1.526342163605805,9481,BAJFINANCE,2.5,0.6,20
-1.3414090765120106,-0.30536794677563084,0.3611433393101993,178,0.5955056179775281,19.235955056179776,112,0.016344848889687437,-0.04885193033218763,-0.27529827383828315,-1.5094867277723578,9481,BAJFINANCE,2.5,0.6,50
-0.8713896464639566,-0.21982903262757883,0.3864571247758675,98,0.5918367346938775,37.38775510204081,158,0.02158749226851807,-0.06164141628527271,-0.04856972858002355,-1.1650123712568365,9481,BAJFINANCE,2.5,0.6,100
-3.5663293412687302,-0.5190228538931643,0.28277607847273495,931,0.5660580021482277,2.8764769065520945,16,0.004216385340637835,-0.01511220748778462,-1.444377660409777,-2.4389190901390716,9481,BAJFINANCE,2.5,1.0,10
-2.0997472979543614,-0.33347026468724256,0.2631578947368421,503,0.610337972166998,4.954274353876739,29,0.006394451631832315,-0.02105824571559933,-0.49977455570190793,-1.66454495358304,9481,BAJFINANCE,2.5,1.0,20
-1.3921028337259564,-0.2873954652483107,0.26495095454066026,199,0.5778894472361809,12.623115577889447,84,0.013487159326513268,-0.03893519282446462,-0.35874708256858207,-1.360785792137421,9481,BAJFINANCE,2.5,1.0,50
-1.0000350784041412,-0.22662803142168372,0.28794430967197554,113,0.6460176991150443,24.15929203539823,112,0.0163904638292554,-0.061428086860041295,-0.01888072594008028,-1.241738888925927,9481,BAJFINANCE,2.5,1.0,100
-4.069283369311615,-0.5073660095314143,0.19481067397953802,1068,0.5533707865168539,1.7294007490636705,7,0.0028232021227513047,-0.011401167826027897,-1.747741959217327,-2.022102639251959,9481,BAJFINANCE,2.5,1.5,10
-2.7255238736909746,-0.3659278010382182,0.17898955806349542,577,0.5909878682842288,2.9410745233968805,16,0.00470354222071661,-0.017112101698360287,-0.8028077373200404,-1.6317403662286236,9481,BAJFINANCE,2.5,1.5,20
-1.423485041139404,-0.24896293713645753,0.1702352072566185,241,0.6016597510373444,6.6970954356846475,35,0.008693170595970466,-0.029058482670398064,-0.1486602359809155,-1.3804443639615809,9481,BAJFINANCE,2.5,1.5,50
-1.134772023328091,-0.22136868454689343,0.18922054635586963,134,0.6343283582089553,13.388059701492537,79,0.013181945597612403,-0.04881270215142562,-0.17221362563132178,-1.0991434039914796,9481,BAJFINANCE,2.5,1.5,100
-2.179159199251553,-0.41319408868029467,0.4036494040713005,603,0.6169154228855721,6.3416252072968495,32,0.007270549210922565,-0.023840435359773513,-0.7049468248168764,-2.0975494368276095,9481,BAJFINANCE,3.0,0.0,10
-1.1261176800770365,-0.2403386420704969,0.38192173821326864,288,0.6145833333333334,12.572916666666666,84,0.012478923893954665,-0.032487011408899334,-0.14767081099208945,-1.2496179261657607,9481,BAJFINANCE,3.0,0.0,20
-0.941418561109736,-0.23895236935295963,0.38941039974686215,117,0.5811965811965812,31.256410256410255,113,0.023832499388210953,-0.059848322539912895,-0.021552665567129828,-1.2904051804902574,9481,BAJFINANCE,3.0,0.0,50
-0.7368827877727749,-0.21147306765147164,0.43001793059803817,65,0.6615384615384615,62.723076923076924,213,0.03153739348975032,-0.11062966192454872,-0.17513858749760636,-0.9026060547832017,9481,BAJFINANCE,3.0,0.0,100
-2.364950995173062,-0.41691408427961674,0.3548148929437823,638,0.609717868338558,5.268025078369906,29,0.006458753595990636,-0.021555204064083594,-0.6978512359341231,-2.1569394271823343,9481,BAJFINANCE,3.0,0.3,10
-1.0795778507578646,-0.2201464711541168,0.32338360932391097,310,0.6258064516129033,9.890322580645162,46,0.010565879698928318,-0.028737667946704407,-0.13701259461613519,-1.1467762256094818,9481,BAJFINANCE,3.0,0.3,20
-1.0582415812365464,-0.25122394099081075,0.33224343423689484,123,0.6178861788617886,25.32520325203252,112,0.019422357906676374,-0.0611123417814687,-0.2170245850898241,-1.1791562777318008,9481,BAJFINANCE,3.0,0.3,50
-0.8896003905335518,-0.23393227548812803,0.37590971416517244,67,0.6119402985074627,53.19402985074627,212,0.02781416398524195,-0.09101721947626563,-0.3326279762546356,-0.8934390067333509,9481,BAJFINANCE,3.0,0.3,100
-2.8511615266805976,-0.45425647378347883,0.3046092184368738,663,0.5716440422322775,4.351432880844645,28,0.005924042756655697,-0.01926804283981648,-0.8963953592060538,-2.330516602529318,9481,BAJFINANCE,3.0,0.6,10
-1.185996192278935,-0.21525792677794514,0.25704039658263894,320,0.646875,7.615625,34,0.008874308516320232,-0.027467206430153136,-0.1134096295056175,-1.1534028342233986,9481,BAJFINANCE,3.0,0.6,20
-1.3960632137978992,-0.295829092546342,0.28340892310937665,126,0.5714285714285714,21.325396825396826,112,0.01705555805006472,-0.05467475061771505,-0.4107730698798955,-1.3136632838720568,9481,BAJFINANCE,3.0,0.6,50
-0.7011610491478769,-0.17072188155822693,0.3002847800864888,72,0.6111111111111112,39.541666666666664,144,0.02223228961717126,-0.06668136980144065,-0.12082230233529008,-0.7680353089495129,9481,BAJFINANCE,3.0,0.6,100
-3.0593358457134023,-0.4429110517294243,0.23204303343529165,707,0.5615275813295615,3.1074964639321077,16,0.00487762687867881,-0.016242981446792343,-1.0736572140869285,-2.0252491635832093,9481,BAJFINANCE,3.0,1.0,10
-1.8784738058214987,-0.28089526778492246,0.197025630207784,336,0.5892857142857143,5.559523809523809,29,0.007401032562598891,-0.02339786125673222,-0.2873024337446676,-1.4761979722897987,9481,BAJFINANCE,3.0,1.0,20
-1.3798636460845082,-0.26721844029777936,0.20314312836198714,134,0.5895522388059702,14.373134328358208,79,0.013551234252922956,-0.048308423284272296,-0.5000708360881005,-1.086344938565963,9481,BAJFINANCE,3.0,1.0,50
-0.8339641903183662,-0.18119114063429204,0.21759308089863938,77,0.5844155844155844,26.792207792207794,112,0.020683692009319122,-0.058811931950521014,-0.11227210288634934,-0.8389435791109627,9481,BAJFINANCE,3.0,1.0,100
-3.237938000302423,-0.39938342347261024,0.15293745385507856,760,0.5434210526315789,1.9078947368421053,7,0.0039289599353988045,-0.012476242920606603,-1.208966728197092,-1.4976291119336933,9481,BAJFINANCE,3.0,1.5,10
-2.2714397221164924,-0.2872175449680877,0.13300284780086488,361,0.5595567867036011,3.4930747922437675,16,0.005860318030502781,-0.018820029518825,-0.42925646304306797,-1.379343988288545,9481,BAJFINANCE,3.0,1.5,20
-0.960898190809122,-0.1529456541597374,0.12203354076574201,147,0.6054421768707483,7.870748299319728,35,0.012514722058012843,-0.03437571539250472,0.16422861933978689,-1.0442098489419178,9481,BAJFINANCE,3.0,1.5,50
-0.8382094428808381,-0.15253932128406503,0.14228456913827656,81,0.6172839506172839,16.65432098765432,77,0.01493106665508054,-0.05210747970637154,-0.07755242668220277,-0.7912261114612881,9481,BAJFINANCE,3.0,1.5,100
