inst,pnl,bars,side
NIFTY,-0.008988626179759924,18,-1.0
NIFTY,0.0013711457901144607,4,1.0
NIFTY,0.005624825751163318,7,1.0
NIFTY,-0.013979267640918823,17,1.0
NIFTY,0.002947064999082966,8,1.0
NIFTY,0.010693670908708987,4,1.0
NIFTY,-0.029271954384255745,33,-1.0
NIFTY,0.0009408146403921272,6,-1.0
NIFTY,-0.013997187837881533,24,-1.0
NIFTY,0.001786740279258944,5,-1.0
NIFTY,0.0014672014026853079,3,-1.0
NIFTY,0.0015776549823801592,2,1.0
NIFTY,-0.003300379491840961,11,-1.0
NIFTY,0.00019265641729135,8,1.0
NIFTY,0.0036543577492655693,2,1.0
NIFTY,0.0026528512017658106,4,-1.0
NIFTY,-0.007455029226659245,20,1.0
NIFTY,-0.011691659133351361,18,-1.0
NIFTY,-0.018225803626053083,19,-1.0
NIFTY,0.0022447618758130996,6,1.0
NIFTY,0.004489353793603147,5,1.0
NIFTY,-0.004542417092079885,11,-1.0
NIFTY,0.0027022219370142105,8,1.0
NIFTY,0.006664584009529418,9,-1.0
NIFTY,-0.020185848778752128,17,1.0
NIFTY,0.003737637234145304,5,-1.0
NIFTY,-0.017559611212579502,24,1.0
NIFTY,0.0030624419275570923,9,-1.0
NIFTY,0.005452890109353717,2,1.0
NIFTY,-0.004431479000969863,15,-1.0
NIFTY,0.0031687807042015113,3,1.0
NIFTY,0.0033573335534650985,4,-1.0
NIFTY,-0.034323143183662586,23,1.0
NIFTY,0.010816589183142246,2,1.0
NIFTY,0.001743843230836791,9,1.0
NIFTY,0.0016640798795043898,10,-1.0
NIFTY,-0.021475356649352965,17,1.0
NIFTY,-0.001204011584033417,8,-1.0
NIFTY,0.007310632604815763,7,1.0
NIFTY,-0.01615342777948465,14,1.0
NIFTY,0.017541435735440012,1,-1.0
NIFTY,-0.019944529602798865,20,-1.0
NIFTY,-0.06576966362449414,47,-1.0
NIFTY,0.008148871693405115,2,-1.0
NIFTY,0.0005002099338304626,11,1.0
NIFTY,0.0004934400022968881,12,-1.0
NIFTY,0.01058683228746026,4,1.0
NIFTY,-0.04582274664171492,39,1.0
NIFTY,-0.005624355769708445,14,-1.0
NIFTY,0.004550747835420405,3,-1.0
NIFTY,-0.0006277228980969792,8,1.0
NIFTY,0.004659901313171776,1,1.0
NIFTY,-0.001521314118015578,10,1.0
NIFTY,-0.024915799536292915,26,1.0
NIFTY,-0.05588961958342156,43,-1.0
NIFTY,0.009624549622947657,3,-1.0
NIFTY,0.0005894143358753656,6,-1.0
NIFTY,0.0053968590002130765,7,1.0
NIFTY,0.007323954837136389,4,-1.0
NIFTY,-0.009172796891676209,18,1.0
NIFTY,0.01283768408929332,7,-1.0
NIFTY,0.010332443932435001,2,1.0
NIFTY,-0.010747803100216363,17,-1.0
NIFTY,-0.009373155015902985,11,1.0
NIFTY,0.012031805803428223,1,-1.0
NIFTY,0.00020505167714710552,9,-1.0
NIFTY,0.00890729263662442,2,-1.0
NIFTY,0.014442953974084634,6,1.0
NIFTY,-0.03409891609340616,35,-1.0
NIFTY,-0.007661107342709005,9,1.0
NIFTY,-0.05348187213215361,35,1.0
NIFTY,-0.022331754680106057,25,-1.0
NIFTY,-0.03452270224150924,26,1.0
NIFTY,0.0038356904113278512,4,1.0
NIFTY,-0.016222777469074665,16,1.0
NIFTY,-0.0021039326544746045,17,-1.0
NIFTY,-0.006523932432589036,17,1.0
NIFTY,0.0009191934856733763,9,1.0
NIFTY,-0.009438969313981744,18,-1.0
NIFTY,0.0015600089456671142,5,1.0
NIFTY,0.0068608092596511155,3,1.0
NIFTY,-0.012811594860081018,16,-1.0
NIFTY,-0.02905106807411979,30,-1.0
NIFTY,-0.02348587291734677,22,1.0
NIFTY,-0.009696036109865988,18,1.0
NIFTY,0.0028596340516232987,7,-1.0
NIFTY,0.00864679175521173,10,1.0
NIFTY,0.0004995429209308339,14,-1.0
NIFTY,-0.016037348104670113,23,1.0
NIFTY,0.003898689800661722,2,1.0
NIFTY,-0.004010273824521352,12,-1.0
NIFTY,-0.0169098362092904,14,1.0
NIFTY,0.008540780424456128,8,1.0
NIFTY,-0.0034048456071938374,14,-1.0
NIFTY,0.0019067314860667514,6,1.0
NIFTY,-0.003636230721672272,11,1.0
NIFTY,-0.018076660620323974,18,-1.0
NIFTY,-0.0029530352679232297,17,1.0
NIFTY,0.004935671971253486,2,1.0
NIFTY,0.0024522077927784007,6,1.0
NIFTY,0.002833817708339885,7,-1.0
NIFTY,-0.011832343477329713,21,1.0
NIFTY,0.004402124286433606,5,1.0
NIFTY,-0.015599608568874922,24,-1.0
NIFTY,0.0026027178635678458,6,1.0
NIFTY,-0.0011211511667812428,12,-1.0
NIFTY,-0.00281051068938571,13,-1.0
NIFTY,-0.015754903693558774,33,1.0
NIFTY,0.005543954588118192,3,1.0
NIFTY,-0.04043438795255162,36,-1.0
NIFTY,0.006038440056621118,5,1.0
NIFTY,0.00011637113647040262,10,1.0
NIFTY,0.003317148346685127,2,1.0
NIFTY,0.003626561161393686,3,1.0
NIFTY,0.0057491247572094015,5,-1.0
NIFTY,-0.0008931304829551481,7,1.0
NIFTY,-0.0021433166248106326,8,-1.0
NIFTY,-0.01090857749820264,21,1.0
NIFTY,-0.030359212049696577,28,-1.0
NIFTY,0.0035260697733077873,1,1.0
NIFTY,-0.0026627155484631464,12,-1.0
NIFTY,-0.0008333138734524126,12,1.0
NIFTY,0.0038348143035012204,7,-1.0
NIFTY,-0.012237908303260646,21,-1.0
NIFTY,0.0010514274101245298,5,-1.0
NIFTY,0.0009933252705415772,5,1.0
NIFTY,0.00351148439084404,2,1.0
NIFTY,0.0031304352273734065,3,1.0
NIFTY,0.003490693073666773,2,1.0
NIFTY,-0.004840355423294889,14,-1.0
NIFTY,-0.0014650442402783018,17,-1.0
NIFTY,0.0036778801146962557,2,1.0
NIFTY,0.0038399742751783145,2,1.0
NIFTY,0.00040918348215384645,9,1.0
NIFTY,0.0017256943355082731,9,-1.0
NIFTY,0.004615954714025892,3,-1.0
NIFTY,0.0039058437381230124,2,1.0
NIFTY,-0.011907047845107389,18,-1.0
NIFTY,-0.0012515613077520222,10,1.0
NIFTY,0.005831931293710613,7,1.0
NIFTY,-0.008734553900753759,13,1.0
NIFTY,0.005952879437500553,7,1.0
NIFTY,-0.02059156818107126,23,1.0
NIFTY,-0.046119244861496295,45,-1.0
NIFTY,-0.011978277416417046,16,1.0
NIFTY,-0.0004198345130102106,12,-1.0
NIFTY,0.002996805681433692,2,-1.0
NIFTY,-0.023170260197301947,30,1.0
NIFTY,0.0068691511871073465,7,1.0
NIFTY,-0.01845966589911782,21,-1.0
NIFTY,-0.016613795601933278,21,1.0
NIFTY,0.005589933091197382,4,1.0
NIFTY,-0.01829623591987955,17,1.0
NIFTY,0.005784337222502368,7,-1.0
NIFTY,-0.025960335748385046,19,1.0
NIFTY,0.015700501170841662,3,1.0
NIFTY,-0.04836237713138871,32,-1.0
NIFTY,-0.007117376073013007,14,1.0
NIFTY,-0.0015470362362862452,13,-1.0
NIFTY,0.006650853280196826,3,-1.0
NIFTY,-0.014164577813642302,23,-1.0
NIFTY,0.0020402814934382925,3,1.0
NIFTY,-0.006287500539272502,17,-1.0
NIFTY,0.0023933051536831488,3,1.0
NIFTY,0.005335457927929015,4,-1.0
NIFTY,-0.015604923622144834,25,-1.0
NIFTY,0.0018243230499894595,7,1.0
NIFTY,-0.025393476696480913,30,1.0
NIFTY,0.0029224281180715694,3,1.0
NIFTY,-0.010691989199754256,23,-1.0
NIFTY,-0.015110895107735839,21,1.0
NIFTY,0.003785092359928947,2,1.0
NIFTY,0.005663631095545753,2,-1.0
NIFTY,-0.0039505637556519375,13,-1.0
NIFTY,0.0025904697811040237,1,1.0
NIFTY,0.0010308041704875837,7,-1.0
NIFTY,0.0018082720840123616,2,-1.0
NIFTY,-0.000712448556838066,4,-1.0
NIFTY,-0.010112438421685984,16,1.0
NIFTY,0.0026466642096588,1,1.0
NIFTY,0.0024915781008735516,1,1.0
NIFTY,0.002303219355837289,3,-1.0
NIFTY,-0.003541758763773736,11,-1.0
NIFTY,0.0010910927250191568,13,-1.0
NIFTY,0.004792466116686666,3,1.0
NIFTY,0.0017845791346997669,9,-1.0
NIFTY,-0.021856592248042015,20,1.0
NIFTY,-0.0006672969414169747,7,-1.0
NIFTY,-0.0006446246298642129,10,1.0
NIFTY,-0.005221408268145317,14,-1.0
NIFTY,0.00439582305798594,2,1.0
NIFTY,-0.010865306355819287,27,-1.0
NIFTY,-0.009665289896269542,19,-1.0
NIFTY,0.0024514343263090824,3,1.0
NIFTY,0.0017278233515518346,4,1.0
NIFTY,-0.0015873810068537607,10,-1.0
NIFTY,0.004314189981235506,6,1.0
NIFTY,0.0025498720742643806,5,1.0
NIFTY,-0.007415355566089774,21,-1.0
NIFTY,0.004140348265986319,1,-1.0
NIFTY,-0.007174898676911154,18,1.0
NIFTY,0.00608378416919238,15,-1.0
NIFTY,-0.001500655047518334,10,1.0
NIFTY,-0.004617134306436035,16,-1.0
NIFTY,-0.027466733590222968,26,-1.0
NIFTY,0.003630388943831153,2,-1.0
NIFTY,-0.00787213075239831,15,1.0
NIFTY,0.009778682162438728,3,-1.0
NIFTY,0.0040879431435047586,5,1.0
NIFTY,0.004169945064518795,9,-1.0
NIFTY,-0.0004402104987970704,8,-1.0
NIFTY,-0.005940907452186611,13,1.0
NIFTY,-0.009640723755811272,22,-1.0
NIFTY,0.0034422344482585923,1,1.0
NIFTY,-0.0007883004461347635,10,1.0
NIFTY,-0.003185287725398441,12,1.0
NIFTY,-0.0014728408570673069,9,1.0
NIFTY,-0.007983359452949647,18,-1.0
NIFTY,0.0034326026933374425,1,-1.0
NIFTY,-0.01281632331449338,21,-1.0
NIFTY,0.003617689625546458,5,1.0
NIFTY,-0.009794358938283142,21,1.0
NIFTY,0.0002486996452425357,11,-1.0
NIFTY,0.004293048945465056,1,-1.0
NIFTY,-0.01643349777397967,22,1.0
NIFTY,0.003528559152686658,9,-1.0
NIFTY,-0.03577212491711348,35,-1.0
NIFTY,0.0005119999819642915,10,-1.0
NIFTY,-0.007973839576473641,13,-1.0
NIFTY,0.005671926166976403,1,-1.0
NIFTY,0.0004922797229139591,5,-1.0
NIFTY,-0.02057413957241928,25,1.0
NIFTY,-0.009560604227636839,14,-1.0
NIFTY,-0.007172183628170189,14,1.0
NIFTY,0.0040831050732495515,5,-1.0
NIFTY,0.005973733592608202,2,1.0
NIFTY,-0.06224175228318114,61,-1.0
NIFTY,0.00461821185601641,1,1.0
NIFTY,0.004753789778652236,1,-1.0
NIFTY,-0.009083070664321242,17,1.0
NIFTY,0.010310158684038034,3,1.0
NIFTY,0.006449193387946756,2,-1.0
NIFTY,-0.019237382674131474,24,-1.0
NIFTY,0.003709595713962571,2,-1.0
NIFTY,-0.0013157528303075533,10,1.0
NIFTY,0.0029590095274986297,4,1.0
NIFTY,0.006963178535330959,4,-1.0
NIFTY,-0.002921627768766207,19,-1.0
NIFTY,0.009068836661614196,2,1.0
NIFTY,-0.012159786204159329,19,1.0
NIFTY,0.003034878201683253,6,-1.0
NIFTY,-0.0031843058628427835,18,-1.0
NIFTY,-0.0006712012098513923,12,-1.0
NIFTY,-0.01602703661350216,19,1.0
NIFTY,0.000573895339125895,12,1.0
NIFTY,0.010475395104649093,4,-1.0
NIFTY,-0.015019336586682442,28,-1.0
NIFTY,0.003370767897711847,2,1.0
NIFTY,-0.004855113484923525,13,-1.0
NIFTY,-0.0044583527426946155,14,1.0
NIFTY,-0.0018364199346052321,14,1.0
NIFTY,0.005931083730203578,3,-1.0
NIFTY,0.004452115568264586,9,1.0
NIFTY,-0.04271005477174176,42,-1.0
NIFTY,-0.024587024339899437,35,-1.0
NIFTY,0.0034914823745881597,5,-1.0
NIFTY,-0.017867772846982335,19,1.0
NIFTY,-0.011343738813822467,21,-1.0
NIFTY,0.0022185102073825767,9,-1.0
NIFTY,0.0007625415571545352,4,-1.0
NIFTY,-0.018339613022697467,23,1.0
NIFTY,0.004661133548636632,1,1.0
NIFTY,0.0058486135283561105,4,-1.0
NIFTY,-0.008630634831187593,14,-1.0
NIFTY,-0.002187892920463228,8,1.0
NIFTY,0.005638155648932978,3,1.0
NIFTY,0.007790021716220528,1,-1.0
NIFTY,-0.024041275323035294,30,-1.0
NIFTY,-0.011329618495048412,23,1.0
NIFTY,-0.00803437380722822,18,1.0
NIFTY,-0.0017308228522320151,11,1.0
NIFTY,-0.0022708026279685527,16,-1.0
NIFTY,0.0028407127212587463,1,-1.0
NIFTY,0.002422295510387653,2,1.0
NIFTY,-0.030925957276829782,39,1.0
NIFTY,-0.012127483697021983,20,-1.0
NIFTY,-0.0003891037401257621,11,-1.0
NIFTY,-0.018898938223021924,18,1.0
NIFTY,0.002294457762769158,6,1.0
NIFTY,0.006044521436858844,3,1.0
NIFTY,0.00827912560342505,1,1.0
NIFTY,-0.002431605263689689,12,1.0
NIFTY,0.002684038542400664,1,1.0
NIFTY,-0.008590357010978026,13,-1.0
NIFTY,-0.003161082544599965,11,1.0
NIFTY,0.00275606251424104,7,-1.0
NIFTY,-0.045141240469395084,29,1.0
NIFTY,-0.015029199647019934,18,1.0
NIFTY,0.005823838873736684,1,1.0
NIFTY,0.005986628582463294,1,-1.0
NIFTY,-0.059226243449350055,32,-1.0
NIFTY,-0.011901162482303192,24,1.0
NIFTY,0.004721675951562411,1,1.0
NIFTY,-0.04079143282944523,35,-1.0
NIFTY,-0.0004305321902064235,10,1.0
NIFTY,0.0005511867881081488,11,-1.0
NIFTY,-0.0007288287057709585,14,1.0
NIFTY,-0.004391139840575496,14,1.0
NIFTY,-0.004118296277862925,18,-1.0
NIFTY,0.005785689524736608,1,1.0
NIFTY,-0.007954208509224792,17,1.0
NIFTY,0.004612676523415793,3,-1.0
NIFTY,0.0035058908368401157,9,-1.0
NIFTY,0.004147626669770792,1,1.0
NIFTY,0.0019555071800174584,2,-1.0
NIFTY,0.002067261080628636,8,1.0
NIFTY,-0.01885392246401182,23,-1.0
NIFTY,0.002798109024169049,4,1.0
NIFTY,-0.01749626838475601,21,-1.0
NIFTY,0.0015893470379126698,5,-1.0
NIFTY,0.0019158704671104149,4,-1.0
NIFTY,0.003573679323789823,4,1.0
NIFTY,0.004548835375306278,1,1.0
NIFTY,-0.0018616778541574205,10,-1.0
NIFTY,0.0035563666677960867,2,-1.0
NIFTY,0.0046085795325185065,2,1.0
NIFTY,-0.004208680460202976,14,1.0
NIFTY,-0.0013916746062890852,11,-1.0
NIFTY,-0.0034143589803562646,14,1.0
NIFTY,0.0027207960248989732,9,-1.0
NIFTY,0.0016330091937986648,12,1.0
NIFTY,-0.010859603057848378,16,-1.0
NIFTY,-0.016464349619217833,21,1.0
NIFTY,0.0029690464287394727,2,1.0
NIFTY,-0.0005282503961090106,11,-1.0
NIFTY,-0.002279299794049786,14,1.0
NIFTY,0.0018373935624539392,1,-1.0
NIFTY,-0.00172180569531156,9,1.0
NIFTY,0.0020725180484209194,7,-1.0
NIFTY,-0.004208836897467691,14,1.0
NIFTY,-0.01054699180835906,21,1.0
NIFTY,0.0020722174961396887,7,-1.0
NIFTY,-0.0014616586992661806,11,1.0
NIFTY,-0.0026022700186525767,14,-1.0
NIFTY,0.001975830208350393,5,1.0
NIFTY,-0.006961310837631606,13,1.0
NIFTY,0.003496205611399852,8,1.0
NIFTY,-0.017779083664900733,30,-1.0
NIFTY,-0.019435288263470563,22,-1.0
NIFTY,0.0023888475114529173,4,-1.0
NIFTY,-0.0014689511516783682,8,1.0
NIFTY,-0.012793932442796856,33,-1.0
NIFTY,0.0004053179756413067,9,1.0
NIFTY,0.0023536668372225455,7,-1.0
NIFTY,0.001144055538472621,8,-1.0
NIFTY,0.0016047229770081225,5,1.0
NIFTY,-0.0027508648995202487,12,1.0
NIFTY,-0.0013281548523206349,10,-1.0
NIFTY,-0.0013984859113464034,10,1.0
NIFTY,0.004008470888792039,5,1.0
NIFTY,0.0038453722123776768,2,1.0
NIFTY,0.00042576429252479646,7,-1.0
NIFTY,0.0021281363117109904,5,1.0
NIFTY,-0.006010846300987657,14,-1.0
NIFTY,-0.003269466804461899,14,-1.0
NIFTY,0.004032172221500476,2,1.0
NIFTY,0.002932507148559233,5,1.0
NIFTY,0.0020884387760523996,4,1.0
NIFTY,0.003748567644440896,3,1.0
NIFTY,0.0025892736064945824,4,1.0
NIFTY,-0.011837196073855364,23,-1.0
NIFTY,0.0013889456632223344,4,1.0
NIFTY,0.0007874481169627169,7,1.0
NIFTY,0.0023101972503139587,1,1.0
NIFTY,0.0023088740413906863,3,1.0
NIFTY,0.0017742768932555066,4,1.0
NIFTY,0.001880941982823457,4,-1.0
NIFTY,0.001174948876197553,7,1.0
NIFTY,0.0028116489202213487,3,-1.0
NIFTY,-0.015790108336035003,28,-1.0
NIFTY,-0.010402788066507644,27,-1.0
NIFTY,0.0025005953699931325,5,1.0
NIFTY,-0.018870731389771328,29,1.0
NIFTY,0.0029381299429417644,2,-1.0
NIFTY,0.002073401856896777,1,-1.0
NIFTY,-0.01195642968828182,20,-1.0
NIFTY,-0.001514867760409476,15,-1.0
NIFTY,-0.0009471098172082384,5,1.0
NIFTY,-0.020921105800152464,21,1.0
NIFTY,-0.007746157109309933,25,-1.0
NIFTY,0.004039125234663491,2,1.0
NIFTY,-0.014943003472821683,23,-1.0
NIFTY,-0.007701994189342717,20,1.0
NIFTY,0.0033346836532678692,1,1.0
NIFTY,-0.009612588492678554,21,1.0
NIFTY,0.004190104966433568,1,-1.0
NIFTY,-8.345353657559682e-05,7,-1.0
NIFTY,-0.020083543261235105,26,1.0
NIFTY,0.0038726442917750925,1,1.0
NIFTY,-0.0002228905668395221,8,1.0
NIFTY,0.0024245016123850124,7,-1.0
NIFTY,-0.001987959245900418,18,-1.0
NIFTY,0.0018105669771328132,4,-1.0
NIFTY,-0.0007798697770627595,12,-1.0
NIFTY,5.1951612278337356e-05,9,1.0
NIFTY,-0.012346340567600428,26,-1.0
NIFTY,0.005989465158984789,1,1.0
NIFTY,-0.03800773250284821,21,1.0
NIFTY,0.005512898229472043,1,1.0
NIFTY,-0.0016022960989738003,7,1.0
NIFTY,0.004269912426115789,7,-1.0
NIFTY,-0.018174077216450875,21,1.0
NIFTY,-0.00499269103216988,11,1.0
NIFTY,0.002979853243474536,3,-1.0
NIFTY,0.0023820206327601913,6,-1.0
NIFTY,0.006881894617037244,2,1.0
NIFTY,-0.00611754211296415,23,-1.0
NIFTY,0.002196042744691087,9,-1.0
NIFTY,0.0032070030462830156,3,-1.0
NIFTY,-0.004999171590379876,15,-1.0
NIFTY,-0.021552500235711446,45,1.0
NIFTY,0.006851601687558716,3,1.0
NIFTY,0.0023568179656495622,9,-1.0
NIFTY,0.0018729053569969108,7,1.0
NIFTY,0.004246308810915658,5,1.0
NIFTY,0.004302355639385308,2,1.0
NIFTY,-0.0010915818621786714,8,1.0
NIFTY,0.0008003300781248364,7,-1.0
NIFTY,-0.007229458570047569,14,1.0
NIFTY,-7.313022611697115e-05,10,-1.0
NIFTY,0.0029396752732023554,5,-1.0
NIFTY,-0.018102622580974,33,-1.0
NIFTY,-0.006746041067722322,20,-1.0
NIFTY,0.002873293391726533,5,1.0
NIFTY,-0.008721838325319076,27,-1.0
NIFTY,0.0013763470594266183,1,-1.0
NIFTY,0.0012552396899762333,1,1.0
NIFTY,-0.011006465317661288,18,-1.0
NIFTY,0.0029223260106842363,7,1.0
NIFTY,0.0038922938608985094,3,-1.0
NIFTY,-0.010576698914729574,17,1.0
NIFTY,0.006514154775632915,4,-1.0
NIFTY,-0.01660476381997962,21,1.0
NIFTY,0.0010869119047013168,15,1.0
NIFTY,0.0027507119086803635,9,-1.0
NIFTY,-0.014518355317955577,20,-1.0
NIFTY,-0.0006897764718253318,10,1.0
NIFTY,-0.009851682840229815,23,-1.0
NIFTY,-0.0007259865799573162,9,-1.0
NIFTY,-0.013145253232483183,17,1.0
NIFTY,0.0030923175895533036,1,-1.0
NIFTY,-0.0076547033051299436,16,1.0
NIFTY,-0.0016078263121576991,12,1.0
NIFTY,-0.0006588877469853945,7,-1.0
NIFTY,-0.0009152679326532868,9,1.0
NIFTY,-0.009854362789963742,16,1.0
NIFTY,-0.006132811816707545,14,-1.0
NIFTY,-0.008301625761185052,15,1.0
NIFTY,0.0018779997157583807,3,-1.0
NIFTY,0.005107287880127495,1,-1.0
NIFTY,0.003686264548338803,2,-1.0
NIFTY,-0.014121405567305971,20,-1.0
NIFTY,0.002177621506465248,3,1.0
NIFTY,0.003019375023138524,2,1.0
NIFTY,-0.007527586392543735,19,-1.0
NIFTY,-0.004229923847601961,18,1.0
NIFTY,-0.030434859652838472,33,1.0
NIFTY,0.004886610229105848,3,-1.0
NIFTY,0.008873180952590471,2,1.0
NIFTY,0.003197856394954474,2,1.0
NIFTY,0.0008673743000902838,6,-1.0
NIFTY,0.0019518847139494927,8,-1.0
NIFTY,0.004917210930469383,3,-1.0
NIFTY,0.003003521486401502,5,1.0
NIFTY,-0.00755601839509632,16,1.0
NIFTY,0.004895804677007611,1,1.0
NIFTY,0.0037809612320497737,1,1.0
NIFTY,0.0004555400271260424,7,-1.0
NIFTY,0.0058029999322384606,3,1.0
NIFTY,-0.0019255517641507517,12,-1.0
NIFTY,-0.003504740471094093,18,-1.0
NIFTY,-0.030298222968567885,25,1.0
NIFTY,-0.018805857296055363,20,1.0
NIFTY,0.008921793314377575,7,-1.0
NIFTY,0.004598559893733444,5,-1.0
NIFTY,-0.010910887556615014,16,1.0
NIFTY,-0.0077869592270726545,14,-1.0
NIFTY,0.002506828254244303,8,1.0
NIFTY,-0.008771146201234422,20,-1.0
NIFTY,0.009229750668560976,3,1.0
NIFTY,-0.05107178628221831,19,-1.0
NIFTY,0.005403598199056064,9,1.0
NIFTY,0.008047471052452019,1,-1.0
NIFTY,-0.022981580812115675,38,-1.0
NIFTY,0.003761646222353034,1,1.0
NIFTY,0.0022025209160009152,2,1.0
NIFTY,-0.018888692303448203,22,-1.0
NIFTY,0.0031406467996006313,6,-1.0
NIFTY,0.0031571006621823783,7,1.0
NIFTY,0.004710297704544461,3,1.0
NIFTY,0.004476823683249221,2,1.0
NIFTY,0.0029201636158621455,5,-1.0
NIFTY,-0.002610335984324149,13,-1.0
NIFTY,0.0034475442462821,5,1.0
NIFTY,0.0018251670950002986,8,-1.0
NIFTY,0.0014379488784270647,7,-1.0
NIFTY,0.003795819282447853,5,1.0
NIFTY,0.0030390834098890708,5,1.0
NIFTY,-0.007191306030479825,22,-1.0
NIFTY,0.002740297072008778,1,1.0
NIFTY,-0.003404321754349848,12,1.0
NIFTY,0.004800184012747012,2,-1.0
NIFTY,0.0033562470869952636,1,1.0
NIFTY,0.0027674505772962666,6,-1.0
NIFTY,-0.0020815029110396927,7,1.0
NIFTY,0.0024153740711478854,1,-1.0
NIFTY,0.0033645711473761354,1,-1.0
NIFTY,-0.009886633262794008,19,1.0
NIFTY,0.004729043683392438,6,1.0
NIFTY,0.001937669816419155,8,-1.0
NIFTY,0.0042339635874310425,1,-1.0
NIFTY,0.0035198817385055222,2,1.0
NIFTY,-0.00608959512303371,13,1.0
NIFTY,-0.04558789118213392,35,1.0
NIFTY,0.024215587887577942,4,1.0
NIFTY,0.014117600456456202,7,1.0
NIFTY,-0.036084353138818664,21,-1.0
NIFTY,0.014194937133727624,4,-1.0
NIFTY,0.003454665378579135,8,1.0
NIFTY,0.00252954183834803,9,-1.0
NIFTY,-0.09429022527013733,41,-1.0
NIFTY,-0.005055405842201058,9,1.0
NIFTY,-0.03874670109118282,28,-1.0
NIFTY,0.011247679385474692,4,1.0
NIFTY,-0.025811612578012726,27,-1.0
NIFTY,0.004005036059850333,1,1.0
NIFTY,0.004546973143899487,3,-1.0
NIFTY,-0.002441778783721118,7,1.0
NIFTY,-0.019688468828073763,20,-1.0
NIFTY,0.004206271493425168,1,-1.0
NIFTY,0.004620024772652397,3,1.0
NIFTY,0.0015646881935927005,8,-1.0
NIFTY,-0.01000188993608478,17,1.0
NIFTY,0.002882648643496702,1,-1.0
NIFTY,0.003304512730958734,1,-1.0
NIFTY,0.0008625333465077988,7,1.0
NIFTY,-0.008874517289545449,18,-1.0
NIFTY,0.001989771060070551,6,1.0
NIFTY,-0.04497197200144829,33,1.0
NIFTY,-0.042960275391050656,42,-1.0
NIFTY,0.005012348329008535,4,-1.0
NIFTY,0.006865660095180955,1,1.0
NIFTY,-0.00017207009914393454,8,1.0
NIFTY,0.002457713769742112,10,1.0
NIFTY,0.007169792048032903,5,1.0
NIFTY,-0.0028464196684941027,11,-1.0
NIFTY,-0.056517504673563736,39,-1.0
NIFTY,0.010155330015247366,2,1.0
NIFTY,-0.020680495838747634,35,-1.0
NIFTY,0.004379707749513561,4,-1.0
NIFTY,0.0055141732909449615,1,-1.0
NIFTY,-0.005825024504652262,14,-1.0
NIFTY,-0.013795422205383375,11,1.0
NIFTY,0.0023249021078260387,6,-1.0
NIFTY,0.00037902131089065323,8,-1.0
NIFTY,0.0013411013870857985,4,-1.0
NIFTY,0.0014461912187079,7,-1.0
NIFTY,0.004684115861043122,4,-1.0
NIFTY,-0.019729387480462476,25,-1.0
NIFTY,-0.005397399864678018,14,1.0
NIFTY,-0.04526996279760066,34,1.0
NIFTY,-0.009538343406067549,19,-1.0
NIFTY,-0.0026344038754558467,10,-1.0
NIFTY,-0.0270918877168298,29,1.0
NIFTY,0.009354933879790597,3,1.0
NIFTY,-0.0025112408140263685,12,-1.0
NIFTY,0.003764226221001328,7,1.0
NIFTY,0.0053346849915528296,1,-1.0
NIFTY,0.003375007488594125,6,1.0
NIFTY,0.00682002114093741,5,-1.0
NIFTY,-0.020140255202762403,12,1.0
NIFTY,0.011041767122817858,7,1.0
NIFTY,-0.024043345600664415,28,-1.0
NIFTY,0.009427397362452785,2,1.0
NIFTY,0.005278993846417721,1,-1.0
NIFTY,-0.009702961941107983,18,-1.0
NIFTY,-0.009917977871378662,14,-1.0
NIFTY,0.005787924560949321,1,1.0
NIFTY,0.0009685236585120084,7,-1.0
NIFTY,-0.0010598140419442,13,1.0
NIFTY,0.007083949876812201,3,1.0
NIFTY,0.002498884357591847,8,-1.0
NIFTY,0.0016004718646620774,8,-1.0
NIFTY,0.0022973005090059727,6,1.0
NIFTY,-0.021365868762380634,22,-1.0
NIFTY,-0.0006474965769398298,11,-1.0
NIFTY,0.0018858460016063386,4,-1.0
NIFTY,-0.009595451321224135,19,-1.0
NIFTY,0.001945334342949158,8,1.0
NIFTY,-0.007580778216885735,16,-1.0
NIFTY,-0.002018980176430015,10,1.0
NIFTY,-0.008518795828561623,17,-1.0
NIFTY,-0.0008264822467375433,11,1.0
NIFTY,0.001648667338057952,3,-1.0
NIFTY,-0.0048886957562368554,17,1.0
NIFTY,-0.020888365223546337,15,1.0
NIFTY,0.01016931112117291,1,-1.0
NIFTY,0.0075114381048238974,1,1.0
NIFTY,-0.0038411832876788328,13,-1.0
NIFTY,-0.01812044266074289,20,1.0
NIFTY,0.010398031721708187,3,-1.0
NIFTY,0.00259769827056996,9,-1.0
NIFTY,-0.00710222002175056,12,1.0
NIFTY,0.0077571743710215585,5,-1.0
NIFTY,-0.007897131688146057,10,1.0
NIFTY,0.0025662528283455018,4,1.0
NIFTY,-0.001349841048613973,7,1.0
NIFTY,-0.008890772977771159,8,1.0
NIFTY,0.006351319966085317,5,-1.0
NIFTY,-0.012397133620129997,18,-1.0
NIFTY,-0.006391691059267706,11,1.0
NIFTY,0.010386932089628586,5,1.0
NIFTY,0.004611034571726545,6,-1.0
NIFTY,0.005983794792586993,7,1.0
NIFTY,0.0013840158494808678,9,-1.0
NIFTY,-0.025766318576798355,26,1.0
NIFTY,0.007908590063009818,2,1.0
NIFTY,-0.020450978714911326,20,-1.0
NIFTY,0.008163382404154106,3,1.0
NIFTY,0.0031192995173461562,5,-1.0
NIFTY,0.002151983601555389,8,1.0
NIFTY,0.007067614892939966,3,1.0
NIFTY,0.0037361072885665992,1,-1.0
NIFTY,-0.0310330969845343,23,1.0
NIFTY,0.004793135302462232,1,-1.0
NIFTY,-0.019970974420255857,17,1.0
NIFTY,0.003962875527655585,6,-1.0
NIFTY,-0.0014501234750113774,14,-1.0
NIFTY,0.0003156106963153739,5,1.0
NIFTY,0.004417873250148258,5,-1.0
NIFTY,-0.03321679979411883,35,-1.0
NIFTY,-0.005066312824874744,12,1.0
NIFTY,0.002008669359806083,5,-1.0
NIFTY,-0.0010214074608645084,7,1.0
NIFTY,-0.01321939160028194,20,1.0
NIFTY,0.004484553569055721,3,1.0
NIFTY,0.0015347809882388967,7,1.0
NIFTY,-0.0019133704314183602,14,-1.0
NIFTY,0.0004485518987523257,5,-1.0
NIFTY,-0.0005735365002696337,12,-1.0
NIFTY,0.001383764540133544,9,1.0
NIFTY,-0.0064620708757235825,21,-1.0
NIFTY,-0.005332234610782134,20,-1.0
NIFTY,0.0013318747388555174,6,1.0
NIFTY,0.002440171053673047,1,-1.0
NIFTY,-0.00110126251498872,11,1.0
NIFTY,-0.0030980620758650507,14,-1.0
NIFTY,0.002413530467702967,3,1.0
NIFTY,0.00269339035243561,3,-1.0
NIFTY,-0.021075278733364136,20,1.0
NIFTY,0.010186426917966474,1,1.0
NIFTY,0.008085151819917955,2,-1.0
NIFTY,0.0023768873906548403,7,-1.0
NIFTY,-0.008374052289621532,23,1.0
BANKNIFTY,-0.0014146785487270928,9,1.0
BANKNIFTY,0.010869508572009788,4,1.0
BANKNIFTY,-0.007581061182892552,15,-1.0
BANKNIFTY,0.004721836487237853,4,-1.0
BANKNIFTY,0.006084680703236908,7,1.0
BANKNIFTY,-0.004470521377918152,12,-1.0
BANKNIFTY,-0.04178035630930312,37,-1.0
BANKNIFTY,0.0035848076392604377,7,-1.0
BANKNIFTY,0.004897105056118292,3,-1.0
BANKNIFTY,-0.030705485107521073,27,-1.0
BANKNIFTY,0.00432513928171588,6,-1.0
BANKNIFTY,0.0038003034082875024,5,1.0
BANKNIFTY,-0.003244110880759601,11,-1.0
BANKNIFTY,-0.014205894721557194,16,-1.0
BANKNIFTY,0.003921613234774695,2,1.0
BANKNIFTY,0.004473434677680228,2,1.0
BANKNIFTY,-0.015173429634822308,16,1.0
BANKNIFTY,-0.007666299216952596,14,-1.0
BANKNIFTY,-0.065466707052833,30,-1.0
BANKNIFTY,0.0039431305161393,5,-1.0
BANKNIFTY,0.004073119838085033,1,1.0
BANKNIFTY,-0.026323172506823787,21,-1.0
BANKNIFTY,0.0027871653515292665,4,1.0
BANKNIFTY,-0.001269557260277273,9,1.0
BANKNIFTY,0.0038754627205641575,4,1.0
BANKNIFTY,-0.01094023020898791,14,-1.0
BANKNIFTY,0.005536861625762788,2,1.0
BANKNIFTY,-0.022322425772228774,16,1.0
BANKNIFTY,-0.06776971486560501,26,1.0
BANKNIFTY,0.012168522963819723,4,-1.0
BANKNIFTY,0.005093460087059882,3,1.0
BANKNIFTY,0.00475740696691705,1,1.0
BANKNIFTY,-0.021469711105280904,26,-1.0
BANKNIFTY,-0.027826102539561283,19,1.0
BANKNIFTY,-0.009570605386571463,12,1.0
BANKNIFTY,0.011664970921424924,4,-1.0
BANKNIFTY,0.015992439087233346,3,1.0
BANKNIFTY,0.0024140299091485865,9,1.0
BANKNIFTY,-0.027445193377340242,20,-1.0
BANKNIFTY,0.008684337149687298,1,1.0
BANKNIFTY,0.005367355148391792,6,-1.0
BANKNIFTY,-0.012567000514575506,19,1.0
BANKNIFTY,0.009372101962108042,6,1.0
BANKNIFTY,-0.06526354426086603,24,-1.0
BANKNIFTY,0.020441438418134006,7,1.0
BANKNIFTY,0.01943128249261206,1,-1.0
BANKNIFTY,-0.025383706336896735,20,-1.0
BANKNIFTY,0.006121906964128918,1,-1.0
BANKNIFTY,0.008252581424339569,3,1.0
BANKNIFTY,0.008334036041769232,4,-1.0
BANKNIFTY,0.008804474353390275,7,1.0
BANKNIFTY,-0.0815706910973942,45,-1.0
BANKNIFTY,-5.706273125400237e-05,7,1.0
BANKNIFTY,0.0049858916411780725,5,-1.0
BANKNIFTY,0.006114253739406275,10,1.0
BANKNIFTY,-0.003213020996763003,13,-1.0
BANKNIFTY,0.010263551290756137,1,1.0
BANKNIFTY,-0.07305963669766252,39,1.0
BANKNIFTY,-0.004357572521866476,14,-1.0
BANKNIFTY,0.00212910151523788,9,1.0
BANKNIFTY,0.0006142955945133163,9,1.0
BANKNIFTY,0.006294700348554445,5,1.0
BANKNIFTY,0.006608573095895165,2,1.0
BANKNIFTY,0.0065946082699855305,2,1.0
BANKNIFTY,0.007479987227000571,2,1.0
BANKNIFTY,-0.0534190174505347,39,-1.0
BANKNIFTY,2.1547283482068564e-05,11,-1.0
BANKNIFTY,0.0012386026180598092,7,-1.0
BANKNIFTY,0.00027760523452580985,9,1.0
BANKNIFTY,0.008302949308389946,4,-1.0
BANKNIFTY,-0.01110187562501449,18,1.0
BANKNIFTY,0.011869500218722285,3,1.0
BANKNIFTY,-0.019218642777134712,19,-1.0
BANKNIFTY,-0.03289103893732802,19,1.0
BANKNIFTY,0.0002563414710660276,9,-1.0
BANKNIFTY,-0.0016322259148546737,10,1.0
BANKNIFTY,0.020804088005935244,5,-1.0
BANKNIFTY,-0.03251001386357287,23,-1.0
BANKNIFTY,-0.06216455395274615,34,1.0
BANKNIFTY,0.018235794781059616,2,1.0
BANKNIFTY,-0.031028761873393172,26,-1.0
BANKNIFTY,-0.04405274007543569,26,1.0
BANKNIFTY,0.01040225667665214,4,1.0
BANKNIFTY,-0.04749586678583061,16,1.0
BANKNIFTY,0.010642851742786763,12,-1.0
BANKNIFTY,-0.020899123855897938,18,1.0
BANKNIFTY,0.004472347018821013,8,1.0
BANKNIFTY,-0.030724718161968916,21,-1.0
BANKNIFTY,-0.04342690651635529,28,-1.0
BANKNIFTY,-0.03817290151481409,23,1.0
BANKNIFTY,-0.00016535909080792228,12,1.0
BANKNIFTY,-0.010070360999398387,11,-1.0
BANKNIFTY,0.013316319371812753,1,1.0
BANKNIFTY,0.009545960714195178,6,-1.0
BANKNIFTY,0.006064504178399721,2,1.0
BANKNIFTY,-0.026080613988655185,26,1.0
BANKNIFTY,0.007059300422672054,1,1.0
BANKNIFTY,-0.006285825405144665,14,-1.0
BANKNIFTY,-0.028922041742258462,17,1.0
BANKNIFTY,0.012846524368132438,7,1.0
BANKNIFTY,-0.016264162434213233,18,-1.0
BANKNIFTY,-0.01833331570322743,19,1.0
BANKNIFTY,-0.040549055756878616,26,-1.0
BANKNIFTY,0.002350688282413178,6,-1.0
BANKNIFTY,0.004384992511743603,5,1.0
BANKNIFTY,0.004751678937225305,5,-1.0
BANKNIFTY,-0.020108961637028088,25,1.0
BANKNIFTY,-0.008973470059665702,15,1.0
BANKNIFTY,0.007852813709509767,3,1.0
BANKNIFTY,0.005855665463930458,4,1.0
BANKNIFTY,0.003233724144672033,7,-1.0
BANKNIFTY,-0.03241140311434363,33,1.0
BANKNIFTY,0.0037199228031702296,3,-1.0
BANKNIFTY,-0.06559298915635124,27,-1.0
BANKNIFTY,-0.00016238419997286892,10,1.0
BANKNIFTY,0.01104223222127806,2,-1.0
BANKNIFTY,0.0027417309362518846,9,-1.0
BANKNIFTY,0.006617567709523603,3,-1.0
BANKNIFTY,0.00029665722513396955,5,1.0
BANKNIFTY,0.004913709596959397,3,1.0
BANKNIFTY,-0.013506591208160638,13,1.0
BANKNIFTY,-0.004222843154775939,8,-1.0
BANKNIFTY,0.004907922411760546,6,1.0
BANKNIFTY,0.00548165791546498,5,1.0
BANKNIFTY,-0.040240657078738584,27,-1.0
BANKNIFTY,-0.0012137750987004873,9,-1.0
BANKNIFTY,-0.0007773493804264706,8,-1.0
BANKNIFTY,-0.002932218233816604,11,1.0
BANKNIFTY,0.004279912689199181,11,-1.0
BANKNIFTY,-0.020450139850002765,21,-1.0
BANKNIFTY,0.003182207022142237,1,-1.0
BANKNIFTY,0.0006800897991249232,5,1.0
BANKNIFTY,0.003441104705066674,2,-1.0
BANKNIFTY,0.0015178437733223962,5,1.0
BANKNIFTY,0.005426734734138273,4,-1.0
BANKNIFTY,0.004680540623984979,6,1.0
BANKNIFTY,-0.011035291427017783,15,-1.0
BANKNIFTY,-0.004176522946704694,9,1.0
BANKNIFTY,0.010506915257453115,5,1.0
BANKNIFTY,-0.008448674182150612,13,1.0
BANKNIFTY,-0.019229017426558536,22,1.0
BANKNIFTY,0.0052069298350198145,1,-1.0
BANKNIFTY,-0.00042312871276661634,6,1.0
BANKNIFTY,-0.1032625830273048,52,-1.0
BANKNIFTY,-0.030163532057782425,23,-1.0
BANKNIFTY,-0.011896195408662965,13,1.0
BANKNIFTY,0.005989142913162604,9,-1.0
BANKNIFTY,-0.019512500316028976,22,1.0
BANKNIFTY,-0.0054590110627501,14,1.0
BANKNIFTY,0.0038358412129579278,7,1.0
BANKNIFTY,-0.005941315313477849,14,-1.0
BANKNIFTY,-0.021229429743645833,16,1.0
BANKNIFTY,0.006026830743951337,7,-1.0
BANKNIFTY,-0.03804432068043416,28,1.0
BANKNIFTY,-0.005351594618258554,7,1.0
BANKNIFTY,0.011604539043757566,1,1.0
BANKNIFTY,-0.008989962722053125,12,1.0
BANKNIFTY,0.0057102239479447005,2,1.0
BANKNIFTY,0.006953339789477417,1,1.0
BANKNIFTY,-0.005222735335884298,12,-1.0
BANKNIFTY,-0.03692032631448865,18,1.0
BANKNIFTY,-0.025883149855604016,14,1.0
BANKNIFTY,0.0023049340047237897,13,-1.0
BANKNIFTY,0.004658798843479172,10,1.0
BANKNIFTY,-0.08548990293493787,28,-1.0
BANKNIFTY,-0.005053074188264033,9,1.0
BANKNIFTY,-0.007503291346352177,13,-1.0
BANKNIFTY,0.017643734288689535,2,-1.0
BANKNIFTY,-0.013708796415420992,14,-1.0
BANKNIFTY,0.009935100998307115,7,1.0
BANKNIFTY,-0.003477110145149999,16,-1.0
BANKNIFTY,-0.0010108168104329316,5,-1.0
BANKNIFTY,0.0065212147388771236,3,1.0
BANKNIFTY,-0.04602834869949237,30,-1.0
BANKNIFTY,-0.06413069808491889,39,1.0
BANKNIFTY,-0.017072844723506835,15,1.0
BANKNIFTY,-0.014954839480503596,18,-1.0
BANKNIFTY,-0.046233353907399875,22,-1.0
BANKNIFTY,-0.02460832424708247,22,1.0
BANKNIFTY,0.0023398416421280903,7,-1.0
BANKNIFTY,0.005543845191105934,6,1.0
BANKNIFTY,-0.0016488592038554153,4,-1.0
BANKNIFTY,-0.010856842742383497,16,1.0
BANKNIFTY,0.008161711080128534,3,-1.0
BANKNIFTY,0.004983584304809846,7,1.0
BANKNIFTY,0.0008260871681915302,13,-1.0
BANKNIFTY,-0.04487867710510721,21,1.0
BANKNIFTY,-0.0012771287508987943,7,-1.0
BANKNIFTY,0.004889108317505791,8,1.0
BANKNIFTY,-0.018521093298766424,15,-1.0
BANKNIFTY,0.006687852927150951,1,1.0
BANKNIFTY,0.0039055575020654487,6,1.0
BANKNIFTY,-0.012803129960886412,11,-1.0
BANKNIFTY,0.002293266156697029,15,1.0
BANKNIFTY,-0.022003050306509075,26,-1.0
BANKNIFTY,-0.019332262069164174,4,-1.0
BANKNIFTY,0.0002514565380598548,9,1.0
BANKNIFTY,0.006820755200569682,13,-1.0
BANKNIFTY,0.006126469189740994,1,1.0
BANKNIFTY,-0.008004478007249257,14,-1.0
BANKNIFTY,0.009657886312502799,1,1.0
BANKNIFTY,0.00471706085746236,2,-1.0
BANKNIFTY,-0.017900539909297193,16,1.0
BANKNIFTY,0.003426228191592586,8,-1.0
BANKNIFTY,0.005900491002474348,4,-1.0
BANKNIFTY,0.004795787863755092,1,-1.0
BANKNIFTY,-0.005404135618607185,15,1.0
BANKNIFTY,0.006758034297683956,4,-1.0
BANKNIFTY,0.0101607051202209,2,1.0
BANKNIFTY,0.011031818147956203,2,1.0
BANKNIFTY,0.0022061665951929516,6,1.0
BANKNIFTY,-0.002481682650094974,10,1.0
BANKNIFTY,-0.027948052325481833,25,-1.0
BANKNIFTY,-0.011299070189913565,14,1.0
BANKNIFTY,0.007280803224191546,2,-1.0
BANKNIFTY,-0.03605032183475863,23,1.0
BANKNIFTY,0.011875293833452788,1,-1.0
BANKNIFTY,-0.04454210445803667,39,-1.0
BANKNIFTY,-0.018593610192712103,15,-1.0
BANKNIFTY,-0.020706177516234284,14,-1.0
BANKNIFTY,0.004480561233548689,3,-1.0
BANKNIFTY,0.007954224022585912,1,-1.0
BANKNIFTY,0.0012145657802450252,8,-1.0
BANKNIFTY,-0.004134073877270758,14,1.0
BANKNIFTY,0.0075406541698766144,2,1.0
BANKNIFTY,0.006495761712827591,2,1.0
BANKNIFTY,-0.005290056137196968,14,1.0
BANKNIFTY,-0.060965628109896836,59,-1.0
BANKNIFTY,0.004496851613597694,11,1.0
BANKNIFTY,0.001147351246272727,5,1.0
BANKNIFTY,0.009895417293019081,2,1.0
BANKNIFTY,0.005731221844214198,5,1.0
BANKNIFTY,-0.013407933221989292,19,-1.0
BANKNIFTY,0.004840774153731532,6,1.0
BANKNIFTY,-0.01279051785726389,19,1.0
BANKNIFTY,0.005497555393318504,1,-1.0
BANKNIFTY,-0.004919624939983692,12,1.0
BANKNIFTY,-0.0016970489383976756,13,-1.0
BANKNIFTY,-0.013465418731394624,20,1.0
BANKNIFTY,-0.004521693890817806,13,-1.0
BANKNIFTY,0.001354793384085499,5,-1.0
BANKNIFTY,-0.008781149186147693,18,1.0
BANKNIFTY,-0.0004626831658076406,9,1.0
BANKNIFTY,0.009702312315703615,1,1.0
BANKNIFTY,0.005880538457129343,7,1.0
BANKNIFTY,-0.0005082546219900459,12,-1.0
BANKNIFTY,0.00501681104633799,5,-1.0
BANKNIFTY,-0.026371009570329916,16,1.0
BANKNIFTY,0.012381946282093628,5,-1.0
BANKNIFTY,0.0024651648854455265,7,-1.0
BANKNIFTY,0.004610329605097714,13,1.0
BANKNIFTY,0.008243558108570345,7,1.0
BANKNIFTY,-0.0322016888494421,28,-1.0
BANKNIFTY,-0.000651227045904226,16,-1.0
BANKNIFTY,-0.0030358119804194113,15,-1.0
BANKNIFTY,0.0060688485885184605,5,1.0
BANKNIFTY,-0.017154989010888508,16,1.0
BANKNIFTY,-0.021835469969547695,22,-1.0
BANKNIFTY,0.004054220580501669,3,1.0
BANKNIFTY,0.0033451860261609376,3,-1.0
BANKNIFTY,0.003423053321773342,4,-1.0
BANKNIFTY,-0.02938137146868428,23,1.0
BANKNIFTY,-0.07727870843014584,29,1.0
BANKNIFTY,0.008815081061352715,6,-1.0
BANKNIFTY,-0.03007755685404789,21,-1.0
BANKNIFTY,-0.019167104743660016,17,1.0
BANKNIFTY,0.003260805444914138,3,-1.0
BANKNIFTY,-0.007338793151411576,14,1.0
BANKNIFTY,0.006787717426776496,5,1.0
BANKNIFTY,0.0049236216440139815,5,1.0
BANKNIFTY,-0.0016829263994024262,9,-1.0
BANKNIFTY,0.004860105072276863,6,1.0
BANKNIFTY,-0.016429288432769945,18,-1.0
BANKNIFTY,-0.031551277415364724,46,1.0
BANKNIFTY,-0.002777923124576745,12,-1.0
BANKNIFTY,-0.00021269711685500695,13,-1.0
BANKNIFTY,-0.018972716684075606,18,1.0
BANKNIFTY,0.0036159734823692094,4,1.0
BANKNIFTY,-0.0016385559343877075,6,1.0
BANKNIFTY,0.00914099163502157,1,1.0
BANKNIFTY,-0.017925302898263766,17,1.0
BANKNIFTY,0.00019893154918372574,7,-1.0
BANKNIFTY,-0.0371383148530079,21,1.0
BANKNIFTY,0.00786584189225507,7,-1.0
BANKNIFTY,-0.03121925196923256,23,1.0
BANKNIFTY,0.012818877549389714,1,-1.0
BANKNIFTY,0.013935393875454444,1,1.0
BANKNIFTY,-0.07943628562054879,33,-1.0
BANKNIFTY,0.005387807349658674,1,1.0
BANKNIFTY,-0.01991726780287464,16,-1.0
BANKNIFTY,-0.02041535254354031,17,-1.0
BANKNIFTY,0.0033959364174096134,1,1.0
BANKNIFTY,-0.0047117570839036935,9,-1.0
BANKNIFTY,0.007626615144200813,5,1.0
BANKNIFTY,0.0032086649566348373,7,1.0
BANKNIFTY,-0.00841607158501568,15,1.0
BANKNIFTY,0.0044279303992122345,3,-1.0
BANKNIFTY,0.0022108937024094555,9,1.0
BANKNIFTY,0.002560849854559779,5,1.0
BANKNIFTY,-0.000419141549659073,12,-1.0
BANKNIFTY,-0.0019522728419372316,12,-1.0
BANKNIFTY,-0.00745560034659109,12,1.0
BANKNIFTY,0.00602520315417739,4,-1.0
BANKNIFTY,0.007346474413715053,3,1.0
BANKNIFTY,0.003251289549944649,2,1.0
BANKNIFTY,0.002224742341251693,3,1.0
BANKNIFTY,0.0019312851374984894,4,-1.0
BANKNIFTY,0.006917374643458466,6,1.0
BANKNIFTY,-0.008507072842720429,18,-1.0
BANKNIFTY,0.0013886708040001462,5,1.0
BANKNIFTY,-0.045261462098990034,40,-1.0
BANKNIFTY,-0.004963050309912061,14,1.0
BANKNIFTY,0.006628469473038732,8,-1.0
BANKNIFTY,-0.010262118242448081,19,1.0
BANKNIFTY,-0.007901673059976641,14,1.0
BANKNIFTY,-0.009135046435112624,14,-1.0
BANKNIFTY,0.0036591416344210646,4,1.0
BANKNIFTY,0.0014595332785398976,4,-1.0
BANKNIFTY,-0.0015072363981181631,12,1.0
BANKNIFTY,-0.049109121511654925,45,-1.0
BANKNIFTY,0.0046869564626805076,10,1.0
BANKNIFTY,-0.0009263366727620664,4,-1.0
BANKNIFTY,0.002379312178312957,2,1.0
BANKNIFTY,0.0017595706838560096,6,-1.0
BANKNIFTY,-0.008112547158068327,17,1.0
BANKNIFTY,0.0025468568886354293,7,-1.0
BANKNIFTY,-0.0014431818234803826,13,1.0
BANKNIFTY,-0.008154053715861375,21,1.0
BANKNIFTY,0.0015436042629842224,11,-1.0
BANKNIFTY,0.013196993140119262,3,1.0
BANKNIFTY,-0.005252880033005302,10,-1.0
BANKNIFTY,-0.021706097396393117,15,1.0
BANKNIFTY,0.007313130284173677,5,-1.0
BANKNIFTY,0.007885264750839912,4,1.0
BANKNIFTY,0.01015791747938684,2,1.0
BANKNIFTY,0.004589596886985734,5,-1.0
BANKNIFTY,0.0065103825035574105,5,1.0
BANKNIFTY,0.005083953951755946,1,1.0
BANKNIFTY,0.0037743226381605557,1,1.0
BANKNIFTY,0.002401529920132845,4,1.0
BANKNIFTY,-0.006428054746770224,18,1.0
BANKNIFTY,-0.001143154764358651,11,1.0
BANKNIFTY,-0.0014149905057810129,12,1.0
BANKNIFTY,0.009351734401873093,5,-1.0
BANKNIFTY,0.0024695688614035306,7,-1.0
BANKNIFTY,0.004813876557525039,2,1.0
BANKNIFTY,-0.04651152167928843,54,-1.0
BANKNIFTY,0.0024690648722733993,2,-1.0
BANKNIFTY,0.002631724600754725,1,1.0
BANKNIFTY,0.0024947375232986435,2,1.0
BANKNIFTY,0.003849027846495651,1,1.0
BANKNIFTY,-0.02699735840430596,33,-1.0
BANKNIFTY,0.00031548671407141297,13,1.0
BANKNIFTY,0.004704402804571025,3,-1.0
BANKNIFTY,0.004820869162563754,7,1.0
BANKNIFTY,0.003694298784944877,1,-1.0
BANKNIFTY,-0.011623656259703173,26,1.0
BANKNIFTY,0.004896300576235885,7,-1.0
BANKNIFTY,0.0008256683231122528,7,-1.0
BANKNIFTY,8.251023876589057e-05,7,1.0
BANKNIFTY,0.004147338624087052,3,-1.0
BANKNIFTY,0.005593659131765296,4,-1.0
BANKNIFTY,0.0031861914293714075,1,1.0
BANKNIFTY,0.0003380726091772598,5,-1.0
BANKNIFTY,0.0022454496557688486,14,1.0
BANKNIFTY,-0.0007501794776465867,14,-1.0
BANKNIFTY,-0.006717081228116586,11,-1.0
BANKNIFTY,0.0026177433447990097,6,-1.0
BANKNIFTY,0.002509177054291061,7,1.0
BANKNIFTY,0.0047344182350012145,4,1.0
BANKNIFTY,0.0014170475391812821,6,1.0
BANKNIFTY,0.0026237467626601153,3,-1.0
BANKNIFTY,0.003704241576574548,1,-1.0
BANKNIFTY,0.0011321926890910073,9,-1.0
BANKNIFTY,0.0010115767002006127,5,-1.0
BANKNIFTY,-2.3495086788124435e-05,6,-1.0
BANKNIFTY,0.003074521903344188,3,-1.0
BANKNIFTY,0.0029310513796327324,3,1.0
BANKNIFTY,0.000320111385839044,5,-1.0
BANKNIFTY,-0.01129219806802284,19,1.0
BANKNIFTY,0.00036692175053140236,7,-1.0
BANKNIFTY,0.003876253355793307,2,-1.0
BANKNIFTY,0.0028677409728569705,5,-1.0
BANKNIFTY,-0.001489054061965386,13,-1.0
BANKNIFTY,-0.018677119512261656,28,-1.0
BANKNIFTY,-0.016264975288454553,27,1.0
BANKNIFTY,0.003196016015834733,4,1.0
BANKNIFTY,0.001324578618421858,7,-1.0
BANKNIFTY,0.003943850095023989,5,1.0
BANKNIFTY,0.004476272214474194,3,1.0
BANKNIFTY,0.0020337491590702375,5,-1.0
BANKNIFTY,0.0028843871217761395,1,-1.0
BANKNIFTY,-0.019211115246422272,27,-1.0
BANKNIFTY,-0.0025327762245909023,14,-1.0
BANKNIFTY,-0.030825610272358358,27,1.0
BANKNIFTY,0.003046941866108927,1,-1.0
BANKNIFTY,0.0009427490017554874,4,-1.0
BANKNIFTY,-0.0042224263659814895,18,-1.0
BANKNIFTY,0.0033749335163292763,7,1.0
BANKNIFTY,-0.004503512085523248,16,-1.0
BANKNIFTY,-0.004526768452045788,12,1.0
BANKNIFTY,-0.016982685253275395,14,-1.0
BANKNIFTY,0.002577979877760802,1,-1.0
BANKNIFTY,0.002986525159181205,6,-1.0
BANKNIFTY,-0.01519743959651462,20,-1.0
BANKNIFTY,0.0020433933090316563,2,1.0
BANKNIFTY,0.002578059275982333,1,-1.0
BANKNIFTY,-0.00016892786157145074,6,-1.0
BANKNIFTY,-0.022124211412119312,25,1.0
BANKNIFTY,0.0006262143202078441,8,1.0
BANKNIFTY,0.001702922217865644,2,-1.0
BANKNIFTY,6.507963137163412e-05,7,1.0
BANKNIFTY,-0.001343383574748277,9,1.0
BANKNIFTY,-0.0082092908967351,21,-1.0
BANKNIFTY,0.0022837886129597387,8,1.0
BANKNIFTY,0.002257846519012991,3,-1.0
BANKNIFTY,-0.00825431005461512,14,-1.0
BANKNIFTY,-0.022319907334875533,14,1.0
BANKNIFTY,-0.00866319387122299,21,1.0
BANKNIFTY,0.01017799636412532,2,-1.0
BANKNIFTY,-0.008931626953892416,16,1.0
BANKNIFTY,-0.007960148310609514,10,1.0
BANKNIFTY,0.007098019491594495,12,-1.0
BANKNIFTY,0.0021812514199177546,6,-1.0
BANKNIFTY,0.0088395042486012,2,1.0
BANKNIFTY,-0.016785903444076773,23,-1.0
BANKNIFTY,9.574327420258823e-05,8,1.0
BANKNIFTY,-0.015790049302267108,19,-1.0
BANKNIFTY,0.005052760754747308,5,1.0
BANKNIFTY,0.0030218344041975935,2,1.0
BANKNIFTY,0.0037683605702218247,1,-1.0
BANKNIFTY,-0.017730794376861574,18,-1.0
BANKNIFTY,0.010608807229473764,3,1.0
BANKNIFTY,0.0005320654954927492,9,-1.0
BANKNIFTY,0.003924495591335071,11,1.0
BANKNIFTY,0.0034704962698976164,4,-1.0
BANKNIFTY,1.2641544502448802e-05,9,1.0
BANKNIFTY,-0.0018696136942992362,12,1.0
BANKNIFTY,-0.003894154983933252,14,-1.0
BANKNIFTY,8.248135128702532e-06,7,-1.0
BANKNIFTY,0.005677452179614885,3,-1.0
BANKNIFTY,0.0056975590316985575,1,1.0
BANKNIFTY,0.0018451263416577972,6,-1.0
BANKNIFTY,-0.020743939676857833,23,-1.0
BANKNIFTY,-0.0031841772314015956,14,-1.0
BANKNIFTY,-0.0028637032906634456,15,-1.0
BANKNIFTY,-0.0024729687067581974,11,1.0
BANKNIFTY,-0.001176484400105168,7,1.0
BANKNIFTY,0.0040481008578752385,5,1.0
BANKNIFTY,0.006654494554011483,7,-1.0
BANKNIFTY,0.00758618284597577,3,-1.0
BANKNIFTY,0.005360258368759105,9,1.0
BANKNIFTY,0.008640113492965716,7,1.0
BANKNIFTY,-0.0041370420544217116,16,1.0
BANKNIFTY,0.007534989384222539,6,-1.0
BANKNIFTY,-0.02203399378832535,27,-1.0
BANKNIFTY,0.0016673866045787118,7,1.0
BANKNIFTY,0.0091213220139972,2,1.0
BANKNIFTY,0.00641246661137034,3,1.0
BANKNIFTY,-0.00013645625617444035,12,-1.0
BANKNIFTY,-0.002828516335616869,9,-1.0
BANKNIFTY,-0.008517109180154138,16,1.0
BANKNIFTY,0.010769953127705217,5,-1.0
BANKNIFTY,0.0008234335145041632,5,-1.0
BANKNIFTY,0.004511906339278097,7,-1.0
BANKNIFTY,0.004504776816031389,4,-1.0
BANKNIFTY,0.005667996688176231,4,-1.0
BANKNIFTY,-0.0016416467469291005,11,1.0
BANKNIFTY,0.001933744890658874,1,1.0
BANKNIFTY,0.0015768237966834835,3,-1.0
BANKNIFTY,-0.0023407438248070947,8,1.0
BANKNIFTY,0.006781836224632867,1,-1.0
BANKNIFTY,0.004880759969670459,2,-1.0
BANKNIFTY,0.0019758897215837166,8,1.0
BANKNIFTY,-0.004660565809295956,13,1.0
BANKNIFTY,0.003662578663901201,2,-1.0
BANKNIFTY,0.005061588797371236,2,-1.0
BANKNIFTY,-0.09672510198676695,84,-1.0
BANKNIFTY,0.003577949654701082,8,1.0
BANKNIFTY,0.0009225442759500937,7,1.0
BANKNIFTY,-0.008631074213006835,17,-1.0
BANKNIFTY,-0.011004014774989062,19,1.0
BANKNIFTY,0.0032584117055265813,4,-1.0
BANKNIFTY,0.0017921747867758822,5,-1.0
BANKNIFTY,0.004298600629360415,5,1.0
BANKNIFTY,-0.002809986602937427,12,1.0
BANKNIFTY,0.005311096116007324,1,1.0
BANKNIFTY,0.0010484327777360955,7,-1.0
BANKNIFTY,0.0045993588716847795,3,1.0
BANKNIFTY,-0.011908513017180091,18,-1.0
BANKNIFTY,0.0007431779863203256,9,-1.0
BANKNIFTY,0.004242806686367129,1,-1.0
BANKNIFTY,-0.024505249566820694,21,1.0
BANKNIFTY,0.0046306569599368075,5,-1.0
BANKNIFTY,-0.01276950117263055,14,1.0
BANKNIFTY,-0.0017404072750550423,13,-1.0
BANKNIFTY,-0.0014358862308812414,11,1.0
BANKNIFTY,0.0016038439919388843,9,1.0
BANKNIFTY,-0.01552067085759279,21,-1.0
BANKNIFTY,-0.004147362970616686,14,1.0
BANKNIFTY,0.016145613455338742,2,-1.0
BANKNIFTY,0.00670531672999071,5,-1.0
BANKNIFTY,-0.015880397515752685,18,-1.0
BANKNIFTY,0.0038948458426324327,8,1.0
BANKNIFTY,-0.011180553689210435,18,-1.0
BANKNIFTY,0.005019099998258002,2,-1.0
BANKNIFTY,0.004967364607841304,2,1.0
BANKNIFTY,0.004512352242856063,9,-1.0
BANKNIFTY,0.008411844140365811,4,-1.0
BANKNIFTY,0.0049027305977172985,3,-1.0
BANKNIFTY,0.0030674774321583394,7,1.0
BANKNIFTY,0.00044001749668111124,13,-1.0
BANKNIFTY,0.002590548010667068,5,1.0
BANKNIFTY,-0.014224930175023886,25,-1.0
BANKNIFTY,0.0019202273770256627,6,1.0
BANKNIFTY,0.005111015057369106,4,-1.0
BANKNIFTY,-0.00494173402672995,17,1.0
BANKNIFTY,-0.00624787372327988,19,-1.0
BANKNIFTY,0.003558983107436059,2,-1.0
BANKNIFTY,0.003127836527296891,5,-1.0
BANKNIFTY,0.00011070715801552339,9,-1.0
BANKNIFTY,-0.0017991761958402758,9,1.0
BANKNIFTY,-0.0009139860316579433,7,1.0
BANKNIFTY,0.008382945563707701,10,-1.0
BANKNIFTY,3.817948446784307e-06,14,-1.0
BANKNIFTY,-0.017028554771362055,20,1.0
BANKNIFTY,0.006188183589264107,6,-1.0
BANKNIFTY,-0.0007816131341819938,13,1.0
BANKNIFTY,-0.013832591821255527,16,1.0
BANKNIFTY,0.03222570785501036,6,1.0
BANKNIFTY,-0.013300274697512075,13,1.0
BANKNIFTY,-0.013181186508822202,16,-1.0
BANKNIFTY,0.020618160764720693,4,-1.0
BANKNIFTY,0.020374750801803874,7,1.0
BANKNIFTY,-0.0077956934383703845,14,-1.0
BANKNIFTY,-0.002370331442310739,15,1.0
BANKNIFTY,0.008917595832678721,5,-1.0
BANKNIFTY,0.014580626243987092,6,1.0
BANKNIFTY,-0.15150326351902854,41,-1.0
BANKNIFTY,0.007061517262933641,5,1.0
BANKNIFTY,0.024619496546597383,1,1.0
BANKNIFTY,-0.06344020483391487,27,-1.0
BANKNIFTY,0.012792369313282502,5,1.0
BANKNIFTY,-0.006450265577089671,12,-1.0
BANKNIFTY,0.005528474037237079,7,-1.0
BANKNIFTY,-0.0061936474274230414,10,-1.0
BANKNIFTY,0.009749286534782936,4,1.0
BANKNIFTY,-0.019834745055459083,14,1.0
BANKNIFTY,0.016732621439619965,5,1.0
BANKNIFTY,-0.02859605222889216,20,-1.0
BANKNIFTY,0.008904415287727155,1,-1.0
BANKNIFTY,-0.02055564570150622,18,1.0
BANKNIFTY,0.007510641526181263,3,-1.0
BANKNIFTY,-0.013168645089293336,11,1.0
BANKNIFTY,0.010561619595448634,7,-1.0
BANKNIFTY,-0.06766728866194632,37,-1.0
BANKNIFTY,-0.010987876084993676,16,1.0
BANKNIFTY,-0.00843635567077147,10,1.0
BANKNIFTY,0.0035173829412527557,8,1.0
BANKNIFTY,-0.06299427062075785,33,1.0
BANKNIFTY,-0.08201745384451264,45,-1.0
BANKNIFTY,0.015703015558110815,2,1.0
BANKNIFTY,-0.01182540710372093,18,-1.0
BANKNIFTY,0.013145260737018345,2,-1.0
BANKNIFTY,0.01634386695168577,4,1.0
BANKNIFTY,0.010141756347879602,5,1.0
BANKNIFTY,-0.030286267918452153,16,-1.0
BANKNIFTY,0.0027346166699253127,9,-1.0
BANKNIFTY,0.004734737227148096,4,1.0
BANKNIFTY,0.01017423986057773,2,-1.0
BANKNIFTY,-0.016248625692398825,23,-1.0
BANKNIFTY,0.006967342562035614,4,-1.0
BANKNIFTY,0.005611564652462036,7,-1.0
BANKNIFTY,0.003394179255071626,2,1.0
BANKNIFTY,-0.0004424695705782612,8,-1.0
BANKNIFTY,0.006347932271865333,6,1.0
BANKNIFTY,0.0006354160583040586,8,1.0
BANKNIFTY,-0.04828880996450886,28,1.0
BANKNIFTY,-0.021116623380211738,17,1.0
BANKNIFTY,0.007350336401720644,7,-1.0
BANKNIFTY,-0.0021164531701482665,7,-1.0
BANKNIFTY,0.015262027164694556,3,1.0
BANKNIFTY,-0.0021942568583894527,9,1.0
BANKNIFTY,0.01811660158442119,5,1.0
BANKNIFTY,0.01195501926889348,4,-1.0
BANKNIFTY,-0.037114045881652666,28,-1.0
BANKNIFTY,0.008226146228480854,1,1.0
BANKNIFTY,0.002670919192532535,7,1.0
BANKNIFTY,0.0041241448258666075,4,1.0
BANKNIFTY,-0.003683833670717061,10,1.0
BANKNIFTY,0.01323054074392134,3,1.0
BANKNIFTY,0.008341863885218995,6,-1.0
BANKNIFTY,-0.0031566489770955895,14,-1.0
BANKNIFTY,0.007393458763196804,1,1.0
BANKNIFTY,-0.0014581674866465172,12,1.0
BANKNIFTY,0.0009944700814034457,10,1.0
BANKNIFTY,-0.0030263483119134104,16,-1.0
BANKNIFTY,-0.019867973803267422,15,1.0
BANKNIFTY,-0.019262067314872643,15,-1.0
BANKNIFTY,-0.005010064795001224,9,1.0
BANKNIFTY,0.00356782976108021,10,-1.0
BANKNIFTY,0.0036076884767616826,2,1.0
BANKNIFTY,-0.021987451189423895,21,-1.0
BANKNIFTY,0.005434655472585117,7,1.0
BANKNIFTY,-0.01849652721176093,17,-1.0
BANKNIFTY,-0.009419317980221041,21,-1.0
BANKNIFTY,0.000228359653402292,9,1.0
BANKNIFTY,0.0045705533219638945,5,-1.0
BANKNIFTY,0.006422487529203518,1,-1.0
BANKNIFTY,-0.03915626418066812,40,-1.0
BANKNIFTY,0.00894710092051088,6,-1.0
BANKNIFTY,0.008736035792982402,7,1.0
BANKNIFTY,0.004030653132187078,3,-1.0
BANKNIFTY,0.007098740553652457,3,1.0
BANKNIFTY,-0.045419954243424134,22,1.0
BANKNIFTY,0.010140463475106004,3,1.0
BANKNIFTY,0.00800428185651281,3,1.0
BANKNIFTY,-0.049119722635402596,28,-1.0
BANKNIFTY,-0.0028040140299260214,9,1.0
BANKNIFTY,0.005326772512650852,7,-1.0
BANKNIFTY,0.009009708261384083,3,-1.0
BANKNIFTY,-0.006556732673278121,13,-1.0
BANKNIFTY,-0.009581192720378032,12,1.0
BANKNIFTY,0.007695715583158098,6,-1.0
BANKNIFTY,-0.015267114545669832,11,1.0
BANKNIFTY,0.009081429016818314,1,1.0
BANKNIFTY,0.0032794996883085854,4,1.0
BANKNIFTY,0.013437442172420358,4,-1.0
BANKNIFTY,-0.00974623109772076,17,-1.0
BANKNIFTY,0.015098913921188964,2,-1.0
BANKNIFTY,0.0004646603620436272,14,1.0
BANKNIFTY,0.008799999723429226,4,-1.0
BANKNIFTY,-0.006257526068952221,14,-1.0
BANKNIFTY,0.01053912454223562,8,1.0
BANKNIFTY,0.006651136703366191,8,1.0
BANKNIFTY,0.007827537840851695,4,1.0
BANKNIFTY,0.009057608387618554,3,-1.0
BANKNIFTY,0.011833758285527544,5,1.0
BANKNIFTY,0.006437478378575233,4,1.0
BANKNIFTY,-0.02652575961633391,19,1.0
BANKNIFTY,-0.027054134336033667,18,-1.0
BANKNIFTY,0.00901214328839974,2,1.0
BANKNIFTY,0.009278886103485005,1,1.0
BANKNIFTY,0.006341421731414868,3,-1.0
BANKNIFTY,-0.006743355810556613,17,1.0
BANKNIFTY,0.005500192093523323,5,1.0
BANKNIFTY,-0.03512797232237706,23,1.0
BANKNIFTY,0.004115980143868592,1,-1.0
BANKNIFTY,-0.008872446566083702,12,1.0
BANKNIFTY,0.00463873976417496,7,-1.0
BANKNIFTY,-0.0022285974340136303,14,-1.0
BANKNIFTY,0.0024775708282028237,7,1.0
BANKNIFTY,0.005321736585773843,3,1.0
BANKNIFTY,-0.008933496351774891,13,-1.0
BANKNIFTY,-0.04534836268031628,40,-1.0
BANKNIFTY,-0.012591780168740331,15,1.0
BANKNIFTY,0.0017532558357584939,7,-1.0
BANKNIFTY,0.0017457642974090485,7,1.0
BANKNIFTY,0.006835432093622861,1,1.0
BANKNIFTY,-0.004376014073171519,11,-1.0
BANKNIFTY,0.008795976845005516,3,1.0
BANKNIFTY,0.004908611234412811,7,-1.0
BANKNIFTY,-0.0687365542565311,42,1.0
BANKNIFTY,-0.01344874352993317,20,-1.0
BANKNIFTY,-0.014049385236333957,22,-1.0
BANKNIFTY,0.004479007394230049,3,-1.0
BANKNIFTY,0.006011490344427069,1,1.0
BANKNIFTY,0.003485723898618891,1,1.0
BANKNIFTY,0.0018948961008452066,4,-1.0
BANKNIFTY,-0.0005071201741840429,9,-1.0
BANKNIFTY,-0.004004732414407444,17,-1.0
BANKNIFTY,-0.00197292793162539,15,-1.0
BANKNIFTY,0.002406978417298445,1,1.0
BANKNIFTY,0.0016225733613740338,5,1.0
BANKNIFTY,-0.010108671318117471,19,-1.0
BANKNIFTY,0.0008374047822001544,5,-1.0
BANKNIFTY,0.0018695300712661827,5,-1.0
BANKNIFTY,-0.002552873688657659,12,-1.0
BANKNIFTY,-0.0022198107674518595,14,-1.0
BANKNIFTY,-0.008191486738621695,14,1.0
BANKNIFTY,0.002511290914765737,6,-1.0
BANKNIFTY,-0.0018144866608686408,11,-1.0
BANKNIFTY,-0.04606840333441028,21,1.0
BANKNIFTY,0.00795353725075802,1,-1.0
BANKNIFTY,0.0012682594885021637,7,1.0
BANKNIFTY,0.0018197713924166011,7,-1.0
BANKNIFTY,-0.029068824006211316,34,1.0
BANKNIFTY,0.0035479197979020015,1,1.0
BANKNIFTY,1.9936807912740147e-05,9,-1.0
RELIANCE,0.010438225655727279,5,1.0
RELIANCE,-0.1260096516018516,40,-1.0
RELIANCE,-0.019848980269883524,18,1.0
RELIANCE,-0.003870842181179814,8,-1.0
RELIANCE,0.011936619533472229,7,-1.0
RELIANCE,0.014411208314028588,2,1.0
RELIANCE,0.008544833522403246,6,1.0
RELIANCE,-0.012720026215462905,16,1.0
RELIANCE,-0.011210818281989733,18,1.0
RELIANCE,0.0022596217865588,4,1.0
RELIANCE,0.005705063130214559,7,-1.0
RELIANCE,0.007311511361308226,4,-1.0
RELIANCE,-0.0013058197092614462,14,1.0
RELIANCE,-0.04845608901926275,34,-1.0
RELIANCE,0.010914175327802676,1,1.0
RELIANCE,-0.09722241157194525,69,-1.0
RELIANCE,-0.007198162817296008,15,-1.0
RELIANCE,0.008911670674907215,7,1.0
RELIANCE,-0.01568583544727813,19,1.0
RELIANCE,-0.0041425835248936,15,-1.0
RELIANCE,0.006412386450731996,5,-1.0
RELIANCE,-0.02232858857803104,13,-1.0
RELIANCE,0.0028048147583119546,5,-1.0
RELIANCE,-0.009565684413246638,14,1.0
RELIANCE,-0.02772082307584983,20,1.0
RELIANCE,-0.003917966802976152,11,-1.0
RELIANCE,-0.009496184206591849,10,-1.0
RELIANCE,-0.039648875688130865,22,1.0
RELIANCE,0.001278567020751775,8,-1.0
RELIANCE,-0.004382018570108822,12,-1.0
RELIANCE,0.004837438288555928,4,1.0
RELIANCE,-0.030248022096777315,21,1.0
RELIANCE,0.010187120479809852,2,-1.0
RELIANCE,0.0023069809722605053,7,1.0
RELIANCE,0.00910550158466562,1,-1.0
RELIANCE,0.0033999332404105855,3,1.0
RELIANCE,0.003248211685855241,2,1.0
RELIANCE,0.001325246311918434,4,1.0
RELIANCE,0.005006684590644461,2,-1.0
RELIANCE,-0.0015069180686080738,7,-1.0
RELIANCE,0.003097948697506004,3,1.0
RELIANCE,0.007091117740591406,3,1.0
RELIANCE,-0.015496702975866567,28,-1.0
RELIANCE,0.0014854579373065127,3,-1.0
RELIANCE,0.0009522040583063507,7,-1.0
RELIANCE,-0.006002331710575539,14,1.0
RELIANCE,-0.03830361929539548,16,-1.0
RELIANCE,0.005000885233827,5,1.0
RELIANCE,0.010365534513164446,1,-1.0
RELIANCE,-0.05414637411149923,23,1.0
RELIANCE,0.009590832945613541,9,-1.0
RELIANCE,0.00986867838763525,8,1.0
RELIANCE,0.0050301188523598,2,-1.0
RELIANCE,0.004923503049915933,1,-1.0
RELIANCE,0.004860900885152826,1,-1.0
RELIANCE,-0.0140338151869241,20,-1.0
RELIANCE,0.006909819905132435,4,-1.0
RELIANCE,-0.04054062426573883,24,1.0
RELIANCE,0.007657597223317364,6,-1.0
RELIANCE,-0.019195079019985028,18,1.0
RELIANCE,0.00668095139916241,3,1.0
RELIANCE,0.0018796071493994164,7,-1.0
RELIANCE,0.006177645388544654,4,1.0
RELIANCE,0.006548067273539478,4,-1.0
RELIANCE,-0.010655402167316643,26,-1.0
RELIANCE,-0.0032979567526527386,10,-1.0
RELIANCE,-0.022581010905378625,17,-1.0
RELIANCE,0.010255669883865292,4,1.0
RELIANCE,0.004418068923333849,9,-1.0
RELIANCE,-0.0019579851901357897,18,-1.0
RELIANCE,0.0037072421898717723,2,-1.0
RELIANCE,-0.0579079862153447,48,1.0
RELIANCE,0.010006863059657914,5,-1.0
RELIANCE,-0.001705255315531998,7,-1.0
RELIANCE,0.0007694210756634238,8,-1.0
RELIANCE,0.0067093619362641995,3,-1.0
RELIANCE,-0.0017943644545671857,10,-1.0
RELIANCE,0.007056454808318913,7,-1.0
RELIANCE,-0.033168595572018504,22,1.0
RELIANCE,0.009722869534952834,4,-1.0
RELIANCE,-0.001980564222461766,9,-1.0
RELIANCE,-0.07797586776456512,28,-1.0
RELIANCE,0.003879423644348602,1,1.0
RELIANCE,-0.0508002696192981,27,-1.0
RELIANCE,0.010566140608826251,4,-1.0
RELIANCE,-0.0076737132510931476,13,-1.0
RELIANCE,0.002247539596438283,10,1.0
RELIANCE,-0.07155578611813289,45,-1.0
RELIANCE,-0.028013718778067232,23,1.0
RELIANCE,0.020124597861371413,1,-1.0
RELIANCE,-0.04888598355038973,21,1.0
RELIANCE,0.00010912500182050491,7,-1.0
RELIANCE,-0.016481047728580375,15,-1.0
RELIANCE,0.007353339609810669,8,1.0
RELIANCE,0.015721233917982604,1,-1.0
RELIANCE,-0.013496747548158898,12,1.0
RELIANCE,0.006697239162070628,6,-1.0
RELIANCE,-0.011974852292209317,19,-1.0
RELIANCE,0.009451921116653345,5,1.0
RELIANCE,-0.021487642950262426,17,1.0
RELIANCE,-0.0027903004108977454,15,-1.0
RELIANCE,0.007545792433655856,1,1.0
RELIANCE,-0.011113841878162924,15,1.0
RELIANCE,-0.0020348350969446667,11,1.0
RELIANCE,-0.015500338444413479,16,-1.0
RELIANCE,-0.07324532456133814,25,-1.0
RELIANCE,-0.05864377245839782,31,-1.0
RELIANCE,-0.012659007447989722,13,1.0
RELIANCE,0.0002702136452939154,8,-1.0
RELIANCE,0.007144924953297944,5,1.0
RELIANCE,0.010746332439346152,9,-1.0
RELIANCE,-0.05002897690568842,27,-1.0
RELIANCE,0.00964634167019337,2,1.0
RELIANCE,0.00029182204490479756,10,-1.0
RELIANCE,0.0026614474612930744,9,1.0
RELIANCE,0.018152380836118004,4,-1.0
RELIANCE,0.009298239812460415,2,-1.0
RELIANCE,-0.011316544021174192,17,-1.0
RELIANCE,-0.02530503855838309,27,1.0
RELIANCE,0.0028421997963305476,5,-1.0
RELIANCE,0.003764371615810682,4,-1.0
RELIANCE,-0.006502177227642715,7,-1.0
RELIANCE,0.0018377950806951202,7,-1.0
RELIANCE,0.005457310864032526,13,-1.0
RELIANCE,-0.1004751229445997,41,1.0
RELIANCE,0.009155398534858332,4,-1.0
RELIANCE,0.015238807069889644,1,1.0
RELIANCE,0.017901640595937754,2,1.0
RELIANCE,0.0063253931036837885,2,1.0
RELIANCE,0.006949595679365082,2,-1.0
RELIANCE,0.006295963154237915,1,-1.0
RELIANCE,-0.004782701924172305,11,-1.0
RELIANCE,0.0019329697548393831,9,1.0
RELIANCE,0.004180365651206225,7,-1.0
RELIANCE,0.007299036357495734,3,1.0
RELIANCE,0.004554476452383758,5,1.0
RELIANCE,-0.012486431618721053,14,1.0
RELIANCE,0.011134029603421157,2,1.0
RELIANCE,0.004249784340456874,3,-1.0
RELIANCE,1.7277595102782e-05,7,1.0
RELIANCE,0.010229519111364053,7,-1.0
RELIANCE,-0.0008449559548141543,11,1.0
RELIANCE,-0.0010837495525125435,14,-1.0
RELIANCE,-0.00726011203039793,12,1.0
RELIANCE,0.0005574937679761131,5,-1.0
RELIANCE,-0.00432193082371397,11,1.0
RELIANCE,0.0073079703043908185,7,-1.0
RELIANCE,-0.02158095510464261,19,1.0
RELIANCE,-0.01618783773129255,15,-1.0
RELIANCE,0.008113236134960209,4,1.0
RELIANCE,-0.0056938724884029734,10,1.0
RELIANCE,0.0015970048683061615,8,-1.0
RELIANCE,0.00289133073455657,8,1.0
RELIANCE,0.011481309749917403,2,1.0
RELIANCE,0.0070281656991132155,3,1.0
RELIANCE,-0.002315222675133293,6,1.0
RELIANCE,-0.04254205968915242,24,-1.0
RELIANCE,0.006422444404676729,3,1.0
RELIANCE,-0.009415593737362523,11,-1.0
RELIANCE,0.012491159148726255,5,-1.0
RELIANCE,-0.01568436755402809,16,-1.0
RELIANCE,0.0006205455153139414,11,1.0
RELIANCE,0.008786448634684165,2,-1.0
RELIANCE,0.006454680262008469,5,1.0
RELIANCE,0.005451590634906377,11,-1.0
RELIANCE,0.006806260875105602,1,-1.0
RELIANCE,0.006088487987491396,4,1.0
RELIANCE,-0.03473221128423544,18,-1.0
RELIANCE,0.00613810527754907,5,-1.0
RELIANCE,0.00340924265708878,1,-1.0
RELIANCE,0.0023269439127434227,6,-1.0
RELIANCE,0.0062414304047010314,5,1.0
RELIANCE,0.007947607881887798,7,-1.0
RELIANCE,0.012887294035951099,4,1.0
RELIANCE,-0.0038473311375742747,13,1.0
RELIANCE,0.008474669802184882,4,-1.0
RELIANCE,0.0023839039491671426,6,1.0
RELIANCE,-0.0809916809678025,51,1.0
RELIANCE,0.005119252950988847,5,1.0
RELIANCE,-0.0018769595555961501,21,-1.0
RELIANCE,-0.00287477316866276,8,-1.0
RELIANCE,-0.04007163919968343,24,1.0
RELIANCE,0.017350987934956326,2,1.0
RELIANCE,0.008973761851590911,5,-1.0
RELIANCE,0.037450269065055816,1,-1.0
RELIANCE,-0.0801681274693583,21,-1.0
RELIANCE,0.020666766716159003,4,1.0
RELIANCE,0.012624052799026984,2,1.0
RELIANCE,0.008806843689281904,1,1.0
RELIANCE,0.004783024759446825,5,1.0
RELIANCE,-0.09501884634878822,55,-1.0
RELIANCE,0.012105012634881007,1,1.0
RELIANCE,0.00025540363999948496,7,1.0
RELIANCE,-0.05752332924551602,18,-1.0
RELIANCE,0.006748068088054017,1,1.0
RELIANCE,0.006909642625247589,1,-1.0
RELIANCE,0.006011287742644733,2,1.0
RELIANCE,-0.04250944126761533,27,-1.0
RELIANCE,0.01265331505300411,3,1.0
RELIANCE,-0.03185413224764677,15,-1.0
RELIANCE,-0.1043919357470406,39,-1.0
RELIANCE,0.003002738879796058,7,1.0
RELIANCE,0.008380907403659868,9,-1.0
RELIANCE,0.005278700657482489,2,-1.0
RELIANCE,0.005092618562537563,3,1.0
RELIANCE,0.007206561534906384,2,1.0
RELIANCE,-0.005270746110614881,13,-1.0
RELIANCE,0.009981593863836305,1,1.0
RELIANCE,0.007852570058320263,4,-1.0
RELIANCE,0.010093142245189975,3,1.0
RELIANCE,-0.015805901277728452,10,1.0
RELIANCE,0.004639230590638278,7,1.0
RELIANCE,-0.0010483463181923218,12,-1.0
RELIANCE,0.007737164327437074,2,1.0
RELIANCE,0.004434572926129,5,1.0
RELIANCE,-0.0015170306166679194,7,-1.0
RELIANCE,0.003235736516100551,1,1.0
RELIANCE,-0.009868581369385275,14,-1.0
RELIANCE,-0.004506831835787069,11,1.0
RELIANCE,0.0009390895074811571,13,1.0
RELIANCE,0.01148954001727735,1,-1.0
RELIANCE,0.00827337526798982,6,1.0
RELIANCE,-0.006665698893990886,7,1.0
RELIANCE,0.012533887387152763,4,-1.0
RELIANCE,0.00964744879368273,3,1.0
RELIANCE,0.010145428117600412,2,1.0
RELIANCE,0.004603663674761719,4,-1.0
RELIANCE,0.002799424890982744,6,-1.0
RELIANCE,-0.00464751337205381,12,-1.0
RELIANCE,0.005601405953922351,2,1.0
RELIANCE,-0.023516408188780563,22,1.0
RELIANCE,0.006684768970640797,1,-1.0
RELIANCE,0.00391844370035872,4,1.0
RELIANCE,0.0008181685750459735,8,-1.0
RELIANCE,0.00813232403731448,4,-1.0
RELIANCE,0.009088387773733926,2,1.0
RELIANCE,0.010949295090207277,1,1.0
RELIANCE,-0.04737548828927548,24,-1.0
RELIANCE,-0.008376321069929983,12,-1.0
RELIANCE,-0.013158654444952421,11,-1.0
RELIANCE,-0.0004532484354078083,9,-1.0
RELIANCE,-0.030237652665449578,22,1.0
RELIANCE,0.005224998043973551,7,1.0
RELIANCE,-0.02405982597249461,21,-1.0
RELIANCE,-0.02945901618306169,23,1.0
RELIANCE,0.006710472529174267,6,-1.0
RELIANCE,0.007192980593387927,1,1.0
RELIANCE,-0.00043796078362885233,7,1.0
RELIANCE,-0.022869863012633267,21,-1.0
RELIANCE,0.013440130578722783,2,1.0
RELIANCE,0.007944789731912028,1,-1.0
RELIANCE,0.00035714474342610415,8,-1.0
RELIANCE,-0.041538768146535614,23,1.0
RELIANCE,-0.016988863871085842,20,1.0
RELIANCE,-0.015258431767606632,22,-1.0
RELIANCE,-0.022844576325721982,27,-1.0
RELIANCE,0.004040944137176195,1,-1.0
RELIANCE,-0.009292541051826598,10,-1.0
RELIANCE,-0.0312948573552234,31,-1.0
RELIANCE,0.009237441801200038,1,1.0
RELIANCE,0.008856823313310874,1,1.0
RELIANCE,-0.013375089267499952,18,-1.0
RELIANCE,-0.0122583766582985,14,-1.0
RELIANCE,0.0014132787883422162,11,-1.0
RELIANCE,0.0058705147507908135,3,-1.0
RELIANCE,0.00392564894578461,7,-1.0
RELIANCE,-0.016034716153223615,14,1.0
RELIANCE,0.011785537230834024,5,-1.0
RELIANCE,-0.007718542456111994,16,1.0
RELIANCE,0.000988665390406309,7,-1.0
RELIANCE,-0.008455169091400368,16,1.0
RELIANCE,0.00799487219499224,3,-1.0
RELIANCE,-0.017004338075934097,13,1.0
RELIANCE,0.009417487643421946,2,-1.0
RELIANCE,-0.0013032112684030622,10,-1.0
RELIANCE,-0.040598884594999975,20,1.0
RELIANCE,-0.0018786896983338192,10,-1.0
RELIANCE,-0.002943377244011528,12,1.0
RELIANCE,0.008462831622132612,7,-1.0
RELIANCE,0.001022293153522027,7,1.0
RELIANCE,-0.01856980196955121,21,-1.0
RELIANCE,0.010445675528280463,3,1.0
RELIANCE,-0.0018241673781606803,9,1.0
RELIANCE,-0.023960405791762854,16,1.0
RELIANCE,-0.026136428979354823,14,1.0
RELIANCE,0.005912325640265734,2,-1.0
RELIANCE,0.004861740144802838,4,1.0
RELIANCE,-0.039896993725218925,28,-1.0
RELIANCE,0.012409036187135198,2,1.0
RELIANCE,0.010115215620468347,3,-1.0
RELIANCE,0.0087688290325233,6,1.0
RELIANCE,0.006875533981188789,6,1.0
RELIANCE,-0.06851426281552879,26,-1.0
RELIANCE,-0.004476267442460095,19,-1.0
RELIANCE,0.01263073393719008,2,1.0
RELIANCE,-0.11735952023926514,48,1.0
RELIANCE,0.013307223572244035,2,-1.0
RELIANCE,0.002524252978327599,3,1.0
RELIANCE,0.006861967050758054,7,1.0
RELIANCE,0.002360547997353462,11,-1.0
RELIANCE,-0.030870064014780964,17,-1.0
RELIANCE,0.003840475741267828,5,1.0
RELIANCE,0.008940418969406743,3,-1.0
RELIANCE,-0.02932110371985593,24,1.0
RELIANCE,0.002955683703396614,5,1.0
RELIANCE,0.005751801242069091,6,1.0
RELIANCE,8.017222613781674e-05,10,1.0
RELIANCE,-0.014154372810542337,14,-1.0
RELIANCE,-0.011689327812236557,14,1.0
RELIANCE,0.006964696379371007,7,1.0
RELIANCE,0.006134727650465524,1,1.0
RELIANCE,-0.000802715171976065,10,-1.0
RELIANCE,0.010896726951046471,2,1.0
RELIANCE,0.007170947589648612,1,-1.0
RELIANCE,0.0042082865576361555,3,-1.0
RELIANCE,-0.02011726656964256,16,-1.0
RELIANCE,-0.021471401945676073,20,1.0
RELIANCE,-0.05260496676211098,29,-1.0
RELIANCE,0.006668675100809864,4,1.0
RELIANCE,0.005481061613820905,4,1.0
RELIANCE,0.008049492491387769,1,-1.0
RELIANCE,-0.0061498975337649,13,1.0
RELIANCE,0.00765148818492981,7,-1.0
RELIANCE,0.004935361776914898,1,-1.0
RELIANCE,0.0027469083503482003,5,1.0
RELIANCE,-0.003479547939566723,13,-1.0
RELIANCE,-0.023300792015438554,20,1.0
RELIANCE,-0.01067215037986768,22,1.0
RELIANCE,0.005811969212370612,5,-1.0
RELIANCE,0.00819564927557816,2,1.0
RELIANCE,-0.03443195510505514,23,-1.0
RELIANCE,0.0015060178249417678,9,1.0
RELIANCE,0.0025851560546339613,1,1.0
RELIANCE,-0.006291270531346537,8,-1.0
RELIANCE,-0.0323685068033171,25,-1.0
RELIANCE,0.008079318723754619,7,1.0
RELIANCE,-0.014635466931733666,25,1.0
RELIANCE,-0.013365837903888143,14,1.0
RELIANCE,0.0017283922712402306,7,1.0
RELIANCE,-0.036000989798977485,31,1.0
RELIANCE,0.0037529954273398365,2,1.0
RELIANCE,-0.0051345352775282625,13,-1.0
RELIANCE,0.0038040559186744323,7,1.0
RELIANCE,-0.025739988642334753,19,-1.0
HDFCBANK,0.006417195872076601,4,-1.0
HDFCBANK,-0.03157789341589706,16,-1.0
HDFCBANK,0.0005118069354822714,5,1.0
HDFCBANK,0.0017428812159670816,7,-1.0
HDFCBANK,-0.0038480634280182867,13,-1.0
HDFCBANK,0.004605373850034705,1,-1.0
HDFCBANK,0.004450919395417714,3,-1.0
HDFCBANK,0.00413960762650956,2,-1.0
HDFCBANK,0.0018794188323360678,1,-1.0
HDFCBANK,0.001259237314893558,2,1.0
HDFCBANK,-0.004814262757086075,13,-1.0
HDFCBANK,0.003922791351540293,2,1.0
HDFCBANK,-0.02780466936970136,19,-1.0
HDFCBANK,0.00533200349460467,1,-1.0
HDFCBANK,0.0034191897260868673,5,-1.0
HDFCBANK,0.0035005890794741995,2,-1.0
HDFCBANK,-0.0007532942732669144,7,-1.0
HDFCBANK,-0.004693787004350712,13,-1.0
HDFCBANK,0.003374467135491681,6,-1.0
HDFCBANK,0.004154567809730481,8,1.0
HDFCBANK,-0.00318648284234663,12,-1.0
HDFCBANK,0.0009296837121772039,7,-1.0
HDFCBANK,0.009254299789033174,2,1.0
HDFCBANK,1.0928566760711063e-05,10,1.0
HDFCBANK,0.0043763418790928954,5,-1.0
HDFCBANK,-0.02792052390469341,28,-1.0
HDFCBANK,0.00444155751737536,2,1.0
HDFCBANK,0.0030774119077869064,5,1.0
HDFCBANK,0.001694422959171712,7,1.0
HDFCBANK,0.00438883925351965,6,-1.0
HDFCBANK,-1.3788183296471951e-05,14,1.0
HDFCBANK,-0.0027404270477884244,7,1.0
HDFCBANK,0.000611257847261733,7,1.0
HDFCBANK,-0.027290456386924865,23,-1.0
HDFCBANK,0.005584549407931114,1,-1.0
HDFCBANK,-0.0036605118418081015,13,-1.0
HDFCBANK,0.0021188758229079008,5,1.0
HDFCBANK,-0.016378846508196824,21,1.0
HDFCBANK,0.003357142716707697,6,1.0
HDFCBANK,0.0025205603789635427,1,1.0
HDFCBANK,0.0018830010989952372,1,1.0
HDFCBANK,0.0013589932865233447,3,1.0
HDFCBANK,0.00019240854455863937,5,-1.0
HDFCBANK,0.0025099893890202694,4,-1.0
HDFCBANK,0.005366045744460953,4,1.0
HDFCBANK,-0.014226343214194222,16,-1.0
HDFCBANK,0.0041105381012920715,1,1.0
HDFCBANK,0.0014622295945309512,4,-1.0
HDFCBANK,0.00829839307049344,1,-1.0
HDFCBANK,0.009200474738438895,1,-1.0
HDFCBANK,-0.017506723333293332,14,1.0
HDFCBANK,-0.0002918861259176484,14,-1.0
HDFCBANK,0.004633172900385715,2,-1.0
HDFCBANK,0.00497832877616668,1,-1.0
HDFCBANK,0.004153684169957675,1,1.0
HDFCBANK,0.004717656793370559,1,1.0
HDFCBANK,0.003285384303105096,1,-1.0
HDFCBANK,0.002454361864692906,2,1.0
HDFCBANK,-0.002532308737559241,6,1.0
HDFCBANK,0.006785233847658359,3,1.0
HDFCBANK,-0.017975209667765668,30,-1.0
HDFCBANK,0.003837609639457293,1,1.0
HDFCBANK,-0.0006342527177746545,9,-1.0
HDFCBANK,-0.015367876199339306,23,1.0
HDFCBANK,-0.007687258165886298,14,-1.0
HDFCBANK,0.008017620875769767,2,1.0
HDFCBANK,-0.0049452569425811575,7,-1.0
HDFCBANK,0.0032919903594659733,1,1.0
HDFCBANK,0.0031911817224071185,1,1.0
HDFCBANK,0.002444797079095726,2,1.0
HDFCBANK,0.004669069982769598,2,-1.0
HDFCBANK,0.00553470526934572,3,1.0
HDFCBANK,0.005318406524297841,2,1.0
HDFCBANK,0.0028060187239584682,1,-1.0
HDFCBANK,0.001780060486685694,2,1.0
HDFCBANK,0.0013774640801982505,1,-1.0
HDFCBANK,0.0018858643141300287,1,-1.0
HDFCBANK,0.002099016264163075,1,-1.0
HDFCBANK,-0.000428076669454564,7,-1.0
HDFCBANK,-0.006451612574984839,10,-1.0
HDFCBANK,-0.02561265631361649,19,-1.0
HDFCBANK,-0.008334941209713339,10,1.0
HDFCBANK,0.0025149157149825085,9,1.0
HDFCBANK,-0.005452532806083448,12,1.0
HDFCBANK,0.0037258960248220023,4,-1.0
HDFCBANK,0.0004994679777144894,16,1.0
HDFCBANK,-0.0002455164766910384,9,-1.0
HDFCBANK,0.00143873281807697,14,-1.0
HDFCBANK,-0.0012906912427002439,13,-1.0
HDFCBANK,0.001358782192138249,8,1.0
HDFCBANK,0.002969489129883784,4,1.0
HDFCBANK,-0.007419803736205233,14,-1.0
HDFCBANK,0.0032435042215079434,9,-1.0
HDFCBANK,-0.02259804347307156,30,-1.0
HDFCBANK,-0.0004377756650318785,7,1.0
HDFCBANK,-0.0007144909697112593,11,1.0
HDFCBANK,-0.02340789296490284,15,-1.0
HDFCBANK,0.0068801093073438116,3,-1.0
HDFCBANK,0.0062681420797575825,6,1.0
HDFCBANK,-0.019933193443963854,28,-1.0
HDFCBANK,-0.010366098675707872,15,1.0
HDFCBANK,-0.0059358326891399,14,-1.0
HDFCBANK,-0.0208069958752122,30,-1.0
HDFCBANK,0.0008884175045526666,4,-1.0
HDFCBANK,0.0016793033147261356,12,1.0
HDFCBANK,-0.006612426089370196,14,-1.0
HDFCBANK,0.00497574048025293,9,1.0
HDFCBANK,-0.010795938709636799,16,1.0
HDFCBANK,-0.0026156392751753603,9,1.0
HDFCBANK,-0.009572120225288909,14,-1.0
HDFCBANK,0.007959870730008823,2,1.0
HDFCBANK,0.009410132988946883,5,-1.0
HDFCBANK,0.008724268509590677,3,1.0
HDFCBANK,-0.007711192866203917,18,-1.0
HDFCBANK,-0.001994350654087755,16,1.0
HDFCBANK,-0.014967873439185481,17,-1.0
HDFCBANK,0.007747663251701964,4,1.0
HDFCBANK,0.009575719166359142,2,-1.0
HDFCBANK,-0.018707904375956968,20,-1.0
HDFCBANK,9.647545144046032e-05,7,1.0
HDFCBANK,0.008125245781061113,9,-1.0
HDFCBANK,0.003022045885395086,6,-1.0
HDFCBANK,0.005470066458795967,5,-1.0
HDFCBANK,0.005998885931041433,2,1.0
HDFCBANK,0.007344878901299766,1,-1.0
HDFCBANK,-0.003151868801441504,11,1.0
HDFCBANK,0.014539840405138985,5,-1.0
HDFCBANK,0.004968674073536746,3,1.0
HDFCBANK,0.000993880115099566,5,-1.0
HDFCBANK,0.005160152076814306,3,-1.0
HDFCBANK,0.004752043715872768,5,1.0
HDFCBANK,-0.03271866609798388,39,1.0
HDFCBANK,0.0026461671810869745,7,-1.0
HDFCBANK,0.003969762022638902,4,-1.0
HDFCBANK,0.002290305918778307,2,-1.0
HDFCBANK,0.005233198478385664,3,-1.0
HDFCBANK,0.00505570457032915,3,-1.0
HDFCBANK,-0.007319639623342199,14,1.0
HDFCBANK,0.005511889579561139,1,1.0
HDFCBANK,0.0047566300633234545,2,-1.0
HDFCBANK,0.002141290476781632,7,-1.0
HDFCBANK,0.0053343040367015105,2,-1.0
HDFCBANK,0.006250263942286375,2,1.0
HDFCBANK,0.005015959114567087,3,1.0
HDFCBANK,0.0073394573074114814,3,-1.0
HDFCBANK,-0.06601931519276757,55,-1.0
HDFCBANK,0.004033273592218291,3,1.0
HDFCBANK,0.006443086793524361,4,-1.0
HDFCBANK,0.005407666345341776,2,1.0
HDFCBANK,-0.0046050787722736655,11,1.0
HDFCBANK,-0.011404931959590171,19,-1.0
HDFCBANK,0.00783199057261049,1,1.0
HDFCBANK,-0.005865144086165139,13,1.0
HDFCBANK,-0.015138023592188894,16,-1.0
HDFCBANK,0.011809225630943198,2,1.0
HDFCBANK,-0.002871362051816219,14,1.0
HDFCBANK,-0.011060964203519636,12,-1.0
HDFCBANK,-0.004640474870362121,8,1.0
HDFCBANK,-0.00048752752128247175,8,-1.0
HDFCBANK,0.003037261608173065,4,-1.0
HDFCBANK,0.0022124505688427424,5,1.0
HDFCBANK,0.005349220633155911,4,1.0
HDFCBANK,0.006785385060742726,1,-1.0
HDFCBANK,0.0043139007590728175,6,1.0
HDFCBANK,0.003984238000899284,3,1.0
HDFCBANK,0.00399163242455256,1,1.0
HDFCBANK,0.0033350572071646017,2,-1.0
HDFCBANK,-0.005236841641636155,10,-1.0
HDFCBANK,0.003273615384600411,3,1.0
HDFCBANK,-0.031258301143928004,22,1.0
HDFCBANK,0.014524419501936675,4,-1.0
HDFCBANK,0.004799134544528641,2,-1.0
HDFCBANK,0.004583616150888069,1,-1.0
HDFCBANK,0.004695465826958134,2,1.0
HDFCBANK,0.005607303658981584,1,1.0
HDFCBANK,0.005821908182757881,1,-1.0
HDFCBANK,-0.010595478144631694,14,1.0
HDFCBANK,0.0013250254907055334,12,-1.0
HDFCBANK,0.00956670477875233,5,1.0
HDFCBANK,-0.11386893632655534,21,-1.0
HDFCBANK,0.017328716973909645,3,1.0
HDFCBANK,0.009721722721217829,3,-1.0
HDFCBANK,0.0026758831212322226,2,-1.0
HDFCBANK,-0.0018540141414365714,7,-1.0
HDFCBANK,0.009606775718792666,1,-1.0
HDFCBANK,0.0072288760708988705,1,1.0
HDFCBANK,0.004193433457413492,1,1.0
HDFCBANK,0.0049559702731645705,1,1.0
HDFCBANK,0.001695675577108446,4,1.0
HDFCBANK,0.00938211748980807,4,-1.0
HDFCBANK,0.007522564713580939,5,-1.0
HDFCBANK,0.005898090982799676,8,1.0
HDFCBANK,0.004098195065178311,2,1.0
HDFCBANK,-0.010124983722083394,16,-1.0
HDFCBANK,0.0052482369367986,1,1.0
HDFCBANK,0.004965202636503257,1,-1.0
HDFCBANK,-0.0041499056140603145,13,-1.0
HDFCBANK,0.003597703520829963,5,-1.0
HDFCBANK,0.005413507241699273,2,1.0
HDFCBANK,0.0036800432998541,2,-1.0
HDFCBANK,0.004105373368305995,1,-1.0
HDFCBANK,-0.0007925570661566849,8,1.0
HDFCBANK,0.002182913701758809,8,-1.0
HDFCBANK,-0.008281414265054769,13,-1.0
HDFCBANK,-0.0070003350553162055,14,1.0
HDFCBANK,0.0034417020967209898,6,-1.0
HDFCBANK,-0.0055532233061264666,13,1.0
HDFCBANK,0.004013283238921035,4,1.0
HDFCBANK,0.0028501137600423707,7,1.0
HDFCBANK,-0.01024825362558735,13,1.0
HDFCBANK,0.005502857986814124,3,1.0
HDFCBANK,0.003484873680573391,5,-1.0
HDFCBANK,0.003584617388654515,7,-1.0
HDFCBANK,0.006269418627006019,3,1.0
HDFCBANK,-0.01587225798544199,19,1.0
HDFCBANK,0.007729473185082564,6,1.0
HDFCBANK,0.0013277219265873904,11,1.0
HDFCBANK,0.00821237273055098,1,1.0
HDFCBANK,0.004316891886284105,4,1.0
HDFCBANK,-0.0005014335714335867,7,1.0
HDFCBANK,0.03360791098254468,6,1.0
HDFCBANK,0.026120729335420985,4,1.0
HDFCBANK,-0.043607273553609986,21,-1.0
HDFCBANK,0.002920266465702263,9,1.0
HDFCBANK,0.03193096247041605,4,-1.0
HDFCBANK,-0.0020449548185472715,10,-1.0
HDFCBANK,0.0010947226315023218,8,1.0
HDFCBANK,0.004043209215235109,6,-1.0
HDFCBANK,-0.15415115944148977,41,-1.0
HDFCBANK,0.011147786786186312,4,1.0
HDFCBANK,0.02319666816956546,2,-1.0
HDFCBANK,0.012929927879795989,7,-1.0
HDFCBANK,-0.020815688193249873,15,-1.0
HDFCBANK,0.00827841000325571,4,-1.0
HDFCBANK,0.011748364730558387,2,1.0
HDFCBANK,0.016061992950733517,1,-1.0
HDFCBANK,0.001626745688098794,9,-1.0
HDFCBANK,-0.00021493248586671937,11,-1.0
HDFCBANK,0.0073065303252690846,7,-1.0
HDFCBANK,0.006192869412529997,6,-1.0
HDFCBANK,-0.027035412397869885,19,1.0
HDFCBANK,0.01098075926345307,5,1.0
HDFCBANK,-0.039342778716242165,16,-1.0
HDFCBANK,0.011301769701479905,1,1.0
HDFCBANK,0.0037715534219219735,6,1.0
HDFCBANK,-0.013370279068524697,12,1.0
HDFCBANK,0.007009079141579793,1,1.0
HDFCBANK,-0.010211129452559663,11,1.0
HDFCBANK,-0.03677230733997762,23,-1.0
HDFCBANK,0.00452649006864569,1,-1.0
HDFCBANK,0.0026375353757742723,3,1.0
HDFCBANK,0.003090221780686666,4,-1.0
HDFCBANK,0.011855139807005694,1,-1.0
HDFCBANK,0.009226528963457555,3,-1.0
HDFCBANK,0.006713468605877474,5,-1.0
HDFCBANK,-0.00564094885986091,15,1.0
HDFCBANK,-0.0015617187952351543,7,1.0
HDFCBANK,0.008691293240287817,3,1.0
HDFCBANK,0.004417905779658676,6,1.0
HDFCBANK,0.0020183867945456767,8,1.0
HDFCBANK,0.004514168108926256,9,-1.0
HDFCBANK,-0.018189912331763137,17,1.0
HDFCBANK,0.007855293290810049,7,-1.0
HDFCBANK,-0.1328999706897367,51,-1.0
HDFCBANK,-0.009138424091505339,16,-1.0
HDFCBANK,0.007511208952331465,5,1.0
HDFCBANK,-0.008858433306889886,16,1.0
HDFCBANK,-0.1434487164141396,51,-1.0
HDFCBANK,0.016472896941139188,1,-1.0
HDFCBANK,-0.00859531288300174,10,-1.0
HDFCBANK,0.008532647331307349,4,1.0
HDFCBANK,-0.0033628009326716855,12,1.0
HDFCBANK,0.002771368897047778,9,-1.0
HDFCBANK,0.0025597667914444068,7,1.0
HDFCBANK,0.010110928150705847,1,-1.0
HDFCBANK,0.004775631658981594,1,1.0
HDFCBANK,-0.02496013935849517,24,-1.0
HDFCBANK,0.006376774803040716,4,1.0
HDFCBANK,0.0010344948401967689,7,-1.0
HDFCBANK,0.010349070849862637,5,-1.0
HDFCBANK,0.00688640927281055,4,1.0
HDFCBANK,-0.000700332133011936,7,1.0
HDFCBANK,-0.03550776931088747,17,1.0
HDFCBANK,0.013428485702951177,11,-1.0
HDFCBANK,-0.003917786087002134,12,-1.0
HDFCBANK,-0.01476193811377838,14,1.0
HDFCBANK,0.010596946525851247,1,1.0
HDFCBANK,0.0031761376923302247,5,1.0
HDFCBANK,-0.00498401262250533,7,-1.0
HDFCBANK,0.008519944674816374,3,-1.0
HDFCBANK,0.011282826480699552,2,1.0
HDFCBANK,0.004983573305594973,7,1.0
HDFCBANK,-0.005960268580471404,14,1.0
HDFCBANK,-0.0027124459837020373,15,1.0
HDFCBANK,0.015881785605164348,3,1.0
HDFCBANK,0.014342768873748017,1,-1.0
HDFCBANK,0.01284958755300113,4,-1.0
HDFCBANK,-0.019099476895840288,17,-1.0
HDFCBANK,0.012762282888631724,1,1.0
HDFCBANK,0.0010683556106741098,11,-1.0
HDFCBANK,-0.02929276231690416,18,-1.0
HDFCBANK,0.009599927023215092,1,1.0
HDFCBANK,0.006316678827379859,3,1.0
HDFCBANK,0.0035317439344445204,4,1.0
HDFCBANK,0.005022253245279871,3,-1.0
HDFCBANK,0.002630675298480982,11,1.0
HDFCBANK,0.003966508172240264,5,-1.0
HDFCBANK,0.0013059733276439753,10,-1.0
HDFCBANK,0.0027217337612330176,7,1.0
HDFCBANK,-0.004994114852230379,16,1.0
HDFCBANK,-0.008921079118505457,12,-1.0
HDFCBANK,-0.013664920450709701,17,1.0
HDFCBANK,-0.0021737340088005493,12,-1.0
HDFCBANK,-0.02616509251667401,20,1.0
HDFCBANK,0.00847265930356347,10,-1.0
HDFCBANK,0.003674509412483226,7,-1.0
HDFCBANK,0.004169136526113133,1,-1.0
HDFCBANK,0.0014332543591237226,7,1.0
HDFCBANK,0.0008775386022416237,9,1.0
HDFCBANK,-0.005514271443714478,14,-1.0
HDFCBANK,0.0005174709758133942,14,1.0
HDFCBANK,-0.023264683551250106,17,-1.0
HDFCBANK,0.002327022077619699,7,1.0
HDFCBANK,-0.007746994251544096,12,-1.0
HDFCBANK,0.006247844812834239,2,1.0
HDFCBANK,-0.0019927289322820767,15,-1.0
HDFCBANK,-0.013419454013161155,15,-1.0
HDFCBANK,0.005357267905340826,2,1.0
HDFCBANK,0.005830204138852762,5,-1.0
HDFCBANK,0.009244791682927541,2,1.0
HDFCBANK,-0.029078354850996902,19,1.0
HDFCBANK,0.010425324356028767,4,-1.0
HDFCBANK,0.007274952017075142,2,1.0
HDFCBANK,0.0010066190402815655,7,-1.0
HDFCBANK,0.009924625269625908,7,1.0
HDFCBANK,0.0022963514892720594,9,1.0
HDFCBANK,0.003979246309966186,1,1.0
HDFCBANK,-0.031944038825852505,17,1.0
HDFCBANK,0.007316007627587332,1,-1.0
HDFCBANK,0.0029793649382826443,4,1.0
HDFCBANK,0.006442776167625952,3,1.0
HDFCBANK,0.003324818981821756,7,-1.0
HDFCBANK,-0.050675224897658314,30,-1.0
HDFCBANK,0.003835169127676193,8,1.0
HDFCBANK,-0.00781582490082546,11,1.0
HDFCBANK,0.01411956157075234,5,1.0
HDFCBANK,0.008921327371573603,3,-1.0
HDFCBANK,-0.0026634669777206342,11,-1.0
HDFCBANK,-0.024765281985672676,14,1.0
HDFCBANK,0.004401908893705808,7,-1.0
HDFCBANK,0.010037091084614865,9,1.0
HDFCBANK,0.00653534138470754,1,1.0
HDFCBANK,0.005769716955644457,5,-1.0
HDFCBANK,-0.08461012348977094,39,1.0
HDFCBANK,0.0051141410459506365,11,-1.0
HDFCBANK,-0.015266280136116361,14,-1.0
HDFCBANK,0.017586775949622668,5,1.0
HDFCBANK,-0.10689190446123875,35,-1.0
HDFCBANK,0.0061362928375301076,7,1.0
HDFCBANK,-0.08110892165278888,27,1.0
HDFCBANK,-0.002839105951182369,7,-1.0
HDFCBANK,-0.03148828813772686,22,1.0
HDFCBANK,0.014646781621069775,6,-1.0
HDFCBANK,0.00378377346161539,11,1.0
HDFCBANK,0.0032930532015605037,6,-1.0
HDFCBANK,0.006950259298866345,7,1.0
HDFCBANK,-0.04513829042969752,28,-1.0
HDFCBANK,0.00682841424835919,1,-1.0
HDFCBANK,-0.02878882046248134,27,1.0
HDFCBANK,-0.0058206905183264225,11,1.0
HDFCBANK,0.0025006151748676163,9,-1.0
HDFCBANK,-0.00026351721633998266,12,-1.0
HDFCBANK,0.007718223471309187,3,1.0
HDFCBANK,0.005683964079007067,1,-1.0
HDFCBANK,0.004097053452320307,1,1.0
HDFCBANK,0.003191842456545344,3,-1.0
HDFCBANK,0.0010020306171886456,5,-1.0
HDFCBANK,-0.015150675109324094,21,-1.0
HDFCBANK,0.002571842635873896,12,1.0
HDFCBANK,0.0033931677848461315,7,1.0
HDFCBANK,0.002875250528309592,11,-1.0
HDFCBANK,-0.013188458224632472,20,-1.0
HDFCBANK,-0.024074037275473657,26,-1.0
HDFCBANK,-0.028135656155288364,26,-1.0
HDFCBANK,0.005924915847631325,9,1.0
HDFCBANK,0.00511926976274177,5,-1.0
HDFCBANK,-0.001869716666408113,8,1.0
HDFCBANK,0.0006749948918465763,12,-1.0
HDFCBANK,0.009829089491859663,3,1.0
HDFCBANK,0.0046142118607091515,7,-1.0
HDFCBANK,0.0020312122227673997,7,-1.0
HDFCBANK,0.0014020426521859125,6,-1.0
HDFCBANK,0.0049714837288423585,8,1.0
HDFCBANK,-0.0709120888290216,43,1.0
HDFCBANK,0.00013459207244407293,7,-1.0
HDFCBANK,0.00825375125558316,2,1.0
HDFCBANK,0.006509003207823526,3,-1.0
HDFCBANK,0.006527768168008547,3,-1.0
HDFCBANK,-0.0334989621285368,20,-1.0
HDFCBANK,-0.008523352311547952,12,-1.0
HDFCBANK,-0.0030684011558509312,8,-1.0
HDFCBANK,0.003959413471943758,1,-1.0
HDFCBANK,-0.024629816761280572,37,-1.0
HDFCBANK,0.0008377403993744524,6,1.0
HDFCBANK,-0.030313041764338685,33,-1.0
HDFCBANK,-0.004593637227054516,12,1.0
HDFCBANK,0.00533145735876516,4,-1.0
HDFCBANK,0.00673221680827252,1,-1.0
HDFCBANK,0.004513034903326032,3,1.0
HDFCBANK,-0.0020572791938432895,12,-1.0
HDFCBANK,0.005000909726447751,4,-1.0
HDFCBANK,0.0015683104627224268,6,1.0
HDFCBANK,0.006503420354700488,4,1.0
HDFCBANK,-0.024037013723355604,23,1.0
ICICIBANK,0.0015180391635984535,7,-1.0
ICICIBANK,0.0020654467315361674,4,1.0
ICICIBANK,0.0062164154952170725,2,-1.0
ICICIBANK,-0.0332137496863952,19,1.0
ICICIBANK,-0.005667440195231391,14,1.0
ICICIBANK,0.00490508500604471,12,-1.0
ICICIBANK,-0.02230437274953152,14,1.0
ICICIBANK,-0.06585820755134898,13,-1.0
ICICIBANK,0.004673520277850196,3,1.0
ICICIBANK,0.0051454146080765735,2,1.0
ICICIBANK,0.0038553757149704148,3,1.0
ICICIBANK,0.001961401303416666,8,1.0
ICICIBANK,-0.019921849812968625,21,1.0
ICICIBANK,0.005158994257027795,4,-1.0
ICICIBANK,0.006067429097035775,2,1.0
ICICIBANK,0.005312754322689476,2,-1.0
ICICIBANK,0.0009148283261929369,7,1.0
ICICIBANK,0.0011848838193080783,9,1.0
ICICIBANK,0.011448511679016723,5,-1.0
ICICIBANK,0.0042593472485968125,5,-1.0
ICICIBANK,0.004404709903027364,5,1.0
ICICIBANK,0.0027163758685490886,7,1.0
ICICIBANK,-0.09105755418705005,31,-1.0
ICICIBANK,-0.04022527019865749,19,1.0
ICICIBANK,0.013094041167147883,11,1.0
ICICIBANK,-0.0022721184989281736,11,1.0
ICICIBANK,0.012845468728917061,3,1.0
ICICIBANK,-0.03777099566290062,21,1.0
ICICIBANK,-0.03065003659721631,12,1.0
ICICIBANK,-0.009548383427205617,13,-1.0
ICICIBANK,-0.007600657584773827,7,-1.0
ICICIBANK,-0.0758794516773379,23,-1.0
ICICIBANK,0.01700603728546812,5,1.0
ICICIBANK,0.004048740580227634,4,-1.0
ICICIBANK,0.004800230940898291,8,-1.0
ICICIBANK,0.005565921729223021,7,-1.0
ICICIBANK,-0.028044266624574744,17,1.0
ICICIBANK,0.024483694248315573,6,-1.0
ICICIBANK,0.005771839499238259,7,-1.0
ICICIBANK,0.001115980890837695,7,-1.0
ICICIBANK,0.0085307213436412,4,1.0
ICICIBANK,0.016862861058558543,5,-1.0
ICICIBANK,-0.0031545868949387915,8,-1.0
ICICIBANK,0.013913678897116232,1,-1.0
ICICIBANK,-0.054072585535871194,28,1.0
ICICIBANK,0.01124322646311049,5,1.0
ICICIBANK,-0.006271093074189857,7,1.0
ICICIBANK,0.012096945931046666,2,1.0
ICICIBANK,0.010747718201240219,1,-1.0
ICICIBANK,-0.024631923772837194,18,-1.0
ICICIBANK,0.005710466248516874,2,-1.0
ICICIBANK,0.004848028492096255,3,-1.0
ICICIBANK,-0.021874196451348603,20,1.0
ICICIBANK,0.00956473410346447,1,1.0
ICICIBANK,0.006560017168136482,5,-1.0
ICICIBANK,0.009971140564780457,5,-1.0
ICICIBANK,-0.0069092499968711,9,1.0
ICICIBANK,0.013191813852195233,6,-1.0
ICICIBANK,0.019268325188273032,4,-1.0
ICICIBANK,0.012298328959860489,5,-1.0
ICICIBANK,0.01984457087218676,1,1.0
ICICIBANK,0.0020051489455646197,6,1.0
ICICIBANK,-0.050918157845408187,15,-1.0
ICICIBANK,0.0061094768490221685,6,1.0
ICICIBANK,0.00717803382845284,1,-1.0
ICICIBANK,-0.005684485739811146,10,-1.0
ICICIBANK,-0.006508929943299568,13,1.0
ICICIBANK,0.00760584240213242,6,-1.0
ICICIBANK,-0.009404638328777677,17,1.0
ICICIBANK,0.005644995473071153,2,-1.0
ICICIBANK,0.005869768293626888,3,-1.0
ICICIBANK,0.008722807751455617,1,-1.0
ICICIBANK,0.0055414887851203895,5,-1.0
ICICIBANK,-0.017703713147189482,16,-1.0
ICICIBANK,0.008378402499773759,3,1.0
ICICIBANK,-0.003164173337052142,13,1.0
ICICIBANK,0.009881455270542126,4,-1.0
ICICIBANK,0.00817673306921183,4,1.0
ICICIBANK,-0.0004517180151576018,7,1.0
ICICIBANK,-0.05127646517255076,26,1.0
ICICIBANK,0.0141703557400797,7,1.0
ICICIBANK,-0.022639287781930535,26,1.0
ICICIBANK,0.004449633248110813,7,1.0
ICICIBANK,0.0026014601766474023,10,1.0
ICICIBANK,-0.04431909464891968,28,-1.0
ICICIBANK,0.01685674431082644,1,-1.0
ICICIBANK,0.003643772134748505,8,1.0
ICICIBANK,0.006110043985667406,2,1.0
ICICIBANK,-0.0033401532690971623,8,-1.0
ICICIBANK,-0.014295343035299283,13,-1.0
ICICIBANK,0.013109369260685427,6,1.0
ICICIBANK,0.008616147758220649,2,-1.0
ICICIBANK,0.0072188369310228215,2,-1.0
ICICIBANK,-0.002935943085525684,10,-1.0
ICICIBANK,0.004803885729993163,5,-1.0
ICICIBANK,-0.011141621601885048,14,-1.0
ICICIBANK,-0.004007076873063071,10,1.0
ICICIBANK,0.012417616773604135,2,-1.0
ICICIBANK,0.0033980010843221733,5,-1.0
ICICIBANK,0.006614176843991527,1,-1.0
ICICIBANK,0.0030260883340908623,5,1.0
ICICIBANK,0.0033445359638620445,10,-1.0
ICICIBANK,-0.00737567357656208,16,-1.0
ICICIBANK,0.008090197858103061,2,1.0
ICICIBANK,-0.009120729464793626,16,-1.0
ICICIBANK,0.006995838962898718,3,1.0
ICICIBANK,0.00697172405204935,2,-1.0
ICICIBANK,0.004234039875119233,1,1.0
ICICIBANK,0.00462981967452338,1,-1.0
ICICIBANK,-0.011087951910626346,12,1.0
ICICIBANK,0.007026724842902158,1,-1.0
ICICIBANK,0.006422097594477249,2,1.0
ICICIBANK,0.0065788832224695625,3,1.0
ICICIBANK,-0.005662668136741577,11,1.0
ICICIBANK,0.007777404873220301,7,1.0
ICICIBANK,0.0067365500103154325,6,-1.0
ICICIBANK,0.004134348745560278,7,-1.0
ICICIBANK,-0.017301135775895496,14,1.0
ICICIBANK,0.007941183089522174,10,1.0
ICICIBANK,-0.001513571911682433,11,1.0
ICICIBANK,-0.0021277363618715417,8,-1.0
ICICIBANK,0.003603873666774544,9,-1.0
ICICIBANK,0.00902064967741566,7,1.0
ICICIBANK,-0.0666072548089979,19,-1.0
ICICIBANK,0.008347420152682033,5,1.0
ICICIBANK,0.015208308597746514,5,-1.0
ICICIBANK,0.016432256550739405,1,-1.0
ICICIBANK,0.004992541198403296,6,-1.0
ICICIBANK,0.0065547780267613135,4,-1.0
ICICIBANK,0.00998103554965164,1,-1.0
ICICIBANK,-0.019717133782839215,14,-1.0
ICICIBANK,-0.035832887862817,27,-1.0
ICICIBANK,0.007765443043135781,5,1.0
ICICIBANK,0.0062207539760609255,2,1.0
ICICIBANK,0.004531774592245943,4,-1.0
ICICIBANK,0.008244813949532512,2,1.0
ICICIBANK,-0.0035130857945754167,13,-1.0
ICICIBANK,0.0019867772367390636,9,-1.0
ICICIBANK,0.004776419663411413,6,1.0
ICICIBANK,-0.024115522955250712,17,-1.0
ICICIBANK,0.002508780053350184,5,-1.0
ICICIBANK,0.007462582339879817,2,-1.0
ICICIBANK,0.0009348521649051218,8,-1.0
ICICIBANK,0.0026214426626906865,11,-1.0
ICICIBANK,0.00393146990184561,1,-1.0
ICICIBANK,0.004099673357839892,2,1.0
ICICIBANK,0.004239495918841757,1,-1.0
ICICIBANK,0.004976059130475287,2,1.0
ICICIBANK,0.0006597281452925842,10,-1.0
ICICIBANK,0.00588173978117499,2,1.0
ICICIBANK,0.008635322422896925,4,-1.0
ICICIBANK,-0.00019990099313432072,7,-1.0
ICICIBANK,0.010155768835197133,1,1.0
ICICIBANK,0.009197352091598256,1,1.0
ICICIBANK,0.006589566962326804,2,1.0
ICICIBANK,0.003387721690596229,1,-1.0
ICICIBANK,0.0016654715905765362,6,-1.0
ICICIBANK,0.0019165160078067768,9,1.0
ICICIBANK,-0.026891152351498755,20,1.0
ICICIBANK,0.04041301761325374,3,1.0
ICICIBANK,-0.0007537186089948886,7,1.0
ICICIBANK,0.0021606571236085195,15,-1.0
ICICIBANK,0.032533360123368965,3,-1.0
ICICIBANK,0.03936261157646119,1,1.0
ICICIBANK,-0.021959142954047835,12,-1.0
ICICIBANK,-0.009674439859872184,8,1.0
ICICIBANK,0.010326660079983983,4,-1.0
ICICIBANK,-0.006473207318568272,13,1.0
ICICIBANK,-0.08620280190687264,25,-1.0
ICICIBANK,0.004426835087122644,9,-1.0
ICICIBANK,0.016847406390148468,5,1.0
ICICIBANK,-0.05185104621118224,24,-1.0
ICICIBANK,0.016088547704033635,7,1.0
ICICIBANK,0.01798968609813292,5,1.0
ICICIBANK,0.0016154581443581534,10,-1.0
ICICIBANK,-0.010931319482817196,10,-1.0
ICICIBANK,0.0057516039858215495,7,1.0
ICICIBANK,-0.00954628368563094,11,1.0
ICICIBANK,-0.0799394474968633,30,-1.0
ICICIBANK,-0.0464840107606996,17,1.0
ICICIBANK,0.010865802014748396,4,-1.0
ICICIBANK,-0.0069425884830125175,15,-1.0
ICICIBANK,0.010707369966511943,2,-1.0
ICICIBANK,0.006459773639453114,1,-1.0
ICICIBANK,0.003337860216108297,3,1.0
ICICIBANK,0.0066302334273373635,6,1.0
ICICIBANK,0.008949332325274647,7,-1.0
ICICIBANK,-0.06607363963654134,37,-1.0
ICICIBANK,-0.01718112884499455,19,1.0
ICICIBANK,-0.0024605676230756747,7,1.0
ICICIBANK,0.007639442421754446,3,1.0
ICICIBANK,0.010578894560017893,2,-1.0
ICICIBANK,0.011211463668121506,1,1.0
ICICIBANK,-0.03438561899758261,19,1.0
ICICIBANK,-0.03182043916892424,21,-1.0
ICICIBANK,-0.04213088522239859,22,-1.0
ICICIBANK,-0.01614807890910991,18,-1.0
ICICIBANK,0.02198661611389615,1,1.0
ICICIBANK,0.008975211980955732,6,1.0
ICICIBANK,0.020277358631561774,1,1.0
ICICIBANK,0.011832348888128865,5,1.0
ICICIBANK,-0.04855437523510123,16,-1.0
ICICIBANK,0.009639045157669592,4,-1.0
ICICIBANK,0.007201034849495656,7,-1.0
ICICIBANK,-0.04330097404931227,22,-1.0
ICICIBANK,0.006139790921068615,1,-1.0
ICICIBANK,0.005971335508846592,1,-1.0
ICICIBANK,0.0029350806655776204,3,1.0
ICICIBANK,0.008033457871575281,2,-1.0
ICICIBANK,-0.00449529843988445,9,-1.0
ICICIBANK,0.007839391910290023,1,1.0
ICICIBANK,-0.0021893131365015536,15,-1.0
ICICIBANK,0.0069827698945087125,3,1.0
ICICIBANK,-0.012091001669379877,14,-1.0
ICICIBANK,0.008184671315988197,2,1.0
ICICIBANK,-0.010825487349768757,15,-1.0
ICICIBANK,-0.006942376972501724,15,1.0
ICICIBANK,-0.02431181294279907,24,1.0
ICICIBANK,-0.007511471807303748,14,-1.0
ICICIBANK,-0.02519655613198191,15,1.0
ICICIBANK,0.004094670384542658,7,-1.0
ICICIBANK,0.011997945690620576,12,1.0
ICICIBANK,0.009162839332636305,2,-1.0
ICICIBANK,0.006278835254361874,6,1.0
ICICIBANK,0.011611473380185458,4,-1.0
ICICIBANK,-0.023096398416069797,12,1.0
ICICIBANK,0.01940927117401487,5,1.0
ICICIBANK,0.012983836077873111,7,-1.0
ICICIBANK,-0.052367936635844575,28,-1.0
ICICIBANK,0.007612392341093457,1,-1.0
ICICIBANK,0.0068130984409119485,3,1.0
ICICIBANK,0.005503879904686333,5,1.0
ICICIBANK,0.001766567004797716,8,1.0
ICICIBANK,0.007044752276590464,3,1.0
ICICIBANK,0.0022225193323767976,5,1.0
ICICIBANK,-0.0002468258037660832,11,1.0
ICICIBANK,-0.004864388133770941,10,1.0
ICICIBANK,-0.020462494263372613,21,-1.0
ICICIBANK,-0.015984599299936585,19,1.0
ICICIBANK,-0.018114556565479625,17,-1.0
ICICIBANK,0.008241452095139273,7,-1.0
ICICIBANK,0.0020232283398405257,5,1.0
ICICIBANK,0.008130745073551314,1,1.0
ICICIBANK,-0.008697101029715076,11,1.0
ICICIBANK,-0.0274218347091078,22,-1.0
ICICIBANK,0.002196060524955816,3,1.0
ICICIBANK,-0.002035352810827296,8,1.0
ICICIBANK,0.0027017153871377237,7,1.0
ICICIBANK,0.009191887404318564,2,-1.0
ICICIBANK,-0.00279870265294887,14,1.0
ICICIBANK,-0.03576582970077614,17,-1.0
ICICIBANK,-0.01002650691839086,14,1.0
ICICIBANK,0.007281237760292031,4,1.0
ICICIBANK,0.0023393586250621094,7,1.0
ICICIBANK,0.007722836300785502,1,-1.0
ICICIBANK,0.0037419622101494097,8,1.0
ICICIBANK,0.007761341635292916,3,1.0
ICICIBANK,-0.006147824627268915,10,1.0
ICICIBANK,0.002045302235168522,3,-1.0
ICICIBANK,0.009891446100281722,2,1.0
ICICIBANK,-0.03467652252664073,19,1.0
ICICIBANK,0.010169764028126324,1,1.0
ICICIBANK,0.0017012855643814054,15,-1.0
ICICIBANK,0.008960428011567942,1,1.0
ICICIBANK,0.003595363127360328,4,-1.0
ICICIBANK,-0.0458192115149092,21,-1.0
ICICIBANK,0.010849136144839427,1,1.0
ICICIBANK,0.0074557853432182805,1,-1.0
ICICIBANK,0.002110512029423858,4,1.0
ICICIBANK,0.011864791914059761,4,1.0
ICICIBANK,0.009787415347761922,4,1.0
ICICIBANK,0.007827755947537818,3,1.0
ICICIBANK,0.006372273056477108,3,-1.0
ICICIBANK,0.010915824577723355,7,-1.0
ICICIBANK,-0.013123559197957506,17,1.0
ICICIBANK,-0.02590357236923318,13,1.0
ICICIBANK,0.019002515452626326,3,-1.0
ICICIBANK,-0.0027199025887174686,10,-1.0
ICICIBANK,0.01629179497532381,1,1.0
ICICIBANK,0.013537975027783845,3,-1.0
ICICIBANK,0.012920367934996433,2,1.0
ICICIBANK,0.008651574654861464,4,-1.0
ICICIBANK,-0.014625956483343009,16,-1.0
ICICIBANK,0.010900454395478714,1,-1.0
ICICIBANK,-0.003439458156849796,10,1.0
ICICIBANK,0.012480653941712189,3,1.0
ICICIBANK,-0.019167302353837255,20,1.0
ICICIBANK,-0.026885967310750984,21,1.0
ICICIBANK,-0.03346900047319145,27,-1.0
ICICIBANK,0.004507746597567344,1,-1.0
ICICIBANK,0.0042244224206572645,3,1.0
ICICIBANK,0.00588727307647442,1,-1.0
ICICIBANK,0.004009987226718521,4,1.0
ICICIBANK,-0.014386459425854373,19,1.0
ICICIBANK,-0.04046847668684966,18,1.0
ICICIBANK,0.0037386560795974596,5,-1.0
ICICIBANK,-0.005688181707871827,14,-1.0
ICICIBANK,0.004840923196477572,7,1.0
ICICIBANK,0.0044550558073495235,4,1.0
ICICIBANK,-0.017530757783046132,19,-1.0
ICICIBANK,-0.06261587080712101,49,-1.0
ICICIBANK,-0.007382870635634369,11,1.0
ICICIBANK,0.0030682731599020762,8,-1.0
ICICIBANK,0.0013654155758958482,7,1.0
ICICIBANK,6.608719403973333e-05,8,-1.0
ICICIBANK,0.0037272122157648874,9,1.0
ICICIBANK,0.00957965127629151,4,1.0
ICICIBANK,-0.022617521163085356,18,-1.0
ICICIBANK,0.005903963068573826,1,-1.0
ICICIBANK,0.005473252451862115,1,1.0
ICICIBANK,0.005209562673353624,1,-1.0
ICICIBANK,0.003812708562237416,1,1.0
ICICIBANK,0.0034954534334592333,2,-1.0
ICICIBANK,0.0034486593437081056,3,-1.0
ICICIBANK,0.004440449963395866,2,-1.0
ICICIBANK,0.0009024748221149032,7,1.0
ICICIBANK,-0.003666570724268139,13,-1.0
ICICIBANK,-0.0027784127773168004,13,-1.0
ICICIBANK,-0.001997398063172694,11,1.0
ICICIBANK,0.004119880287779472,6,1.0
ICICIBANK,0.004149153514369412,5,-1.0
ICICIBANK,0.0024110878421852266,2,-1.0
ICICIBANK,0.0026714551510862213,1,-1.0
ICICIBANK,-0.018718882861962657,20,1.0
ICICIBANK,-0.022689867066063872,16,1.0
ICICIBANK,0.0031917368209712907,3,-1.0
ICICIBANK,0.0024444989268022897,3,-1.0
ICICIBANK,0.007412885452693374,1,-1.0
ICICIBANK,-0.047122416318597496,20,1.0
ICICIBANK,0.00826806067247859,5,1.0
ICICIBANK,0.004573329022773042,1,-1.0
INFY,0.006466153134759515,1,1.0
INFY,0.004698453787182991,1,-1.0
INFY,0.003687608847619978,3,1.0
INFY,-0.0017186916838946317,9,1.0
INFY,-0.0097649638320732,16,1.0
INFY,-0.001676052666260577,8,-1.0
INFY,-0.002580156287154378,15,-1.0
INFY,-0.003876612890732441,8,-1.0
INFY,0.00683404735190451,2,1.0
INFY,0.001949996183145093,9,-1.0
INFY,0.017208791484062787,1,1.0
INFY,0.013301047687646027,6,1.0
INFY,0.00691037733423679,1,-1.0
INFY,-0.014074060804081422,16,1.0
INFY,0.0026213159001918195,5,-1.0
INFY,-0.0026057493820162703,14,1.0
INFY,0.0003330804845264797,8,-1.0
INFY,0.00556722992897248,5,1.0
INFY,-0.013236486380167983,14,-1.0
INFY,0.004232350598276818,2,-1.0
INFY,0.007112255058328916,2,-1.0
INFY,0.007271935114671021,4,-1.0
INFY,0.004649706714588469,5,-1.0
INFY,-0.0096256960022914,19,-1.0
INFY,0.010862479921244384,8,-1.0
INFY,-0.009952303833115267,21,1.0
INFY,0.001293954093843213,7,-1.0
INFY,0.008063338995558032,6,-1.0
INFY,0.00043681079488271313,6,1.0
INFY,-0.005342180662213188,7,-1.0
INFY,-0.05751402254116296,19,1.0
INFY,0.0029372173253172378,7,1.0
INFY,-0.018627395480873735,19,-1.0
INFY,-0.01095148770112939,13,1.0
INFY,0.008018855688801183,3,-1.0
INFY,0.004760854344340315,1,1.0
INFY,0.0015284900199928925,6,-1.0
INFY,0.0031431509254690503,1,1.0
INFY,0.00208224853169404,5,-1.0
INFY,0.002194384989976184,4,-1.0
INFY,-0.012511295048464127,13,-1.0
INFY,0.0005348871034587049,7,-1.0
INFY,0.00417916659831383,8,1.0
INFY,-0.011451070629582822,13,-1.0
INFY,-0.029198594332719388,17,-1.0
INFY,0.0031573261070216552,2,1.0
INFY,0.0009111822025321119,6,1.0
INFY,0.018589099361203586,3,-1.0
INFY,0.00025368468104348523,10,-1.0
INFY,-0.002066464017594858,13,-1.0
INFY,0.0059297830623781566,1,1.0
INFY,0.004109481539401537,4,-1.0
INFY,0.007088121420012164,4,-1.0
INFY,0.006043232653143061,7,1.0
INFY,0.00850151208719158,1,1.0
INFY,-0.004991450646941407,9,-1.0
INFY,0.004165608793680783,1,1.0
INFY,0.002776801956863786,6,-1.0
INFY,-0.0086685193931814,19,1.0
INFY,-0.019086306354664077,17,-1.0
INFY,0.011811459521125502,4,1.0
INFY,-0.007216439196155234,10,1.0
INFY,0.003568806634096466,8,-1.0
INFY,0.00022276945180881095,10,1.0
INFY,0.0034458421343837183,11,-1.0
INFY,0.012739998116439534,3,1.0
INFY,0.004541217579634678,2,1.0
INFY,0.0018516387639881374,6,1.0
INFY,-0.007761915892396253,11,-1.0
INFY,0.005656118102156341,2,1.0
INFY,0.004223903819396265,4,1.0
INFY,0.004544030294741395,2,1.0
INFY,-0.005673545612953744,10,1.0
INFY,0.009541867311529315,1,1.0
INFY,0.0006732739567373123,7,1.0
INFY,0.0031726713120667433,7,1.0
INFY,-0.0018321657518181335,10,-1.0
INFY,0.009987697819998817,9,1.0
INFY,-0.03198474305823728,20,-1.0
INFY,-0.008044773887119556,15,-1.0
INFY,0.015542746110477889,4,1.0
INFY,0.003841872649472752,2,-1.0
INFY,-0.003723549362602461,10,-1.0
INFY,0.009785075791877394,3,1.0
INFY,0.0062491501600082655,4,1.0
INFY,0.00702001787363195,1,1.0
INFY,0.004215015302026604,1,1.0
INFY,0.0037723313610935564,1,1.0
INFY,-0.0032694032565561155,10,-1.0
INFY,-0.01230642606858688,12,-1.0
INFY,-0.003159349616277177,10,-1.0
INFY,-0.011706295964444063,21,-1.0
INFY,0.009741505979243444,5,1.0
INFY,0.019572056192143764,9,-1.0
INFY,-0.01011589547206462,16,-1.0
INFY,0.005142022019690884,5,-1.0
INFY,0.008003596736040586,2,-1.0
INFY,-0.0323878762062164,23,-1.0
INFY,0.00895623222810129,6,-1.0
INFY,0.005808559945424644,3,-1.0
INFY,0.011500033468495197,4,1.0
INFY,0.013379870188778231,2,-1.0
INFY,0.004690430384199673,5,-1.0
INFY,0.006702881224059162,3,1.0
INFY,0.006243674565924212,6,-1.0
INFY,0.0010596207624306835,12,-1.0
INFY,-0.009406902519675582,12,1.0
INFY,0.004218310645272795,1,-1.0
INFY,0.005095265191466317,1,1.0
INFY,0.004605007691697395,1,-1.0
INFY,-0.002053215348768952,7,-1.0
INFY,-0.023045579088792897,25,-1.0
INFY,-0.009216712713386942,13,1.0
INFY,0.0003569575603442953,8,-1.0
INFY,0.01037538526781609,1,1.0
INFY,-0.00065647612446559,12,-1.0
INFY,0.0049121046738245175,7,-1.0
INFY,0.010216889851123366,1,1.0
INFY,0.007117154351268343,2,-1.0
INFY,0.005646826694993874,5,-1.0
INFY,0.004943810615950352,7,-1.0
INFY,0.00942807889219901,3,1.0
INFY,-0.01193414180176878,19,1.0
INFY,0.016230018026027884,3,-1.0
INFY,-0.004563307187022799,12,1.0
INFY,0.010460846350709666,3,-1.0
INFY,0.008751850592183036,1,-1.0
INFY,0.007431674991045815,5,1.0
INFY,0.009138656421335802,3,-1.0
INFY,0.0037302379926504132,7,1.0
INFY,-0.03790300914857464,22,1.0
INFY,-0.053994017763311815,24,-1.0
INFY,0.004589646399820496,7,1.0
INFY,0.009554657675509358,7,1.0
INFY,0.004581940442043771,13,-1.0
INFY,0.002948640350306005,3,1.0
INFY,-0.009566499599449517,12,-1.0
INFY,0.011312978499053283,6,1.0
INFY,0.00374627975178624,10,-1.0
INFY,-0.06974078104394459,30,-1.0
INFY,0.0044854954012981665,6,1.0
INFY,0.004117911077684771,5,1.0
INFY,-0.023080555438862293,17,-1.0
INFY,0.006209084114388984,1,-1.0
INFY,-0.00476471114043561,13,-1.0
INFY,0.00902691713712295,1,-1.0
INFY,0.0059540434465037385,1,1.0
INFY,-0.004525222081205365,8,1.0
INFY,0.0031190027908502456,7,1.0
INFY,-0.0005505203817765087,7,1.0
INFY,-0.001183901001963092,7,1.0
INFY,0.007032726095840372,5,-1.0
INFY,-0.010645946042483286,21,-1.0
INFY,-0.0189372363969084,21,1.0
INFY,-0.0060030909530968775,17,-1.0
INFY,-0.0059245862755681845,13,-1.0
INFY,-0.005496832933557052,14,1.0
INFY,0.005710550223000522,3,-1.0
INFY,0.0032925488255112767,7,1.0
INFY,0.0012429845974302374,5,1.0
INFY,0.0038675520668429303,8,-1.0
INFY,0.010894728258999757,3,1.0
INFY,0.0014153767042480768,7,1.0
INFY,0.005239473370460705,2,1.0
INFY,-0.010833058479530108,14,-1.0
INFY,0.009482555996263917,5,-1.0
INFY,0.0027983616550574858,6,-1.0
INFY,0.006064480185154232,1,-1.0
INFY,-0.013254600322315808,14,-1.0
INFY,-0.0048530089843115375,14,-1.0
INFY,0.00434871975010198,3,1.0
INFY,-0.003822106485286018,12,1.0
INFY,-0.0006765520395065809,7,-1.0
INFY,-0.01645356664224563,18,1.0
INFY,-0.046993735387764204,25,-1.0
INFY,0.0063746387291380045,2,-1.0
INFY,0.0057353653651648654,2,-1.0
INFY,0.007794458231398563,2,1.0
INFY,0.007143286020059825,2,-1.0
INFY,-0.010919915402559504,12,1.0
INFY,-0.005131758454730914,14,-1.0
INFY,0.004637492177673281,11,1.0
INFY,0.006231203980302393,6,-1.0
INFY,-0.01410364882718427,16,-1.0
INFY,0.002751588666112317,4,-1.0
INFY,0.004689213878666559,1,-1.0
INFY,0.005570704484597997,1,1.0
INFY,0.005744404946826338,3,-1.0
INFY,0.005774228430468383,6,1.0
INFY,0.0030111926156078414,8,-1.0
INFY,-0.011771036788284246,14,-1.0
INFY,-0.00807619280862069,14,1.0
INFY,0.004832477994562901,4,-1.0
INFY,0.005797623100244903,2,-1.0
INFY,0.0038362682955522193,8,1.0
INFY,-0.036328970799476515,16,1.0
INFY,0.02284776443703137,1,-1.0
INFY,0.006917498642140239,12,1.0
INFY,0.01360590489024252,7,-1.0
INFY,0.00866770679565224,13,-1.0
INFY,-0.007249244843834024,14,1.0
INFY,0.012450725694415528,1,-1.0
INFY,0.0011038795526198937,7,-1.0
INFY,0.005401254226724831,5,-1.0
INFY,-0.008129569466883728,7,1.0
INFY,0.011242248568995476,1,1.0
INFY,0.005641743583727912,1,-1.0
INFY,0.0045731565363732124,4,1.0
INFY,0.004608949321631251,1,-1.0
INFY,-0.021172414684020393,24,-1.0
INFY,-0.005781534478923401,11,-1.0
INFY,0.004262605621978154,1,1.0
INFY,0.0037710213238825634,3,-1.0
INFY,0.005636956298304541,1,1.0
INFY,0.0049509675886526515,1,1.0
INFY,0.006075490194656198,1,-1.0
INFY,0.0052984760475546485,3,-1.0
INFY,-0.002384095327134255,7,-1.0
INFY,0.010321494309466949,1,1.0
INFY,-0.011385335347619045,11,1.0
INFY,-0.03593771451190364,19,-1.0
INFY,0.004653054145170609,1,-1.0
INFY,0.004467538313970958,1,-1.0
INFY,0.0023321320213850337,4,1.0
INFY,0.0044537211960289985,3,-1.0
INFY,-0.001261789098865428,9,-1.0
INFY,0.0055201719592036,2,1.0
INFY,-0.00046727737621012977,7,-1.0
INFY,0.006591420885766493,9,1.0
INFY,0.01255567427971298,2,-1.0
INFY,0.006824029495974594,1,-1.0
INFY,0.0016267119395756231,5,1.0
INFY,0.008381626379648741,3,-1.0
INFY,-0.0027834853445283018,15,-1.0
INFY,0.0036209848617695913,5,-1.0
INFY,0.00713719145730501,3,1.0
INFY,-0.039046427616610854,17,1.0
INFY,0.03926965952863297,7,-1.0
INFY,0.021028660961919986,1,1.0
INFY,-0.03197788967310907,14,1.0
INFY,0.007644916276046076,14,-1.0
INFY,0.012616016264496268,3,-1.0
INFY,0.005514384034452439,5,-1.0
INFY,0.001436730976637269,7,1.0
INFY,0.01597221572651153,7,-1.0
INFY,0.024134033597311293,6,1.0
INFY,0.01089461507372975,7,-1.0
INFY,-0.01841479742824756,15,-1.0
INFY,0.01226062980861665,3,-1.0
INFY,0.02306552887183102,1,1.0
INFY,0.00688717328918303,1,-1.0
INFY,-0.01036118691315681,12,-1.0
INFY,-0.019380781090534153,14,1.0
INFY,0.011100577672459856,1,1.0
INFY,0.0019115093554868455,9,-1.0
INFY,0.017500136611072296,7,1.0
INFY,0.0035531168835781475,11,-1.0
INFY,-0.03148970582454352,19,-1.0
INFY,0.008519867244956241,5,1.0
INFY,0.0036973302566791766,6,-1.0
INFY,0.003670966081423391,3,1.0
INFY,0.004740997346610009,1,-1.0
INFY,0.0045444058905331425,2,-1.0
INFY,0.00424496737621977,5,-1.0
INFY,0.004642081817346313,2,-1.0
INFY,0.006371040006729784,2,-1.0
INFY,-0.00429932796330035,14,-1.0
INFY,0.009096417814758848,4,-1.0
INFY,0.011113977147105804,3,1.0
INFY,0.011745186827290187,3,-1.0
INFY,0.0036986866941315696,9,1.0
INFY,0.010997240184238513,5,-1.0
INFY,0.010334941684198452,1,-1.0
INFY,0.009333895243187047,1,-1.0
INFY,-0.019226535509820262,14,-1.0
INFY,-0.02022360696926576,21,1.0
INFY,0.013939319611214565,7,1.0
INFY,0.00716690236040197,6,-1.0
INFY,0.008764111292599077,1,-1.0
INFY,0.005353232676174351,1,1.0
INFY,0.0002931474909668577,9,1.0
INFY,0.00525770619101745,7,1.0
INFY,0.014323841890031596,2,-1.0
INFY,0.008816859728042773,1,1.0
INFY,-0.017565881602418478,21,-1.0
INFY,0.008462238605517014,2,1.0
INFY,0.0034950445005756696,4,1.0
INFY,0.006370172793453264,1,1.0
INFY,0.005060133389745706,2,-1.0
INFY,0.005672141557618592,1,-1.0
INFY,-0.015446814025856985,12,-1.0
INFY,-0.015611313950060145,15,-1.0
INFY,0.008774011827085726,5,-1.0
INFY,0.0052916287918189425,1,1.0
INFY,-0.05312580339168769,26,1.0
INFY,-0.0071001747009908495,11,-1.0
INFY,0.016156318557803234,2,1.0
INFY,-0.018384286552767738,16,-1.0
INFY,0.008085285819124184,8,-1.0
INFY,0.003212340753829481,9,1.0
INFY,-0.002953319038324803,11,-1.0
INFY,-0.027011368526063492,30,-1.0
INFY,-0.019387314926060644,18,1.0
INFY,0.0008280571762411771,10,-1.0
INFY,-0.030273094049630127,26,-1.0
INFY,0.0065386049416792285,3,-1.0
INFY,-0.009542359852328458,12,-1.0
INFY,0.00646964489601356,5,-1.0
INFY,0.012000858906322217,1,1.0
INFY,0.008577174313888264,3,1.0
INFY,0.0077434280873288795,3,1.0
INFY,0.004603320325908697,2,-1.0
INFY,-7.253383066420106e-05,9,1.0
INFY,0.009379266048981757,2,-1.0
INFY,0.00611099076765583,6,-1.0
INFY,0.0016741297247900076,10,1.0
INFY,0.007324824553614791,3,1.0
INFY,0.0023009485600819935,7,-1.0
INFY,-0.008550888074601814,14,-1.0
INFY,0.00789506462950443,3,-1.0
INFY,0.004425848742864775,1,-1.0
INFY,-0.02453073640549762,32,-1.0
INFY,-0.00325135009511556,12,-1.0
INFY,0.006875949193562002,2,-1.0
INFY,0.00559689042314266,1,-1.0
INFY,0.003734688917596164,5,1.0
INFY,-0.003218117331247215,14,1.0
INFY,1.98932133478125e-07,7,-1.0
INFY,-0.004332607603452337,12,1.0
INFY,0.009291108284043618,7,1.0
INFY,0.01136788632425645,5,-1.0
INFY,-0.03817786172833611,19,-1.0
INFY,0.006082560816361321,5,-1.0
INFY,0.005802203405141117,4,1.0
INFY,0.0069769679735247015,4,-1.0
INFY,-0.010729395391074642,14,-1.0
INFY,0.0042685824003150935,5,1.0
INFY,-0.02085165515413498,20,-1.0
INFY,-0.019687822003341588,18,1.0
INFY,-0.00036289672976653,9,-1.0
INFY,0.010454937846302354,9,1.0
INFY,0.008508643202335997,10,-1.0
INFY,0.003915251395440796,2,-1.0
INFY,0.0030489168296396404,6,1.0
INFY,0.0007341703473618573,7,1.0
INFY,-0.017791726275363885,15,-1.0
INFY,-0.013218993156313847,16,1.0
INFY,-0.004766636977358635,21,-1.0
INFY,-0.020441874141234367,19,-1.0
INFY,-0.10799725618938476,42,1.0
INFY,0.007138129416656605,8,1.0
INFY,0.004698121992945319,9,1.0
INFY,0.01002650910778307,2,1.0
INFY,0.000886102436911008,10,-1.0
INFY,0.0065547299525706626,6,1.0
INFY,0.014274150672272376,4,-1.0
INFY,0.006364091058660953,3,-1.0
INFY,0.010798094122984039,1,1.0
INFY,0.009324019308098473,3,-1.0
INFY,0.007446713514404774,6,-1.0
INFY,-0.03167103346102722,20,-1.0
INFY,-0.03004393352717281,27,1.0
INFY,-0.030820965487902485,19,1.0
INFY,-0.005922726012468593,14,1.0
INFY,-0.000264508457186885,9,1.0
INFY,0.013078231927688347,5,-1.0
INFY,-0.008056444870072748,11,1.0
INFY,-0.0031173075164526005,11,1.0
INFY,-0.03241700497518272,19,-1.0
INFY,-0.01081960597119183,12,1.0
INFY,-0.00698024248506042,12,-1.0
INFY,0.008083170498671638,3,1.0
INFY,0.008437847556171931,4,1.0
INFY,-0.037764108924022925,28,-1.0
INFY,0.008939609406171568,8,1.0
INFY,-0.016623797979853965,18,-1.0
INFY,0.001499787462387448,7,1.0
INFY,-0.01778614908257211,16,1.0
INFY,0.007420527807301185,2,1.0
INFY,-0.05843993334689097,28,1.0
INFY,0.004652194406710432,3,1.0
INFY,0.006064508239684358,2,-1.0
INFY,-0.024392998529479588,21,-1.0
INFY,0.006493005418730929,3,-1.0
INFY,-0.0011374433324105133,11,1.0
INFY,-0.034489554206634646,21,-1.0
INFY,0.007516199412562635,1,1.0
INFY,-0.04834127282767369,28,-1.0
INFY,0.003564869541697209,9,1.0
INFY,-0.02461369173717808,19,-1.0
INFY,0.008053273869604706,4,1.0
INFY,0.0030146230983745395,8,-1.0
INFY,-0.005300821008050915,17,1.0
INFY,-0.024898925152131785,21,1.0
INFY,0.008512687897793835,3,1.0
INFY,0.008606307484870287,1,-1.0
INFY,-0.0316372174147531,26,-1.0
INFY,0.00604117756736541,1,1.0
INFY,0.0036346334493774085,5,1.0
INFY,0.0017754373883496013,10,-1.0
INFY,0.006926226690440797,4,1.0
INFY,0.008450578548746675,2,-1.0
INFY,-0.010147460540486763,16,1.0
TCS,0.006825405336226637,5,1.0
TCS,0.00522934134108603,6,-1.0
TCS,0.004969175348030704,1,-1.0
TCS,-0.0008174960923553593,11,-1.0
TCS,0.006485506018994394,2,-1.0
TCS,0.0024151257347937824,10,1.0
TCS,-0.011366423829279897,14,1.0
TCS,0.004999335462933694,11,-1.0
TCS,-0.002061722824396868,8,1.0
TCS,-0.0075864119793025925,15,-1.0
TCS,-0.03567222427546342,27,-1.0
TCS,0.006553325543136907,2,1.0
TCS,0.0048891271862474125,4,-1.0
TCS,0.006042497264955026,2,-1.0
TCS,0.007994624367363388,1,-1.0
TCS,0.004414275971575025,2,1.0
TCS,0.004121694041529336,1,-1.0
TCS,0.005387920053720496,1,1.0
TCS,0.0034946771713101153,2,1.0
TCS,0.0004809446610064257,7,-1.0
TCS,0.0012280700636406073,8,1.0
TCS,0.005429135214181967,5,1.0
TCS,0.0028673384500350597,6,1.0
TCS,0.005980136942300732,2,1.0
TCS,0.003973313701980049,2,-1.0
TCS,3.013751970576856e-05,13,1.0
TCS,0.00841013490249219,3,-1.0
TCS,0.007158181043735844,1,-1.0
TCS,0.0014480924427390635,4,1.0
TCS,0.003893721743397109,1,1.0
TCS,0.0014856943538001934,5,-1.0
TCS,0.007781824735795165,2,-1.0
TCS,0.000404753908373127,6,1.0
TCS,0.00619033841108298,2,1.0
TCS,-0.0058846258257597124,18,1.0
TCS,0.00467508039073021,5,-1.0
TCS,-0.04826258038703565,35,-1.0
TCS,-0.0057508827024540165,14,-1.0
TCS,0.0024208093927432237,7,1.0
TCS,0.0029089025372248697,4,1.0
TCS,0.005832140218253471,1,-1.0
TCS,0.008470370745342463,3,1.0
TCS,-0.002438094207536161,11,-1.0
TCS,-0.012004638050396239,16,-1.0
TCS,-0.015547845394488075,11,-1.0
TCS,-0.016300633043322917,13,1.0
TCS,0.006445505995121945,5,1.0
TCS,0.012093872048898415,8,1.0
TCS,0.010275456712145789,1,-1.0
TCS,0.007833107211693847,1,-1.0
TCS,0.003920219695558634,1,1.0
TCS,0.004704583376892024,1,1.0
TCS,0.0046160443331580816,1,-1.0
TCS,-0.006235379426897505,12,-1.0
TCS,-0.00822604357113561,18,-1.0
TCS,-0.0029218562873935027,10,-1.0
TCS,0.007937107051069377,2,1.0
TCS,-0.05492540644358958,21,-1.0
TCS,0.01208551474167202,1,1.0
TCS,0.010423539819590707,1,-1.0
TCS,0.0008367990144265813,7,1.0
TCS,-0.0034637476992218715,18,-1.0
TCS,0.0050628264047210365,4,1.0
TCS,-0.002529278368674416,7,-1.0
TCS,-0.0009666877169754418,9,-1.0
TCS,0.004855264070611342,11,-1.0
TCS,0.004930552799316993,1,1.0
TCS,0.00033321260514954006,7,1.0
TCS,-0.013899825231067444,15,-1.0
TCS,-0.0009246680076265645,7,-1.0
TCS,-0.00540368028486268,11,-1.0
TCS,-0.01744454210889374,25,1.0
TCS,0.00807414915085249,6,-1.0
TCS,0.003929464806917952,1,-1.0
TCS,-0.011064463372590235,23,-1.0
TCS,-0.0008862454244249593,14,-1.0
TCS,0.0031586150613212034,5,1.0
TCS,0.008415897617697014,3,-1.0
TCS,0.006106601698272674,2,-1.0
TCS,-0.00872382421402479,17,1.0
TCS,0.0054295981611006015,1,1.0
TCS,0.0070323239696892985,1,1.0
TCS,-0.03367540682703906,16,-1.0
TCS,0.010153078005086554,4,-1.0
TCS,0.007291605172667754,3,1.0
TCS,0.012991819968077932,1,-1.0
TCS,0.007756312490697502,1,1.0
TCS,-0.003876213903506471,9,1.0
TCS,0.0057516305870748425,1,-1.0
TCS,0.0053050626636933,3,1.0
TCS,0.007384119653048618,1,-1.0
TCS,-0.009940171490745662,7,1.0
TCS,-0.06209299575522519,26,-1.0
TCS,-0.01577157304228743,19,1.0
TCS,0.003153378221825407,7,1.0
TCS,-0.0022744596634862893,10,-1.0
TCS,0.0048079565456462655,7,1.0
TCS,0.008470885366435078,3,1.0
TCS,-0.021741577872006215,15,1.0
TCS,0.0033652234170629216,6,-1.0
TCS,0.009320005426076246,3,1.0
TCS,0.0035296921241338135,5,-1.0
TCS,-0.0003141241841633887,11,-1.0
TCS,-0.030632103872327177,30,-1.0
TCS,-0.04242196752677094,21,1.0
TCS,-0.04536411003752885,20,-1.0
TCS,0.011708951395181343,9,1.0
TCS,0.0038186053202428957,5,-1.0
TCS,-0.004485347790882214,14,-1.0
TCS,-7.131503973600102e-05,9,1.0
TCS,0.002886712745173974,6,1.0
TCS,0.0008968490733060261,7,-1.0
TCS,0.005822066245180592,6,1.0
TCS,-0.0016230395553545366,12,1.0
TCS,-0.026094553131860466,22,-1.0
TCS,0.004614556867206653,8,1.0
TCS,0.004895832855164819,7,-1.0
TCS,-0.0023907301643706826,14,1.0
TCS,-0.044819251789163475,27,-1.0
TCS,0.007305889760463173,1,1.0
TCS,0.0054195054562951525,1,1.0
TCS,0.005425290263965277,4,-1.0
TCS,0.006921105322746716,2,1.0
TCS,0.009538215613519963,3,1.0
TCS,0.0012299099029730149,7,1.0
TCS,-0.013988171358156528,14,-1.0
TCS,0.005527338456843066,10,1.0
TCS,-0.009825434986927735,14,-1.0
TCS,0.01052346595032556,2,-1.0
TCS,0.0036259274839563387,2,1.0
TCS,0.001608870667821522,4,-1.0
TCS,0.006371572384386782,1,1.0
TCS,0.003682769566514057,4,-1.0
TCS,0.004613600794675123,2,1.0
TCS,0.003899883098295264,1,1.0
TCS,-0.004351673134281361,10,1.0
TCS,0.007440897700028083,2,1.0
TCS,0.007057871185955434,1,-1.0
TCS,0.007757939911045615,1,-1.0
TCS,-0.048252089657132714,26,1.0
TCS,0.007957652147207967,2,-1.0
TCS,-0.023865279596242107,21,-1.0
TCS,-0.004563458139429169,12,-1.0
TCS,0.008600538057840721,2,1.0
TCS,0.002988309017010767,9,-1.0
TCS,0.010466646995599327,2,1.0
TCS,0.002486618140487485,9,1.0
TCS,0.006338888828956243,8,1.0
TCS,0.007030600634039299,8,-1.0
TCS,-0.007376539331180898,12,-1.0
TCS,0.00563578994655765,1,1.0
TCS,0.004739704630304703,1,-1.0
TCS,-0.0040448330703289235,7,-1.0
TCS,-0.029937483315779664,31,1.0
TCS,0.010574167347229282,3,-1.0
TCS,0.006796935949528559,3,1.0
TCS,-0.026820197698484004,23,1.0
TCS,0.0077403345180888415,1,-1.0
TCS,0.0028966033277354974,9,-1.0
TCS,0.0070980283385445545,4,-1.0
TCS,-0.07661182470209271,30,-1.0
TCS,-0.005404507756100946,13,1.0
TCS,-0.008528146612019906,13,1.0
TCS,0.008105216274336115,2,1.0
TCS,0.005701614147128188,3,1.0
TCS,0.009201276769595266,2,-1.0
TCS,0.0019421567244302898,8,1.0
TCS,-0.015497490265909268,16,-1.0
TCS,-0.01653465095170136,14,1.0
TCS,-0.03414884281479605,19,-1.0
TCS,-0.006373879496120388,17,-1.0
TCS,0.004217276036886567,5,1.0
TCS,0.002571195275050322,7,1.0
TCS,0.0022626327887929633,7,1.0
TCS,-0.0015168747474214902,13,-1.0
TCS,-0.005712315825351391,7,-1.0
TCS,0.0050439272566896315,6,1.0
TCS,0.0015669322035717856,7,-1.0
TCS,0.01042169393357242,2,-1.0
TCS,-0.008829449109563306,14,1.0
TCS,0.006683169028849342,6,-1.0
TCS,-0.0001123795046965213,10,1.0
TCS,0.005050641204524813,1,1.0
TCS,-0.016740559978654704,17,1.0
TCS,-0.0024196185803067364,14,-1.0
TCS,-0.0004879471457203876,7,-1.0
TCS,0.0054379965382576655,5,-1.0
TCS,0.0033092469145772118,1,1.0
TCS,-0.01641366827966477,14,1.0
TCS,-0.0321230385893819,21,1.0
TCS,-0.16858301546014035,39,1.0
TCS,0.03297286825033049,2,-1.0
TCS,0.025440678973505538,2,-1.0
TCS,0.020969738690083287,4,-1.0
TCS,-0.0200390902596522,11,1.0
TCS,0.04153814323907525,2,-1.0
TCS,0.014667721805968939,4,-1.0
TCS,0.008667479923652249,4,1.0
TCS,0.005041827891576188,14,-1.0
TCS,0.015872637616879612,8,-1.0
TCS,0.016603788684913214,2,-1.0
TCS,0.0046352185416288485,13,-1.0
TCS,0.0009923509389432419,5,-1.0
TCS,0.004421469128718963,6,-1.0
TCS,0.01804740119597339,4,1.0
TCS,-0.011423561050324757,14,-1.0
TCS,0.000808638205267111,7,-1.0
TCS,0.00205453128514993,6,-1.0
TCS,-0.005217283507825614,12,1.0
TCS,0.007545438811735535,1,1.0
TCS,0.00562780574351353,1,1.0
TCS,-0.05876577393952546,27,-1.0
TCS,0.017102241790592172,2,1.0
TCS,0.007300392869664056,4,1.0
TCS,0.007693224444565106,9,-1.0
TCS,0.0076395184872300485,2,-1.0
TCS,-0.011326715853571366,17,1.0
TCS,0.029664189295229144,5,-1.0
TCS,0.022649578475541016,3,-1.0
TCS,0.0013662250747816184,14,1.0
TCS,0.014948077855291661,1,-1.0
TCS,-0.004487073113065186,10,-1.0
TCS,0.0058341196534936164,1,1.0
TCS,0.005126930489623525,4,1.0
TCS,0.00265260886338358,6,1.0
TCS,0.011612977559908649,3,-1.0
TCS,-0.003732505501600351,12,-1.0
TCS,-0.044295042808882704,25,-1.0
TCS,0.028115127020910326,3,1.0
TCS,-0.12997025498977574,50,-1.0
TCS,-0.0035678316232404203,10,1.0
TCS,0.008706693005450985,1,-1.0
TCS,-0.005453907053856359,12,1.0
TCS,0.0051449917188670265,3,1.0
TCS,0.0023034057861551285,8,1.0
TCS,0.006824283450678565,2,-1.0
TCS,0.005537084412397004,6,-1.0
TCS,-0.015573408807135578,15,-1.0
TCS,0.006090448333230129,3,1.0
TCS,0.0055953765608396325,1,1.0
TCS,0.001765427616929421,7,1.0
TCS,-0.014863069839651504,16,-1.0
TCS,-0.03779739199829182,18,-1.0
TCS,-0.03740541309292575,24,1.0
TCS,0.002113995321670901,14,1.0
TCS,-0.001863657531148338,12,-1.0
TCS,0.003276066664602873,7,-1.0
TCS,0.001907032061316893,9,1.0
TCS,0.0068585577465440474,9,-1.0
TCS,0.008421076760027665,8,1.0
TCS,-0.004909782996193977,15,-1.0
TCS,-0.0032862370918734364,19,1.0
TCS,0.004569388924230086,3,1.0
TCS,0.005521192582364726,1,-1.0
TCS,0.004703275578762203,2,-1.0
TCS,0.0037433706605735527,1,1.0
TCS,-0.014452425824543662,15,1.0
TCS,-0.006165603464685583,18,-1.0
TCS,-0.011931216230325954,19,1.0
TCS,0.008225793899311225,3,1.0
TCS,-0.02120798806357422,21,-1.0
TCS,0.0005137090116436815,7,1.0
TCS,0.004304232124746547,1,-1.0
TCS,-0.014765481942867153,15,-1.0
TCS,0.0012724215076392867,7,1.0
TCS,-0.0036136009292917393,13,1.0
TCS,0.0004510742049218559,11,-1.0
TCS,-0.008041269836771722,21,-1.0
TCS,0.0016834227209902872,6,-1.0
TCS,-0.05087826875281812,28,-1.0
TCS,-0.015807266846858233,22,-1.0
TCS,-0.00112781088091742,9,1.0
TCS,0.002088841881882079,3,-1.0
TCS,-0.010352230529036565,18,1.0
TCS,0.004304149758400223,3,-1.0
TCS,-0.0023013069156117114,10,1.0
TCS,-0.006294475812456834,15,-1.0
TCS,-0.00501280629989655,10,1.0
TCS,0.007713152059360142,6,1.0
TCS,0.007791424584025154,1,1.0
TCS,0.005664619051160357,2,1.0
TCS,0.006964596186189116,2,-1.0
TCS,0.00733851489380582,1,1.0
TCS,-0.03740574551048393,33,-1.0
TCS,0.0056597682711420644,4,1.0
TCS,0.009143680033412446,4,-1.0
TCS,-0.03016444821536074,31,1.0
TCS,0.008845783419223213,3,1.0
TCS,-0.07109995460207374,29,1.0
TCS,0.0029118886871927064,10,-1.0
TCS,0.006522324660005714,2,1.0
TCS,0.007135219277685849,1,-1.0
TCS,0.004479682917793994,2,1.0
TCS,-0.0031427517681880284,10,-1.0
TCS,-0.001040264820446831,16,-1.0
TCS,0.007251703326237026,1,1.0
TCS,0.006945660626201809,2,-1.0
TCS,-0.034446675700379764,22,1.0
TCS,0.014078199062771647,4,-1.0
TCS,0.014353470757523523,7,1.0
TCS,0.008095381473815383,6,1.0
TCS,0.00760871542317322,1,-1.0
TCS,0.0020095974696760564,8,-1.0
TCS,0.0022396650110312255,15,1.0
TCS,-0.009483954541507262,12,1.0
TCS,-0.01627592652767577,16,1.0
TCS,-0.010449526605770804,14,-1.0
TCS,0.006916664460751442,1,-1.0
TCS,-0.025514049881838283,14,1.0
TCS,-0.034202658576838366,33,-1.0
TCS,0.00741654523536417,5,1.0
TCS,0.0019637698509630476,9,-1.0
TCS,-0.04918478119421047,33,1.0
TCS,-0.010118991662500937,15,-1.0
TCS,0.004921851653754012,1,-1.0
TCS,-0.003321548046916905,8,1.0
TCS,-0.027073471550570792,19,-1.0
TCS,-0.03116993131570398,23,1.0
TCS,-0.012200647245689105,9,1.0
TCS,-0.011604601078375857,15,-1.0
TCS,-0.04398047124420724,28,1.0
TCS,0.00662876952301431,4,1.0
TCS,-0.015405729585750568,14,-1.0
TCS,0.009937840814104544,1,1.0
TCS,0.01105360715803613,1,-1.0
TCS,0.0078076888347512,3,1.0
TCS,0.003118581085439772,4,-1.0
TCS,-0.02347519424166822,26,-1.0
TCS,0.005392251273188947,1,1.0
TCS,-0.004489410299223539,7,-1.0
TCS,-0.0004235036765971847,12,1.0
TCS,0.004627652842732398,7,1.0
TCS,0.002830022519628683,12,-1.0
TCS,-0.0058208426721820744,7,1.0
TCS,0.005914231767230318,4,-1.0
TCS,0.006027897933587761,6,-1.0
TCS,0.004924007490209488,2,1.0
TCS,0.005674076153325373,1,1.0
TCS,-0.005253422124929136,10,-1.0
TCS,-0.0028685660792117434,14,-1.0
TCS,-0.0006573276324506494,7,-1.0
TCS,-0.002472618062449094,9,1.0
ITC,0.008126041792946508,3,-1.0
ITC,0.005106544511811676,4,-1.0
ITC,0.0057793918750821075,1,-1.0
ITC,0.004490356585780415,6,1.0
ITC,-0.01580527077178182,21,1.0
ITC,-0.012282712361682284,12,-1.0
ITC,0.006878445904754296,3,1.0
ITC,0.00870962440692535,1,-1.0
ITC,0.004911993500501906,1,-1.0
ITC,-0.007869248505999016,10,1.0
ITC,-0.007502839606719524,10,-1.0
ITC,0.0035803336083695307,3,-1.0
ITC,0.00429800946788883,7,1.0
ITC,-0.0020160596342501877,10,-1.0
ITC,-0.04866823915381688,21,-1.0
ITC,-0.01277051878799184,17,1.0
ITC,-8.690863290267424e-05,7,1.0
ITC,-0.01177631826900839,18,-1.0
ITC,0.0035359016521981125,4,-1.0
ITC,0.006215747625794663,1,-1.0
ITC,0.0006434037208546222,6,-1.0
ITC,0.0077239937680847635,7,1.0
ITC,-0.06971218521618872,20,-1.0
ITC,0.009949683887525818,1,-1.0
ITC,0.00340784089342217,7,1.0
ITC,0.0034812646677165626,6,1.0
ITC,-0.0032478005836702414,13,-1.0
ITC,-0.09553961923924124,15,1.0
ITC,-0.019961538483019403,17,-1.0
ITC,0.007381224141456798,3,-1.0
ITC,0.008055171662540864,1,-1.0
ITC,0.008114392048832237,1,-1.0
ITC,0.0033081367234777366,4,1.0
ITC,0.004051840877088901,2,1.0
ITC,0.0040900760280889355,1,-1.0
ITC,0.003807631745784145,2,-1.0
ITC,0.0014240693899743551,6,-1.0
ITC,0.0026805433260663537,1,1.0
ITC,-0.03329337268770492,22,1.0
ITC,0.004035972046392122,7,-1.0
ITC,0.006004994067927677,1,1.0
ITC,-0.0017232634829750446,6,1.0
ITC,0.006758205522327282,1,1.0
ITC,-0.010619084202687208,13,1.0
ITC,0.008037566349912153,2,1.0
ITC,0.008096072180524867,2,1.0
ITC,-0.007096771432593727,12,-1.0
ITC,0.006176776494994012,3,-1.0
ITC,0.005110652593828406,7,1.0
ITC,0.0073022975046783956,4,-1.0
ITC,0.006544828037567607,3,-1.0
ITC,0.01047245703424925,5,-1.0
ITC,0.0035961893214602504,1,1.0
ITC,0.0042310753686378615,1,-1.0
ITC,-0.0035912543028609307,8,1.0
ITC,0.007142239484948674,3,1.0
ITC,-0.010520182898474463,13,1.0
ITC,0.008196449670108076,7,-1.0
ITC,0.004741330235323103,4,1.0
ITC,0.006346157125105719,2,-1.0
ITC,0.005997807258832192,1,-1.0
ITC,0.004132946060496514,3,-1.0
ITC,0.004321344175005115,7,1.0
ITC,0.0017853765168198376,5,1.0
ITC,0.005502547264897096,1,1.0
ITC,0.006368703451445597,1,-1.0
ITC,0.0047788577674915305,5,1.0
ITC,0.0005315980348855193,12,1.0
ITC,-0.02587784786504113,15,-1.0
ITC,-0.02532656946274652,27,-1.0
ITC,0.0024961306360271707,6,1.0
ITC,-0.009057455761038283,13,-1.0
ITC,0.0086218470447927,3,1.0
ITC,0.009800939592759841,1,1.0
ITC,0.015953478688406048,1,-1.0
ITC,0.014084774076440213,1,-1.0
ITC,0.010343839021869621,5,1.0
ITC,0.003593999533029534,7,1.0
ITC,-0.022935587831198246,24,1.0
ITC,-0.002271038900644316,11,1.0
ITC,0.007851672166850846,2,1.0
ITC,0.007509210954448811,1,-1.0
ITC,-0.020297447961755102,23,-1.0
ITC,0.007955364839045187,2,1.0
ITC,0.005450326027005138,6,-1.0
ITC,0.010345906649445314,1,-1.0
ITC,0.01264834184995851,1,-1.0
ITC,0.006939653289758482,3,1.0
ITC,-0.0068307105500975945,11,1.0
ITC,0.0057484417551780876,3,1.0
ITC,0.00664719723475168,4,-1.0
ITC,0.007442915658226819,1,-1.0
ITC,-0.034681081334372345,28,-1.0
ITC,0.0029787714234207736,7,-1.0
ITC,-0.011401224839646987,15,-1.0
ITC,0.0031507841608583212,1,1.0
ITC,0.004871533457580831,2,1.0
ITC,0.0020602490336675125,6,1.0
ITC,0.006771658862080985,8,-1.0
ITC,-0.013402137675153329,17,-1.0
ITC,-0.004234090140271048,10,1.0
ITC,0.004603397833294512,5,-1.0
ITC,0.009580613981439126,1,1.0
ITC,0.00848688805300684,3,1.0
ITC,0.005959393668560538,3,1.0
ITC,-0.006784013900697832,10,1.0
ITC,0.006121035724945006,5,1.0
ITC,0.00568667020962419,9,-1.0
ITC,-0.0008309572202264248,8,1.0
ITC,0.006920219384838878,2,-1.0
ITC,-0.013640965794356532,14,-1.0
ITC,-0.0026393944522125432,10,1.0
ITC,0.005659005123604173,6,-1.0
ITC,0.002153978629295133,9,-1.0
ITC,-0.002410889235387468,11,-1.0
ITC,0.009167445804186446,4,1.0
ITC,0.009416372162087655,4,1.0
ITC,-0.0031093793629121498,15,-1.0
ITC,0.003789536909072121,3,1.0
ITC,0.004225337718133695,5,1.0
ITC,0.0054604260547791335,5,-1.0
ITC,-0.02918848841006407,25,-1.0
ITC,-0.0007806881365682867,6,1.0
ITC,-0.030039669026255784,28,1.0
ITC,0.012181930307199077,3,1.0
ITC,0.00499505540750756,6,1.0
ITC,0.009087891598272705,4,-1.0
ITC,0.006765667676489743,2,-1.0
ITC,0.0069729690769679414,3,1.0
ITC,0.0037569173658822336,2,1.0
ITC,0.003737464904135848,1,1.0
ITC,0.0025368363429263555,5,-1.0
ITC,0.005204183647451765,2,-1.0
ITC,0.004169472863429957,2,-1.0
ITC,0.003467247302594058,7,-1.0
ITC,0.005717106358656162,3,-1.0
ITC,-0.052842692749530296,42,-1.0
ITC,-0.00010662971209553674,8,-1.0
ITC,0.006940469840078382,2,1.0
ITC,0.007241823346998176,2,-1.0
ITC,0.004675289030927459,1,1.0
ITC,0.004117615208627082,6,1.0
ITC,0.005157030584103897,5,1.0
ITC,0.005540501043605523,2,1.0
ITC,0.005043498126501024,6,-1.0
ITC,-0.03476182748385176,23,-1.0
ITC,-0.001506601821702684,11,1.0
ITC,0.0058922821556175505,3,1.0
ITC,0.0004212649660541653,7,-1.0
ITC,0.010749099040446198,5,1.0
ITC,0.005629766761100303,6,-1.0
ITC,0.008516318434671783,1,-1.0
ITC,-0.007360411528303009,18,1.0
ITC,0.01842310978075774,5,1.0
ITC,-0.01151931980735778,13,1.0
ITC,-0.004857753748391768,13,1.0
ITC,0.008392138774966851,2,1.0
ITC,0.0023569964414515885,7,1.0
ITC,0.0021767035795063274,6,-1.0
ITC,0.0015400295577477038,9,1.0
ITC,0.0034046280978551973,4,1.0
ITC,0.00195125256380996,10,-1.0
ITC,0.011098700638046993,1,1.0
ITC,0.00042535462699448825,5,-1.0
ITC,0.013012059473720345,1,-1.0
ITC,0.009683838847445498,1,1.0
ITC,0.0031002061632489464,7,1.0
ITC,0.00494333637503361,3,1.0
ITC,0.006545162354044569,3,-1.0
ITC,-0.019898938199648806,19,1.0
ITC,0.0031898861034742754,9,1.0
ITC,0.006389335228482754,2,1.0
ITC,0.008227343996808816,2,1.0
ITC,0.009831157674035458,3,1.0
ITC,0.010584072105999216,1,-1.0
ITC,0.007604932790300631,2,-1.0
ITC,0.003908711191225917,3,-1.0
ITC,0.004897933606466083,3,1.0
ITC,-0.02250400175388492,32,1.0
ITC,0.008522592454086021,1,1.0
ITC,0.01009756859566579,2,-1.0
ITC,-0.044983917875885855,14,-1.0
ITC,-0.0013840280991065516,7,-1.0
ITC,-0.010637191209394952,17,-1.0
ITC,0.007715775885294978,1,-1.0
ITC,0.008723986863624014,3,1.0
ITC,-0.004611338935322429,9,-1.0
ITC,-0.01264424278878072,19,1.0
ITC,0.0021260696979523196,11,1.0
ITC,0.007806045896700677,2,1.0
ITC,-0.0037106483046683587,11,-1.0
ITC,-0.011072030879036363,27,1.0
ITC,0.006315662330160354,1,-1.0
ITC,0.0011213296172679329,7,-1.0
ITC,0.0015772220104113674,8,1.0
ITC,0.004942732620693446,7,1.0
ITC,-0.021544930015345125,28,-1.0
ITC,-0.00919309105100085,12,1.0
ITC,-0.07301158136772809,14,1.0
ITC,-0.01322470963061402,19,1.0
ITC,0.01702444613140705,2,-1.0
ITC,-0.18620234404649189,50,1.0
ITC,-0.016908186130533173,14,-1.0
ITC,0.010604407310619613,8,-1.0
ITC,-0.04963284875163104,21,1.0
ITC,-0.007669538119204246,10,-1.0
ITC,-0.12733129841754423,35,-1.0
ITC,0.015194294393478984,3,-1.0
ITC,0.011266504979993335,5,-1.0
ITC,0.009046589390086117,3,-1.0
ITC,-0.05979092723722568,30,1.0
ITC,0.008822527564122093,2,-1.0
ITC,-0.05480569308129021,18,-1.0
ITC,-0.026116233917929353,17,-1.0
ITC,0.0003386912303472585,10,1.0
ITC,0.0053054738428205475,8,-1.0
ITC,0.010194677684218934,1,1.0
ITC,0.007700803930048401,1,-1.0
ITC,0.005185922547922311,6,1.0
ITC,0.013887323288875233,5,-1.0
ITC,0.012821888652163715,1,1.0
ITC,0.012330026819116923,2,1.0
ITC,0.0033759783901907356,3,1.0
ITC,0.00475055099011306,7,1.0
ITC,-0.024633853929873887,21,-1.0
ITC,-0.006298118798645597,10,1.0
ITC,0.013515318974467914,4,-1.0
ITC,0.0017085612423634038,7,1.0
ITC,0.00034715254276574905,12,1.0
ITC,0.001630041087074607,4,-1.0
ITC,-0.00690543486425299,11,1.0
ITC,0.008848325803431697,3,1.0
ITC,5.928437259798393e-05,7,1.0
ITC,-0.0060430099234108576,12,-1.0
ITC,0.0054831475873893575,9,1.0
ITC,0.009643204343846655,2,-1.0
ITC,0.002030156124528454,5,1.0
ITC,-0.02386702561354573,12,1.0
ITC,0.0034895704130726507,7,-1.0
ITC,0.006846443573167021,2,1.0
ITC,0.01642588602596752,1,-1.0
ITC,0.0023931965587421417,11,-1.0
ITC,0.011371479887297307,1,1.0
ITC,-0.023214236911927366,17,1.0
ITC,-0.05164912148208266,18,-1.0
ITC,-0.015753949340693095,14,1.0
ITC,0.006584862825998318,3,-1.0
ITC,-0.031223520847528028,17,1.0
ITC,0.0009518936223545595,6,1.0
ITC,0.003764308715453174,3,1.0
ITC,0.002944857632212891,7,1.0
ITC,-0.06446587019320386,29,-1.0
ITC,-0.023216058149887718,16,1.0
ITC,-0.01390337954679602,16,-1.0
ITC,0.014014401865856969,13,1.0
ITC,0.006117191699689524,4,-1.0
ITC,0.004754207859542912,2,-1.0
ITC,-0.017849898779998503,11,1.0
ITC,0.001953517944436314,7,1.0
ITC,0.01128607932293564,3,1.0
ITC,0.0043074050212035106,5,-1.0
ITC,0.0034059637225244284,1,-1.0
ITC,0.0019924962026010417,4,1.0
ITC,-0.01536104239139372,19,1.0
ITC,-0.01681100296745127,22,-1.0
ITC,0.002364517348261646,4,1.0
ITC,-0.02474978737010774,16,-1.0
ITC,0.0026235443686200605,10,1.0
ITC,-0.0017359557941980322,7,-1.0
ITC,0.007193054676355743,2,-1.0
ITC,-0.011636071346694565,18,-1.0
ITC,-0.009868403587441373,18,-1.0
ITC,-0.012908885405566945,21,1.0
ITC,0.00438988736838494,1,-1.0
ITC,0.0036225410970159846,3,-1.0
ITC,-0.004710498681536553,12,1.0
ITC,0.0039830684322523955,1,-1.0
ITC,0.0025029265572260404,2,1.0
ITC,0.0012430523782210258,6,1.0
ITC,0.005926190305038229,1,-1.0
ITC,0.0017795136471906268,8,1.0
ITC,0.0032330488411485116,2,-1.0
ITC,0.003710445700384552,1,-1.0
ITC,-0.0011312185575652546,12,1.0
ITC,-0.021512462850986264,21,-1.0
ITC,0.004868376402071125,1,1.0
ITC,0.004286292484244762,1,1.0
ITC,0.003914922132318241,2,1.0
ITC,-0.013371178985886332,13,-1.0
ITC,0.0043999723050304135,6,1.0
ITC,-4.783915860128189e-05,10,-1.0
ITC,0.0025008861038146213,11,-1.0
ITC,0.004361008434533683,5,1.0
ITC,-0.002123590053903628,13,1.0
ITC,0.005786951373523587,2,1.0
ITC,-0.010917266486262019,16,-1.0
ITC,0.003455924156650717,1,1.0
ITC,0.0005728759959989435,9,-1.0
ITC,-0.09265607870269114,41,-1.0
ITC,0.004371060529334558,4,1.0
ITC,0.0033440796103048837,4,1.0
ITC,-0.09109638855110504,32,-1.0
ITC,-0.02653051877825584,17,1.0
ITC,0.015615671131106108,5,-1.0
ITC,0.007537728289466629,4,-1.0
ITC,-0.01936770848354983,22,1.0
ITC,-0.006818706656819055,13,1.0
ITC,0.0033300180245310167,8,1.0
ITC,-0.04925885669108792,23,-1.0
ITC,-0.014134261887134602,15,1.0
ITC,-0.004688205254572543,12,-1.0
ITC,0.0016683681687495202,7,-1.0
ITC,0.00013015098168290689,9,-1.0
ITC,0.005094276337573416,5,1.0
ITC,0.00524769952245109,4,1.0
ITC,0.000903076182645177,11,-1.0
ITC,0.005364374162851785,4,1.0
ITC,0.010312249464378533,2,1.0
ITC,-0.020416770023655155,15,1.0
ITC,-0.08565627022934828,41,-1.0
ITC,-0.0007241211444198546,10,1.0
ITC,-0.01841144048093948,17,1.0
ITC,0.0003556571450942405,7,1.0
ITC,-0.01665328315237135,14,-1.0
ITC,-0.00022304330882807002,18,-1.0
ITC,-0.024525874135301478,19,-1.0
ITC,0.009506234629881923,1,-1.0
ITC,-0.019175443468004254,20,-1.0
ITC,0.011170300736597897,5,1.0
ITC,-0.011399966864736853,10,-1.0
ITC,0.0036029544674079364,7,-1.0
ITC,0.0009549681983313282,9,1.0
ITC,-0.0017761016396584052,7,1.0
ITC,-0.00026025021658798817,11,-1.0
ITC,0.005046612030949346,7,-1.0
ITC,0.009528207077794545,1,1.0
ITC,0.0024088931399884627,10,-1.0
ITC,-0.007254459197342404,10,1.0
ITC,-0.0015958865912868866,10,-1.0
ITC,0.006629940310613278,4,-1.0
ITC,0.006515802203718586,1,-1.0
ITC,0.00648484134134969,3,-1.0
ITC,-0.002177825717242143,12,1.0
ITC,-0.006731478844143331,14,1.0
ITC,0.01277086777842728,4,1.0
ITC,-0.006219842283849152,13,-1.0
ITC,0.002512128859882427,8,-1.0
ITC,-0.043017815582679725,18,-1.0
ITC,0.006707616751912881,8,-1.0
ITC,-0.007930575859552846,21,-1.0
ITC,0.002727768469859957,6,-1.0
ITC,0.002122995660600018,4,-1.0
ITC,0.0035186278999554286,4,-1.0
ITC,0.003999782816717644,1,-1.0
ITC,-0.00995786388835894,14,-1.0
ITC,0.0030704442145863186,7,-1.0
ITC,-0.0030326254813255724,10,1.0
ITC,-0.005137457960923737,16,-1.0
ITC,0.007210228355483466,1,1.0
ITC,0.004770219807081013,4,-1.0
ITC,0.005031445285633019,1,1.0
ITC,0.0046592724096360255,2,1.0
ITC,0.007732579280178213,9,-1.0
ITC,-0.002757122233694317,16,-1.0
ITC,-0.0008518705230589295,7,-1.0
ITC,0.003490151695949409,6,-1.0
ITC,0.003249820335641682,7,1.0
ITC,-0.026985233309709977,29,-1.0
ITC,0.011398301855477192,7,1.0
ITC,-0.01206241363230417,17,-1.0
ITC,0.0028830093037947096,3,-1.0
ITC,-0.012012624764860326,20,-1.0
ITC,0.005295108095505715,1,1.0
ITC,0.00517742540003913,2,1.0
ITC,0.0013541134445603804,7,-1.0
ITC,-0.024862227009318363,20,1.0
ITC,0.006216117579932385,7,1.0
ITC,0.005199490885263997,2,-1.0
ITC,0.0031495475093356027,2,-1.0
ITC,-0.006949383640936471,17,-1.0
ITC,-0.01083723847975458,12,1.0
ITC,-0.013594393579701717,17,1.0
ITC,0.0030857834804577733,3,1.0
ITC,0.003234825008129931,5,-1.0
ITC,0.006375409855401227,2,1.0
ITC,0.0041554257184903505,4,1.0
ITC,0.0018321491592272249,6,1.0
ITC,-0.0037291555589994774,14,-1.0
ITC,0.003895565081178386,9,1.0
ITC,0.002876845098984241,3,-1.0
ITC,0.0016285185067048517,7,-1.0
ITC,0.003283753985531708,3,1.0
ITC,-0.0025963067414309557,7,-1.0
ITC,0.0105535692877341,6,1.0
LT,0.0033616637164309237,6,1.0
LT,0.0046438276602847745,5,-1.0
LT,0.008332025702469707,1,-1.0
LT,0.003475921329548051,1,-1.0
LT,0.0036594704027362156,1,-1.0
LT,0.002010140977242651,3,1.0
LT,0.005894990291805925,1,-1.0
LT,0.004998270792488394,1,-1.0
LT,0.0022783188100387944,5,-1.0
LT,0.005048264051639159,3,-1.0
LT,0.005187989496001369,2,1.0
LT,-0.0027527915895692507,11,1.0
LT,-0.06054043795480852,20,-1.0
LT,0.008224084503725665,6,-1.0
LT,0.010455511307635444,5,1.0
LT,0.006220684789841378,3,1.0
LT,-0.011563854565148952,7,-1.0
LT,0.004963606327609853,3,-1.0
LT,0.0020921368963886856,7,-1.0
LT,0.006705213434892988,2,1.0
LT,0.005880935579507078,1,1.0
LT,0.0023008491822697325,4,1.0
LT,0.005412061538862013,1,-1.0
LT,0.0042414090287758175,7,1.0
LT,0.0016001314086841643,4,-1.0
LT,0.00646287936050659,2,1.0
LT,0.0015557689776202674,8,1.0
LT,0.006972891764958123,5,1.0
LT,0.0024946269870395827,12,-1.0
LT,-0.01561118240273115,21,1.0
LT,-0.026272045176792286,22,-1.0
LT,0.008154608567196105,1,-1.0
LT,0.004009146199502523,4,-1.0
LT,0.003458828274658919,5,1.0
LT,0.007140135314174725,2,1.0
LT,0.004857743745251182,1,-1.0
LT,0.006274497188494124,1,-1.0
LT,0.00551997278576718,2,1.0
LT,0.006772345024283979,2,1.0
LT,-0.04673076751246156,28,-1.0
LT,-0.009838279226950516,12,1.0
LT,0.0070411191665919505,1,1.0
LT,0.0006450413358514363,5,1.0
LT,5.909955538155803e-05,10,-1.0
LT,-0.0006600006385466096,9,1.0
LT,0.0009603859216460061,10,-1.0
LT,0.003165143793701123,5,1.0
LT,-0.008598586224970969,16,-1.0
LT,0.01090756212862566,2,-1.0
LT,0.0066665119823003235,3,1.0
LT,0.0063619060758155,2,1.0
LT,0.0026807378719831544,6,-1.0
LT,0.008397886916971724,4,-1.0
LT,0.006100005878573061,7,1.0
LT,-0.012757238233145939,15,1.0
LT,0.012110064690762042,2,-1.0
LT,-0.005222670260706916,10,1.0
LT,0.00652238317754899,6,-1.0
LT,-0.023847775856524405,29,1.0
LT,-0.010677281698003251,15,-1.0
LT,0.0030636349963227417,6,-1.0
LT,0.011664548662804693,3,1.0
LT,-0.020109354601594655,15,-1.0
LT,0.009031804637551403,1,1.0
LT,0.0012523718734394858,5,-1.0
LT,0.002636741559926314,5,-1.0
LT,-0.030214434351734938,32,1.0
LT,-0.05944513879563786,26,-1.0
LT,0.007328106533950808,5,1.0
LT,0.0017452825897042222,5,1.0
LT,0.002914472616630149,5,1.0
LT,0.000769382618994654,9,-1.0
LT,-0.0006455515505590101,10,1.0
LT,0.00542692767889852,4,1.0
LT,0.0035442266587140097,6,1.0
LT,-0.024120569397286917,14,-1.0
LT,-0.039063432345302254,18,-1.0
LT,0.00872974882633734,3,-1.0
LT,-0.015923872364616405,17,1.0
LT,0.0004156509103420125,13,1.0
LT,-0.006974610679209061,14,-1.0
LT,0.0011444794014528476,9,-1.0
LT,0.00825660842243791,3,-1.0
LT,-0.007694163545570419,14,1.0
LT,0.005856783297592176,1,1.0
LT,-0.019371723367714394,18,1.0
LT,0.011804465266417681,5,-1.0
LT,0.005106789691114232,6,1.0
LT,-0.026105208503683492,16,1.0
LT,-0.012713395826215824,18,-1.0
LT,0.00574207330559468,2,1.0
LT,0.005264468304945017,1,1.0
LT,0.00033509500950890163,8,-1.0
LT,-0.004917261250370371,12,-1.0
LT,0.002861753733174078,9,1.0
LT,0.005818801926690486,1,-1.0
LT,0.004099698669694195,1,-1.0
LT,0.004433341768467583,1,1.0
LT,0.003376217169388394,4,-1.0
LT,-0.0029535109271027304,14,1.0
LT,0.008992983962287409,6,-1.0
LT,0.005516134179832736,7,1.0
LT,-0.04223093222305581,24,-1.0
LT,0.008324690864010746,5,1.0
LT,0.004810611221009981,8,-1.0
LT,0.006174124865172285,4,1.0
LT,-0.007517119595371295,11,-1.0
LT,0.00673668592855436,5,1.0
LT,0.007879530359043955,3,-1.0
LT,0.008363063276406683,4,-1.0
LT,-0.0022686921629996018,9,-1.0
LT,0.011012291694820065,1,1.0
LT,-0.02548858839051942,14,1.0
LT,0.018196821535579406,1,-1.0
LT,0.0001780492699662405,14,1.0
LT,0.00010654943963264485,7,-1.0
LT,-0.022890892938197925,19,1.0
LT,-0.022261923418146545,15,-1.0
LT,0.010083024299211686,7,1.0
LT,0.012636308934335016,2,-1.0
LT,-0.022440437453870074,21,-1.0
LT,-0.11484753408479421,18,-1.0
LT,0.012823046710051793,6,1.0
LT,0.009515162920484384,1,-1.0
LT,0.00512079299550435,2,-1.0
LT,0.004093921177821558,4,-1.0
LT,0.005162761312274894,2,1.0
LT,-0.003660732903471129,11,-1.0
LT,0.004520057544989147,3,1.0
LT,-0.018254580996836647,18,-1.0
LT,-0.009934946835155988,19,1.0
LT,0.011318023852360711,1,1.0
LT,-0.024414360557187383,28,1.0
LT,-0.013960849099372194,26,-1.0
LT,0.0041883042822710185,1,-1.0
LT,0.003332684176958096,3,-1.0
LT,0.004321483250089355,1,1.0
LT,0.005056154258765854,2,1.0
LT,-0.0066516034542170935,11,1.0
LT,0.004739140093584915,1,1.0
LT,-0.016905874335941436,20,-1.0
LT,0.004669097105975024,1,1.0
LT,0.0032663634123110833,4,1.0
LT,-0.020418672656588824,18,-1.0
LT,0.012537508839037193,12,1.0
LT,0.00938045347096313,7,-1.0
LT,-0.0014104601283323167,8,1.0
LT,0.005118384728844086,11,1.0
LT,0.0035035045418935723,12,-1.0
LT,-0.12096391483905454,31,-1.0
LT,-0.01528532176030955,9,-1.0
LT,0.019278784420394466,2,-1.0
LT,0.006476287550631061,4,-1.0
LT,-0.09859583330873313,25,-1.0
LT,0.011343955957558277,4,1.0
LT,0.0012195740652087917,5,1.0
LT,0.015382584782848143,3,1.0
LT,0.008745127141673999,3,1.0
LT,0.010964621511844694,6,-1.0
LT,0.014918766531671549,2,-1.0
LT,-0.0383186596803598,14,-1.0
LT,0.008139376639488374,7,1.0
LT,0.006768615696248778,7,1.0
LT,0.0033316760459864555,15,-1.0
LT,0.0072549902136744395,1,-1.0
LT,0.0034239536383882225,6,1.0
LT,-0.005322692852097321,11,1.0
LT,0.007652294979098767,3,-1.0
LT,0.012872019388188428,2,1.0
LT,0.001785016033975331,9,-1.0
LT,0.004739622233517071,1,1.0
LT,0.0019791581881190685,6,1.0
LT,-0.011711704549527347,13,-1.0
LT,-0.007469725926118696,8,-1.0
LT,-0.0050129666909762335,10,1.0
LT,0.011472370601164525,5,-1.0
LT,0.014259727442315432,1,-1.0
LT,-0.00737293029155125,17,1.0
LT,0.011401684262645782,2,-1.0
LT,0.005306754425879799,2,-1.0
LT,-0.030126363131619243,25,1.0
LT,0.010490388318946097,6,-1.0
LT,-0.00477434598116706,11,1.0
LT,-0.005894101229066342,12,-1.0
LT,0.011589266903793602,3,1.0
LT,0.011872657795602171,2,1.0
LT,-0.00411470059364314,11,-1.0
LT,0.011065147430411568,1,1.0
LT,0.008576107394691838,3,1.0
LT,-0.019612573231791733,15,-1.0
LT,0.0042371064377831925,9,-1.0
LT,0.0002501607507869931,7,-1.0
LT,-0.057258632332544405,34,-1.0
LT,0.018326730498067482,5,1.0
LT,0.0017396608054016762,6,-1.0
LT,0.007464183748796239,2,-1.0
LT,0.004216258898278539,4,-1.0
LT,0.0003332666367604974,7,-1.0
LT,0.006347376701103081,4,-1.0
LT,0.0013631252072251584,8,-1.0
LT,0.005994432516150013,5,-1.0
LT,0.010404684091394853,2,1.0
LT,-0.0011386393766149138,7,-1.0
LT,0.007720011320473522,5,1.0
LT,-0.015400166929464287,10,1.0
LT,0.0012581965672364898,4,-1.0
LT,0.001044374066174026,12,1.0
LT,0.009341487401385552,2,-1.0
LT,0.008225232577790178,7,1.0
LT,0.0009829073191487878,7,-1.0
LT,-0.018843529361694075,11,1.0
LT,0.010054690867633833,5,-1.0
LT,-0.019499502005306726,18,1.0
LT,-0.019066888316659498,14,-1.0
LT,0.015061838236928214,3,1.0
LT,0.0062656577225856614,2,1.0
LT,0.0048694065452004245,2,-1.0
LT,0.0028086841719786888,4,-1.0
LT,-0.018472737126399016,14,-1.0
LT,0.0062260030440747325,4,1.0
LT,-0.007041513900250154,17,1.0
LT,0.0038026421965450573,7,1.0
LT,0.008966477985784331,9,-1.0
LT,0.0009283802025668465,10,-1.0
LT,0.005194208349740951,2,1.0
LT,-0.0032104405862106705,10,1.0
LT,-0.029741052368058067,14,-1.0
LT,0.009913275156431376,4,1.0
LT,0.014293103251235843,2,-1.0
LT,0.011972311156386372,2,1.0
LT,0.0019006056463302167,6,1.0
LT,-0.007159038607980528,21,-1.0
LT,0.006668351103330285,1,-1.0
LT,0.0053435638036356285,2,1.0
LT,0.000757266448699466,6,1.0
LT,0.0007943562647827532,8,1.0
LT,-0.02661543643558854,19,-1.0
LT,-0.0020242432737320433,7,1.0
LT,0.01319212445008608,6,1.0
LT,0.0007443913249156743,11,-1.0
LT,-0.0020518612746527726,11,-1.0
LT,0.007189105695306352,1,-1.0
LT,0.0067651234265593205,1,-1.0
LT,0.0068433691456384355,1,1.0
LT,0.001002197329735259,5,1.0
LT,-0.024047442776853632,25,-1.0
LT,0.006132543067613224,1,1.0
LT,0.0050920336875981366,2,1.0
LT,0.006148096657987548,5,1.0
LT,-0.011628053597427138,11,-1.0
LT,0.0021954725173428287,10,1.0
LT,-0.003185489847426088,11,1.0
LT,0.00822172296997977,3,-1.0
LT,0.009310026017042724,1,-1.0
LT,0.007449985725726692,2,1.0
LT,0.006210320491960376,12,-1.0
LT,0.006540703980037346,6,1.0
LT,-0.02692459683844207,20,-1.0
LT,-0.0008813697280693048,9,-1.0
LT,0.010439098049937973,2,1.0
LT,0.007726093585116333,1,-1.0
LT,-0.0005338468300230021,5,-1.0
LT,0.020650555208061267,1,1.0
LT,0.010845521420371677,7,1.0
LT,-0.06036589072502971,28,-1.0
LT,-0.020761016310940312,16,1.0
LT,0.011621922954822953,9,-1.0
LT,0.007583665284516019,1,1.0
LT,0.007184413858282995,6,-1.0
LT,0.0064693501573884595,4,1.0
LT,-0.004634827013198592,7,1.0
LT,0.014012155870489268,7,-1.0
LT,-0.007331511615476158,13,-1.0
LT,0.004532681707275599,1,1.0
LT,-0.00662702760464205,11,-1.0
LT,0.007403229432525939,2,-1.0
LT,0.0020571721589311472,6,1.0
LT,-0.05215899031441663,38,-1.0
LT,-0.023968327052435574,16,1.0
LT,0.01154110131569514,3,-1.0
LT,0.016744998930806426,1,1.0
LT,0.011217527156336825,2,-1.0
LT,0.01561478197394463,1,-1.0
LT,0.0017113096925969824,9,-1.0
LT,-0.014009800487491727,14,1.0
LT,0.008976035436790772,3,-1.0
LT,0.006685141435310331,4,-1.0
LT,-0.006325342125579136,8,-1.0
LT,0.016735287820055327,3,1.0
LT,-0.0017615049238988785,12,1.0
LT,-0.0024024661746839004,12,-1.0
LT,0.012669329396752046,6,1.0
LT,-0.0029411812902840366,9,1.0
LT,0.0013192110600803463,11,1.0
LT,-0.002805456855352846,10,-1.0
LT,0.0008733328593054208,15,1.0
LT,-0.0012373397804041634,10,1.0
LT,0.0054901779959167524,10,-1.0
LT,-0.010033374425223623,11,1.0
LT,-0.012359520121604007,14,-1.0
LT,0.008202346405608471,3,1.0
LT,-0.011422713901330267,11,1.0
LT,0.01281310795652425,1,-1.0
LT,-0.02473965421544034,17,1.0
LT,-0.012015352690975034,14,-1.0
LT,0.003059963582495697,7,-1.0
LT,0.009919296489562898,2,-1.0
LT,0.006617779855719887,3,-1.0
LT,-0.028721071591052267,21,-1.0
LT,0.0032988471256319815,1,-1.0
LT,-0.021064395169464185,13,-1.0
LT,0.01589303698378234,3,1.0
LT,0.007659463213821848,5,-1.0
LT,0.009557864512015608,7,1.0
LT,0.008744342694437409,2,-1.0
LT,0.00826350244854195,2,1.0
LT,0.005747730098183223,3,-1.0
LT,0.0017496675061725875,7,1.0
LT,0.005301368133050272,7,-1.0
LT,0.015643254084662002,1,-1.0
LT,0.0022534976125772963,2,1.0
LT,-0.032630360363910524,27,-1.0
LT,-0.004147033012005525,8,-1.0
LT,0.005480958001796259,1,-1.0
LT,-0.010109535335370288,14,-1.0
LT,-0.00339029798836911,9,-1.0
LT,-0.025974091768535087,20,-1.0
LT,-0.0003478776075412475,12,-1.0
LT,0.009477789931093248,1,-1.0
LT,0.0026900486490363433,7,1.0
LT,0.003242618524706719,5,1.0
LT,-0.018627295198995857,15,1.0
LT,-0.0022810153493124487,7,-1.0
LT,-0.04400051013821072,25,-1.0
LT,-0.013448506285463416,14,1.0
LT,0.0027776470587796876,9,1.0
LT,0.005185612438876741,1,-1.0
LT,0.001259830967120752,5,1.0
LT,-0.01100104458731925,15,-1.0
LT,0.007508122722582959,1,1.0
LT,-0.001930190336965308,10,-1.0
LT,-0.03910905479698135,28,1.0
AXISBANK,0.01465702444280047,4,-1.0
AXISBANK,0.0045084944629019685,6,-1.0
AXISBANK,0.008295585091818892,2,1.0
AXISBANK,0.006305537051978552,3,1.0
AXISBANK,0.0065788268166487715,5,1.0
AXISBANK,-0.0013039339571057084,6,1.0
AXISBANK,0.0035693217576668107,9,1.0
AXISBANK,0.009495309525996951,7,-1.0
AXISBANK,0.007052007477555894,5,1.0
AXISBANK,0.004408705961513487,6,1.0
AXISBANK,0.0024208152336853707,7,-1.0
AXISBANK,-0.004109537521206706,11,-1.0
AXISBANK,0.0029884024114745725,7,1.0
AXISBANK,0.01272470262191064,5,-1.0
AXISBANK,0.008211430926836301,1,1.0
AXISBANK,-0.0037806728566882387,10,-1.0
AXISBANK,0.003356226697776612,5,-1.0
AXISBANK,0.008945145294294323,4,1.0
AXISBANK,0.00573507985717963,2,1.0
AXISBANK,0.005613084103707589,5,-1.0
AXISBANK,0.007724292518254939,1,1.0
AXISBANK,0.005736425005157638,6,-1.0
AXISBANK,0.008315995413339035,2,1.0
AXISBANK,0.005169132372112388,3,1.0
AXISBANK,0.005608305211364142,2,1.0
AXISBANK,0.0056090513243885224,1,-1.0
AXISBANK,-0.0057368565826412315,13,-1.0
AXISBANK,-0.013008859353605143,12,1.0
AXISBANK,0.010916394569383151,2,1.0
AXISBANK,0.0009177930930056694,7,1.0
AXISBANK,0.003756895431994852,7,-1.0
AXISBANK,0.003970579351282313,1,1.0
AXISBANK,-0.04967672989799043,31,-1.0
AXISBANK,0.009241478226566733,9,1.0
AXISBANK,0.006985268986575315,2,-1.0
AXISBANK,-0.007254261278381649,13,1.0
AXISBANK,0.010840834911113626,4,-1.0
AXISBANK,-0.006746264832654254,21,-1.0
AXISBANK,0.010000108235725102,3,1.0
AXISBANK,0.006789485231539906,3,1.0
AXISBANK,0.007996923079621646,2,-1.0
AXISBANK,-0.004197029963762027,9,1.0
AXISBANK,0.004338500150206171,1,1.0
AXISBANK,0.0041650250635177945,2,1.0
AXISBANK,0.0027996083931078517,3,-1.0
AXISBANK,0.006155069754179466,2,-1.0
AXISBANK,0.00530247513472396,2,-1.0
AXISBANK,-0.034347047612256806,21,-1.0
AXISBANK,0.0076345124244240935,6,1.0
AXISBANK,0.015494149688324023,3,-1.0
AXISBANK,0.006265036550546554,5,-1.0
AXISBANK,0.008524343083908648,2,-1.0
AXISBANK,0.0052857088900748325,6,1.0
AXISBANK,0.0030760670627236948,6,1.0
AXISBANK,0.007434450553554542,1,-1.0
AXISBANK,0.006955570519639669,2,-1.0
AXISBANK,-0.006824772521924108,8,-1.0
AXISBANK,-0.08324952851320194,20,1.0
AXISBANK,-0.08122368062069528,19,-1.0
AXISBANK,0.00798736610701177,2,1.0
AXISBANK,0.003758425281589775,5,1.0
AXISBANK,0.008142049040487976,1,-1.0
AXISBANK,-0.01774662568782088,14,-1.0
AXISBANK,-0.017643149422411294,15,1.0
AXISBANK,0.010447272209575737,1,1.0
AXISBANK,0.006056629472065777,1,1.0
AXISBANK,0.0028704088495523647,7,1.0
AXISBANK,0.0044432172140661435,1,1.0
AXISBANK,-0.011459749916919592,14,-1.0
AXISBANK,0.009407386587481952,3,1.0
AXISBANK,0.0073218243849399525,4,1.0
AXISBANK,-0.0008694420294870493,8,-1.0
AXISBANK,0.00640280317328591,8,-1.0
AXISBANK,0.005631976305289691,2,-1.0
AXISBANK,0.0045365558781170386,3,-1.0
AXISBANK,0.007596247102728131,1,-1.0
AXISBANK,0.006758809226511451,1,-1.0
AXISBANK,0.006492979714207632,2,-1.0
AXISBANK,0.00828763248837256,1,-1.0
AXISBANK,0.005361779619010333,1,1.0
AXISBANK,0.0025064797224063156,5,1.0
AXISBANK,-0.0014738691505321298,13,-1.0
AXISBANK,0.00787869049107649,1,1.0
AXISBANK,0.003225312883869714,2,1.0
AXISBANK,-0.005156943813214084,14,-1.0
AXISBANK,0.0029819020858469166,5,1.0
AXISBANK,0.007917750802755627,4,1.0
AXISBANK,0.006315787510187424,1,-1.0
AXISBANK,-0.035632137104648444,19,-1.0
AXISBANK,0.013674773087984886,1,-1.0
AXISBANK,-0.04749123630822645,19,1.0
AXISBANK,-0.002004813532003635,16,-1.0
AXISBANK,-0.004441551461146718,18,1.0
AXISBANK,0.008492376196505001,7,-1.0
AXISBANK,-0.015525541442441095,12,1.0
AXISBANK,0.01631736291003447,7,1.0
AXISBANK,0.010075963654367843,3,1.0
AXISBANK,0.009165784229112356,2,-1.0
AXISBANK,-0.06612192533839709,21,-1.0
AXISBANK,0.008466885654634061,1,-1.0
AXISBANK,-0.010264477364497532,13,1.0
AXISBANK,0.02072414038875123,1,1.0
AXISBANK,0.004005242469932649,8,-1.0
AXISBANK,-0.008156942283869416,13,1.0
AXISBANK,0.009397589187740925,5,1.0
AXISBANK,-0.022117062915730915,23,-1.0
AXISBANK,0.003503987393710739,5,1.0
AXISBANK,0.013620565018227006,1,1.0
AXISBANK,0.009549837193195552,3,1.0
AXISBANK,0.007882453917329084,7,1.0
AXISBANK,0.0076034995691097425,1,1.0
AXISBANK,-0.0019232007180071285,7,-1.0
AXISBANK,-0.0013575087764390711,5,-1.0
AXISBANK,-0.02231808255532247,28,1.0
AXISBANK,0.006461338468879487,4,-1.0
AXISBANK,-0.0423409585193067,27,-1.0
AXISBANK,-0.000773335923411227,10,1.0
AXISBANK,0.007940313466358486,4,-1.0
AXISBANK,0.019299907767643426,1,1.0
AXISBANK,-5.979425241353273e-05,6,1.0
AXISBANK,0.005404452375927251,7,-1.0
AXISBANK,-0.010335528091480691,21,1.0
AXISBANK,0.020130920990649975,1,-1.0
AXISBANK,0.018529189368074697,2,1.0
AXISBANK,0.002256507452753239,14,1.0
AXISBANK,0.012804159937897824,2,1.0
AXISBANK,0.009749936801018981,2,-1.0
AXISBANK,0.009515506182525748,1,1.0
AXISBANK,0.005483583166145393,6,1.0
AXISBANK,-0.0018055069237912949,7,1.0
AXISBANK,0.022018906958649928,9,-1.0
AXISBANK,-0.06159528417664532,24,-1.0
AXISBANK,0.0066704421612555,2,1.0
AXISBANK,0.004093104810756946,4,1.0
AXISBANK,0.005824505530958497,1,1.0
AXISBANK,-0.016112443379808102,15,1.0
AXISBANK,0.005081297249105754,8,1.0
AXISBANK,-0.006953346521076398,18,-1.0
AXISBANK,-0.011988831507342139,9,-1.0
AXISBANK,0.003224537230546206,13,1.0
AXISBANK,0.005593130673636342,8,-1.0
AXISBANK,0.00765347024483378,3,-1.0
AXISBANK,-0.002044111848077408,9,1.0
AXISBANK,-0.03125332757064982,22,-1.0
AXISBANK,0.010085498966345651,2,1.0
AXISBANK,-0.002051983371994807,16,-1.0
AXISBANK,0.004265884057962327,10,1.0
AXISBANK,0.006334653709751599,3,-1.0
AXISBANK,-4.477749973197127e-05,7,-1.0
AXISBANK,0.013589381381925223,6,1.0
AXISBANK,-0.05139815449125557,21,-1.0
AXISBANK,0.008681503317055523,2,1.0
AXISBANK,0.007889304462102583,6,1.0
AXISBANK,4.100182686745784e-05,9,1.0
AXISBANK,0.010775921693898415,4,1.0
AXISBANK,0.004424801636094371,8,-1.0
AXISBANK,0.006059819289280246,13,-1.0
AXISBANK,0.00570338774281116,7,-1.0
AXISBANK,0.0074558070622934855,2,-1.0
AXISBANK,0.004255448175270051,2,-1.0
AXISBANK,0.00464692135841653,1,-1.0
AXISBANK,0.005624359331887331,1,1.0
AXISBANK,0.0075909799400565555,1,-1.0
AXISBANK,-0.006653641833768584,15,-1.0
AXISBANK,0.007888005163441549,5,-1.0
AXISBANK,-0.0014223622124109763,13,1.0
AXISBANK,-0.0011606391692207444,16,-1.0
AXISBANK,0.011900947990942516,2,-1.0
AXISBANK,0.012043397618922633,3,1.0
AXISBANK,0.008514177653342359,2,1.0
AXISBANK,0.00953662461807261,2,1.0
AXISBANK,0.004318721134458805,3,1.0
AXISBANK,0.005522245405429557,1,1.0
AXISBANK,-0.00018946075903100557,9,1.0
AXISBANK,0.00929919495112588,1,-1.0
AXISBANK,0.008201583091888611,5,-1.0
AXISBANK,-0.014320523730334114,19,1.0
AXISBANK,0.018885018372467706,9,-1.0
AXISBANK,0.0063444024680213065,2,-1.0
AXISBANK,0.006291284913239522,3,-1.0
AXISBANK,0.0038240922879590744,4,-1.0
AXISBANK,0.0036587639243546143,2,-1.0
AXISBANK,-0.029522524824459887,17,1.0
AXISBANK,0.0036598300259072453,9,1.0
AXISBANK,0.013985815453346198,4,-1.0
AXISBANK,0.003699050886671644,7,-1.0
AXISBANK,0.004518468605565928,2,-1.0
AXISBANK,0.004506600011974622,1,-1.0
AXISBANK,0.005023458123916215,1,1.0
AXISBANK,-0.019422002812702406,14,1.0
AXISBANK,-0.019128948368329995,25,1.0
AXISBANK,-0.005286481550838187,11,-1.0
AXISBANK,0.0062514246720036405,8,1.0
AXISBANK,0.011042347614190989,2,1.0
AXISBANK,0.006613276189462653,1,-1.0
AXISBANK,-0.015236305473105921,13,-1.0
AXISBANK,-0.0330524734731114,21,-1.0
AXISBANK,0.008817288696985526,2,1.0
AXISBANK,-0.0764780398832979,17,-1.0
AXISBANK,0.012781168866277387,6,1.0
AXISBANK,0.01298325426043328,1,-1.0
AXISBANK,0.004587876132632618,7,-1.0
AXISBANK,0.003644231407882074,13,-1.0
AXISBANK,-0.014948933142242587,14,-1.0
AXISBANK,-0.021434150251312598,16,-1.0
AXISBANK,0.010988082338974125,1,-1.0
AXISBANK,0.0038458859010302732,11,1.0
AXISBANK,-0.008889755601148684,16,1.0
AXISBANK,0.006278788923664705,2,-1.0
AXISBANK,-0.028419257317627112,15,-1.0
AXISBANK,0.004333456368405119,7,1.0
AXISBANK,0.003047845147593897,7,-1.0
AXISBANK,-0.0021359488850202883,10,1.0
AXISBANK,0.006932695610806588,5,1.0
AXISBANK,0.002099901006504222,7,1.0
AXISBANK,0.004335605881584307,3,1.0
AXISBANK,0.004603724809910476,1,-1.0
AXISBANK,0.0035682802862840347,4,1.0
AXISBANK,0.003031705274129458,7,1.0
AXISBANK,-0.013672189699538345,18,-1.0
AXISBANK,0.0047421989401341,5,1.0
AXISBANK,-0.028652749398366244,22,1.0
AXISBANK,0.006666761455999624,2,1.0
AXISBANK,0.0061971571290960715,2,-1.0
AXISBANK,0.00566821655992679,3,-1.0
AXISBANK,0.007320997882861468,2,1.0
AXISBANK,0.007070605709999007,1,1.0
AXISBANK,-0.02244124321465854,20,1.0
AXISBANK,0.013130705243779054,6,-1.0
AXISBANK,-0.0015757685566146172,9,1.0
AXISBANK,0.010508315285251488,1,1.0
AXISBANK,-0.015563742781795231,10,1.0
AXISBANK,-0.011933138080347693,16,-1.0
AXISBANK,-0.0030678554466696374,14,-1.0
AXISBANK,0.012886970049541762,3,1.0
AXISBANK,0.007330696480126536,4,1.0
AXISBANK,0.007900317166154608,1,-1.0
AXISBANK,-0.0003962487377066711,12,-1.0
AXISBANK,0.0009081650583299232,12,1.0
AXISBANK,0.007357634062187644,2,1.0
AXISBANK,0.006223841621091284,1,-1.0
AXISBANK,0.006480735421254285,1,-1.0
AXISBANK,-0.03339165779299158,20,1.0
AXISBANK,0.02316123576476066,5,1.0
AXISBANK,-0.08878252741391501,27,-1.0
AXISBANK,-0.01250979157530749,14,-1.0
AXISBANK,0.008700706396683182,11,-1.0
AXISBANK,-0.01180905900635775,13,1.0
AXISBANK,-0.041670855278297926,10,-1.0
AXISBANK,0.0157990629048537,5,-1.0
AXISBANK,0.01044375277619332,11,-1.0
AXISBANK,0.0024623817780490822,8,1.0
AXISBANK,0.026824806763988174,6,1.0
AXISBANK,0.026907414989039143,4,1.0
AXISBANK,-0.07644563422673309,25,-1.0
AXISBANK,0.02358199196274314,4,1.0
AXISBANK,0.0032822020830683583,7,1.0
AXISBANK,0.008381376351260041,10,-1.0
AXISBANK,0.007461651510163213,7,-1.0
AXISBANK,-0.01127870500430656,10,-1.0
AXISBANK,-2.3169910711352435e-06,7,1.0
AXISBANK,0.021048143965840666,2,-1.0
AXISBANK,-0.047091631052002786,18,-1.0
AXISBANK,0.0006775784559115098,12,1.0
AXISBANK,0.01953468419734021,6,1.0
AXISBANK,-0.01686635910359238,15,-1.0
AXISBANK,-0.00895442342168321,9,1.0
AXISBANK,0.014986250190286071,7,-1.0
AXISBANK,-0.10128799521734658,33,-1.0
AXISBANK,-0.061751065832738455,30,1.0
AXISBANK,0.008974396126579041,1,-1.0
AXISBANK,0.00939142240019852,1,1.0
AXISBANK,-0.04831512981468865,19,1.0
AXISBANK,0.00011363993527396024,13,-1.0
AXISBANK,-0.0010172100069405048,12,-1.0
AXISBANK,-0.002958079964990613,10,-1.0
AXISBANK,0.007707339218828783,5,1.0
AXISBANK,0.008196181061360032,5,-1.0
AXISBANK,-0.02622688974953622,18,-1.0
AXISBANK,0.011137558523179212,5,1.0
AXISBANK,-0.019790386094053945,13,-1.0
AXISBANK,0.011690492930984552,4,-1.0
AXISBANK,0.00579799266958136,2,-1.0
AXISBANK,-0.0028032230527278166,9,-1.0
AXISBANK,-0.0006413214405714186,10,-1.0
AXISBANK,-0.03951584404291377,25,-1.0
AXISBANK,0.01059456020747624,1,1.0
AXISBANK,0.008102001174261865,4,-1.0
AXISBANK,0.0033189945860230266,10,-1.0
AXISBANK,0.009320825118094058,2,1.0
AXISBANK,-0.003682891288808429,9,1.0
AXISBANK,0.006730463167316512,5,-1.0
AXISBANK,0.007411589307194523,7,1.0
AXISBANK,0.02260874116492169,4,1.0
AXISBANK,-0.055074549664966325,18,-1.0
AXISBANK,-0.027283058051262056,16,-1.0
AXISBANK,-0.048166112028002,17,1.0
AXISBANK,-0.04047659072401092,21,-1.0
AXISBANK,0.002706529548816979,9,-1.0
AXISBANK,0.010896836078714646,2,-1.0
AXISBANK,0.007740674905730172,2,1.0
AXISBANK,0.002097200694348974,8,1.0
AXISBANK,0.00587587851926696,4,1.0
AXISBANK,-0.0009508766474613454,13,-1.0
AXISBANK,0.0013120472117262845,8,1.0
AXISBANK,0.01606807319259519,3,1.0
AXISBANK,0.009124483957170125,6,-1.0
AXISBANK,0.00256151576590658,11,-1.0
AXISBANK,0.0015277150318587307,7,1.0
AXISBANK,0.007151537740658328,5,-1.0
AXISBANK,0.005247439435196265,2,-1.0
AXISBANK,-0.004947835019834279,10,1.0
AXISBANK,-0.00233934797940135,16,-1.0
AXISBANK,-0.015179616483438473,14,1.0
AXISBANK,0.010249888004763048,2,1.0
AXISBANK,0.001966601632223217,9,-1.0
AXISBANK,0.00445412159796521,1,1.0
AXISBANK,0.003998561238071638,1,-1.0
AXISBANK,0.0030285811219290157,1,1.0
AXISBANK,0.0018647922181083824,3,-1.0
AXISBANK,0.0021489495748747327,6,1.0
AXISBANK,-0.011060679120490639,15,1.0
AXISBANK,0.008233130415236817,2,-1.0
AXISBANK,-0.06735172557192445,35,-1.0
AXISBANK,0.005633312865135504,7,-1.0
AXISBANK,0.0003063455674240043,7,-1.0
AXISBANK,0.004935725449149589,6,1.0
AXISBANK,0.005357144431773209,9,-1.0
AXISBANK,-0.0040937851023074455,13,1.0
AXISBANK,-0.0015766806461584009,10,1.0
AXISBANK,0.0019467373128206425,7,-1.0
AXISBANK,-0.005341998267790307,13,-1.0
AXISBANK,0.006730424292389344,4,1.0
AXISBANK,-0.01761241375905971,14,-1.0
AXISBANK,-0.04265627632746242,20,1.0
AXISBANK,0.009348425013206834,1,1.0
AXISBANK,0.006854087641027575,2,1.0
AXISBANK,-0.007513422448315534,16,-1.0
AXISBANK,0.008031335493587416,4,1.0
AXISBANK,0.006264101117751039,6,-1.0
AXISBANK,0.006136069811328192,5,-1.0
AXISBANK,0.01411760644920956,1,1.0
AXISBANK,0.007707727883536026,3,-1.0
AXISBANK,0.004791182584287143,7,1.0
AXISBANK,-0.06886089661366801,38,-1.0
AXISBANK,-0.015105910967666027,14,1.0
AXISBANK,-0.036372343151763416,18,-1.0
AXISBANK,0.002354393242252774,11,-1.0
AXISBANK,-0.016058257840020025,11,1.0
AXISBANK,0.012445668450707601,1,1.0
AXISBANK,0.005318686168269874,4,1.0
AXISBANK,-0.011986486823595056,8,1.0
AXISBANK,0.006215438408867098,9,-1.0
AXISBANK,0.016233766169808258,3,1.0
AXISBANK,0.007349456469676327,4,1.0
AXISBANK,-0.07052679788372063,46,-1.0
AXISBANK,0.010904990781635381,7,1.0
AXISBANK,-0.003137883746561565,9,1.0
AXISBANK,-0.10994807910854283,47,1.0
AXISBANK,0.012825636807565412,1,1.0
AXISBANK,0.008693684813879209,5,1.0
AXISBANK,-0.016939156306437594,18,-1.0
AXISBANK,0.008347051218214677,1,1.0
AXISBANK,0.009491128664043624,1,1.0
AXISBANK,0.007198952256278967,3,-1.0
AXISBANK,-0.015362078754895458,16,1.0
AXISBANK,0.0016393633764244522,8,1.0
AXISBANK,0.0025504119162447427,8,1.0
AXISBANK,0.00584831624707106,2,-1.0
AXISBANK,-0.015222712521986998,18,1.0
AXISBANK,0.003834078181359598,3,-1.0
AXISBANK,0.005249456744545957,7,1.0
AXISBANK,0.012844760799128578,2,1.0
AXISBANK,0.008719550145644865,5,-1.0
AXISBANK,0.007320063093927484,4,-1.0
AXISBANK,0.003967796670148221,3,1.0
AXISBANK,-0.006410662646977024,13,-1.0
AXISBANK,-0.028805344227346513,31,-1.0
AXISBANK,-0.016904600424370437,17,1.0
AXISBANK,0.005617522419606239,5,-1.0
AXISBANK,0.008164407291265004,1,1.0
AXISBANK,-0.002495129135408904,7,1.0
AXISBANK,-0.005998683003362145,11,1.0
AXISBANK,-0.0011217458068215407,10,-1.0
AXISBANK,-0.08699694495228304,39,1.0
AXISBANK,-0.03713633924299082,22,-1.0
AXISBANK,0.010021588177312234,5,-1.0
AXISBANK,0.007993959188971002,1,-1.0
AXISBANK,-0.01252665629855504,16,-1.0
AXISBANK,0.0072950782654461295,1,-1.0
AXISBANK,0.005278726872912565,6,-1.0
AXISBANK,-0.010781720041119713,14,1.0
AXISBANK,0.0013076396663934246,5,-1.0
AXISBANK,0.005939331760456454,1,-1.0
AXISBANK,0.0018758309237535905,7,-1.0
AXISBANK,-0.012688698776387217,25,-1.0
AXISBANK,-0.013650405201590006,19,-1.0
AXISBANK,0.0007576728210499572,8,-1.0
AXISBANK,0.004959198137043767,1,-1.0
AXISBANK,-0.022097600142693477,16,-1.0
AXISBANK,-0.00034873777161582696,11,-1.0
AXISBANK,0.005013303198050654,1,1.0
AXISBANK,0.004009170829452001,6,1.0
AXISBANK,0.0047160438217048765,4,-1.0
AXISBANK,0.00748497057349361,3,-1.0
AXISBANK,-0.019176105377251725,18,1.0
AXISBANK,0.00879991799494294,4,1.0
AXISBANK,0.007288816380818628,5,-1.0
AXISBANK,-0.008957447880687744,14,-1.0
AXISBANK,0.006690223856801374,10,1.0
AXISBANK,0.011762891728907309,1,-1.0
AXISBANK,-0.008709140771509725,11,1.0
AXISBANK,0.008471017103552548,2,-1.0
AXISBANK,0.007734332217399899,1,1.0
AXISBANK,-0.0246848078826544,26,1.0
AXISBANK,-0.0010985689557419537,14,-1.0
AXISBANK,0.006134457994173129,1,1.0
KOTAKBANK,0.008400246523797786,1,-1.0
KOTAKBANK,0.0015317605646710196,9,1.0
KOTAKBANK,-0.006139014677806754,14,-1.0
KOTAKBANK,0.002133816239127546,11,1.0
KOTAKBANK,0.012869990572601749,2,-1.0
KOTAKBANK,0.012321477244275111,2,-1.0
KOTAKBANK,0.004627679324405603,9,-1.0
KOTAKBANK,0.009443212405390302,3,1.0
KOTAKBANK,-0.028338898400360014,23,-1.0
KOTAKBANK,0.009089541302717148,1,-1.0
KOTAKBANK,0.005106877609191893,2,1.0
KOTAKBANK,-0.005309747241526336,13,-1.0
KOTAKBANK,0.004827980491868016,2,-1.0
KOTAKBANK,0.0047709996278236305,1,-1.0
KOTAKBANK,0.003237759120376664,1,1.0
KOTAKBANK,0.002696501096687315,2,-1.0
KOTAKBANK,0.0025035910788052257,1,1.0
KOTAKBANK,0.0022518943532150986,1,-1.0
KOTAKBANK,0.0025202577778675322,3,-1.0
KOTAKBANK,0.0031394505014376056,1,-1.0
KOTAKBANK,-0.006751160471188787,14,-1.0
KOTAKBANK,-0.0021623571645894915,14,1.0
KOTAKBANK,0.002987054210826595,1,1.0
KOTAKBANK,-0.0032704325823376076,11,-1.0
KOTAKBANK,-0.023825820145552273,24,1.0
KOTAKBANK,-0.00028306297599578625,6,-1.0
KOTAKBANK,-0.018854957258002313,19,-1.0
KOTAKBANK,0.006719983992578512,7,1.0
KOTAKBANK,-0.00331780163427498,11,1.0
KOTAKBANK,0.00861625511262614,2,-1.0
KOTAKBANK,0.008418204978718435,1,-1.0
KOTAKBANK,0.008335995800421093,1,1.0
KOTAKBANK,0.008338013764615185,2,1.0
KOTAKBANK,0.006190555728513529,6,-1.0
KOTAKBANK,0.0006801978165199177,8,1.0
KOTAKBANK,0.0058195650149802354,5,-1.0
KOTAKBANK,0.0033011328026250433,9,-1.0
KOTAKBANK,0.005089100354245274,5,-1.0
KOTAKBANK,0.004948550852730036,4,-1.0
KOTAKBANK,-0.00468725939430024,14,-1.0
KOTAKBANK,0.0046033832612745965,6,1.0
KOTAKBANK,0.00140753980333414,7,-1.0
KOTAKBANK,-0.018500336540437746,15,1.0
KOTAKBANK,0.005552831787544671,7,1.0
KOTAKBANK,-0.030262277817828715,31,-1.0
KOTAKBANK,-0.015438817724527968,13,1.0
KOTAKBANK,0.001361174879956041,8,-1.0
KOTAKBANK,0.004545502028519992,1,-1.0
KOTAKBANK,0.005323918611089765,2,-1.0
KOTAKBANK,0.0033718292581004492,3,-1.0
KOTAKBANK,0.006810772422205842,1,-1.0
KOTAKBANK,-0.012724368426483182,15,1.0
KOTAKBANK,0.008692738454126709,2,1.0
KOTAKBANK,0.0066371057789301096,1,-1.0
KOTAKBANK,0.003511196442651748,1,1.0
KOTAKBANK,0.0005912183417331371,5,-1.0
KOTAKBANK,0.0035535224925174625,3,-1.0
KOTAKBANK,0.005016428377975232,2,1.0
KOTAKBANK,0.002822407428540854,3,1.0
KOTAKBANK,0.0010344758577809897,5,-1.0
KOTAKBANK,0.0013624179972945632,9,-1.0
KOTAKBANK,0.008453662531823329,5,1.0
KOTAKBANK,-1.5361011546662095e-05,13,1.0
KOTAKBANK,0.0021153205952698134,1,1.0
KOTAKBANK,-0.00100175075695077,7,-1.0
KOTAKBANK,0.004841619033149487,6,1.0
KOTAKBANK,-0.0014918047731605007,7,1.0
KOTAKBANK,0.003191846767394084,1,-1.0
KOTAKBANK,-0.000391518905941877,5,-1.0
KOTAKBANK,0.0036818519562225767,7,-1.0
KOTAKBANK,0.00538677399795253,5,1.0
KOTAKBANK,-0.015520837762795621,23,-1.0
KOTAKBANK,0.006990374630196092,13,1.0
KOTAKBANK,-0.0001554747439515602,7,-1.0
KOTAKBANK,0.009416642509556815,1,-1.0
KOTAKBANK,0.006986659305132122,2,1.0
KOTAKBANK,-0.02279346150314198,18,-1.0
KOTAKBANK,0.00691593596586224,2,-1.0
KOTAKBANK,0.0005839839294423019,8,-1.0
KOTAKBANK,0.003427880937832371,5,1.0
KOTAKBANK,-0.0019370401361847739,10,-1.0
KOTAKBANK,0.013338773986869088,5,1.0
KOTAKBANK,-0.01829693443256016,17,1.0
KOTAKBANK,-0.012800958233700374,15,-1.0
KOTAKBANK,0.013405154737655176,1,1.0
KOTAKBANK,0.008982039530441174,3,-1.0
KOTAKBANK,0.011391113613377812,6,-1.0
KOTAKBANK,-0.056358940865705864,25,-1.0
KOTAKBANK,0.005829691713803693,2,-1.0
KOTAKBANK,-0.00014158144840543632,9,1.0
KOTAKBANK,-0.008307391041564645,14,-1.0
KOTAKBANK,0.006651913390613955,4,1.0
KOTAKBANK,-0.0026111063634416524,14,-1.0
KOTAKBANK,0.009988521260310152,3,1.0
KOTAKBANK,0.0040015421086169465,7,-1.0
KOTAKBANK,0.0015791675790291883,4,-1.0
KOTAKBANK,-0.014752756212215168,28,-1.0
KOTAKBANK,0.003567997021905388,3,1.0
KOTAKBANK,0.004410591016206946,1,1.0
KOTAKBANK,-0.03799327913232821,17,1.0
KOTAKBANK,-0.004653398472558038,8,1.0
KOTAKBANK,0.0014514187065821017,12,-1.0
KOTAKBANK,0.004109041755742415,4,1.0
KOTAKBANK,-0.006049019197523038,14,1.0
KOTAKBANK,-0.008892289682229639,15,1.0
KOTAKBANK,0.0014112333328987908,8,-1.0
KOTAKBANK,0.00612268000739914,5,1.0
KOTAKBANK,0.00713954180222684,1,-1.0
KOTAKBANK,-0.04229934053723256,15,1.0
KOTAKBANK,-0.0015442162384638552,5,1.0
KOTAKBANK,-0.019217301188497196,17,-1.0
KOTAKBANK,0.010839334233969194,5,1.0
KOTAKBANK,0.007426339786162572,7,-1.0
KOTAKBANK,0.009092168434994365,2,1.0
KOTAKBANK,-0.0013326505417189942,7,-1.0
KOTAKBANK,0.009033454275878853,6,-1.0
KOTAKBANK,0.0005446176905646834,8,-1.0
KOTAKBANK,0.012178092542311367,7,1.0
KOTAKBANK,0.008196614357537992,1,-1.0
KOTAKBANK,0.0038556953834385493,4,-1.0
KOTAKBANK,0.007857817881680447,2,1.0
KOTAKBANK,0.005214744013501379,5,-1.0
KOTAKBANK,0.004364665074911691,1,1.0
KOTAKBANK,0.004934670588183487,1,-1.0
KOTAKBANK,0.0046901836889232254,5,-1.0
KOTAKBANK,0.007112261947879536,2,1.0
KOTAKBANK,0.006855574020145052,3,1.0
KOTAKBANK,0.006280425906835733,3,-1.0
KOTAKBANK,0.007481595964023359,5,1.0
KOTAKBANK,0.0014344160444777303,9,1.0
KOTAKBANK,0.0026770210314286842,11,-1.0
KOTAKBANK,0.009199072685232795,2,1.0
KOTAKBANK,0.007860412320558707,2,1.0
KOTAKBANK,-0.011462830620846779,13,1.0
KOTAKBANK,-0.0018727834993836428,13,-1.0
KOTAKBANK,0.0035870561769335866,2,-1.0
KOTAKBANK,-0.008273035310084526,12,-1.0
KOTAKBANK,0.005060352521807438,1,1.0
KOTAKBANK,-0.007828671679245044,13,1.0
KOTAKBANK,0.0030282687698184154,5,-1.0
KOTAKBANK,0.004475517403663911,3,-1.0
KOTAKBANK,-0.030323087855897757,19,1.0
KOTAKBANK,-0.0059450561535927685,10,-1.0
KOTAKBANK,0.010561016870724093,1,-1.0
KOTAKBANK,-0.05840116812813918,23,-1.0
KOTAKBANK,0.017454856424468715,3,-1.0
KOTAKBANK,0.005599453426029578,1,1.0
KOTAKBANK,0.008395685657891623,1,-1.0
KOTAKBANK,0.005456447063024429,5,-1.0
KOTAKBANK,0.007229249586595033,2,1.0
KOTAKBANK,0.006382525883275877,2,1.0
KOTAKBANK,-0.0002023911314547262,7,-1.0
KOTAKBANK,-0.0134341440620353,17,-1.0
KOTAKBANK,0.004243211217466733,12,1.0
KOTAKBANK,0.002719122682400976,7,-1.0
KOTAKBANK,0.0036684429893737497,7,-1.0
KOTAKBANK,0.0010292215136787676,10,-1.0
KOTAKBANK,0.0031529743349445975,5,1.0
KOTAKBANK,0.006908441304637199,3,1.0
KOTAKBANK,0.007272873161495939,1,1.0
KOTAKBANK,0.003487741704843163,5,1.0
KOTAKBANK,0.008695077881485732,2,1.0
KOTAKBANK,0.0049709582616598615,3,1.0
KOTAKBANK,-0.04961588136979884,25,-1.0
KOTAKBANK,0.008421565129421282,1,-1.0
KOTAKBANK,0.006896781594482437,3,-1.0
KOTAKBANK,-0.0060294248832426225,17,1.0
KOTAKBANK,-0.0006412484933605439,9,1.0
KOTAKBANK,0.006026806980242111,7,1.0
KOTAKBANK,0.004030631699022903,4,-1.0
KOTAKBANK,-0.013363486500896334,14,-1.0
KOTAKBANK,-0.013814607004080819,13,1.0
KOTAKBANK,0.0029909066046701657,6,-1.0
KOTAKBANK,0.008287414302954585,2,1.0
KOTAKBANK,0.007285424194005895,2,-1.0
KOTAKBANK,0.0084097727853518,2,1.0
KOTAKBANK,-0.0018482780033525303,10,1.0
KOTAKBANK,-0.010624717552811642,14,-1.0
KOTAKBANK,0.008181469229034927,1,-1.0
KOTAKBANK,0.007451517019025995,2,1.0
KOTAKBANK,0.0007244225028578005,8,1.0
KOTAKBANK,0.011688729529778537,10,-1.0
KOTAKBANK,-0.031210295677638698,23,1.0
KOTAKBANK,0.009603963603116156,1,1.0
KOTAKBANK,0.006228470618125618,2,-1.0
KOTAKBANK,0.006720618930030025,3,-1.0
KOTAKBANK,0.00870710108032022,3,1.0
KOTAKBANK,0.006572107119832357,7,1.0
KOTAKBANK,-0.08734058172084105,20,-1.0
KOTAKBANK,0.019855482392899654,2,-1.0
KOTAKBANK,0.013878771880540765,1,-1.0
KOTAKBANK,0.0014921344811116106,10,-1.0
KOTAKBANK,0.008144264054122264,1,1.0
KOTAKBANK,0.0064023686728910244,1,-1.0
KOTAKBANK,0.005662021569387381,2,-1.0
KOTAKBANK,0.006667685659250961,1,1.0
KOTAKBANK,0.007857000551168425,1,-1.0
KOTAKBANK,0.00747183859262326,3,-1.0
KOTAKBANK,0.007761284854750135,1,1.0
KOTAKBANK,-0.009985669865262342,14,1.0
KOTAKBANK,0.004172649517849438,3,-1.0
KOTAKBANK,0.007078435445893438,1,1.0
KOTAKBANK,0.0018999532299489943,8,1.0
KOTAKBANK,-0.005238309801497021,14,-1.0
KOTAKBANK,0.007978159647340353,1,1.0
KOTAKBANK,0.0061405866022927365,5,1.0
KOTAKBANK,-0.017967518880114917,21,1.0
KOTAKBANK,0.008464339153045418,4,1.0
KOTAKBANK,-0.00941260800162865,23,-1.0
KOTAKBANK,-0.0009361831136595888,7,-1.0
KOTAKBANK,-0.009148032435675881,15,-1.0
KOTAKBANK,0.0009997470364936827,9,1.0
KOTAKBANK,0.0025956811325465595,6,1.0
KOTAKBANK,-0.007460295133611317,21,1.0
KOTAKBANK,0.006839595234026323,1,1.0
KOTAKBANK,0.006963625280015667,1,-1.0
KOTAKBANK,-0.04238323462126387,21,1.0
KOTAKBANK,0.008879097269783361,5,-1.0
KOTAKBANK,0.012403436155435661,6,-1.0
KOTAKBANK,-0.005706868144135681,14,1.0
KOTAKBANK,-0.004423442402513569,11,-1.0
KOTAKBANK,0.012473713172632803,6,1.0
KOTAKBANK,0.002217157993886902,6,-1.0
KOTAKBANK,0.0059200659200210936,7,1.0
KOTAKBANK,0.003914176782700571,4,1.0
KOTAKBANK,0.005874390523461747,1,1.0
KOTAKBANK,0.00725889142927047,1,-1.0
KOTAKBANK,-0.024346576799131974,17,1.0
KOTAKBANK,0.0017801566329639213,10,1.0
KOTAKBANK,-0.08927454952445299,22,1.0
KOTAKBANK,0.01562658394205531,8,-1.0
KOTAKBANK,-0.012405409629772993,10,1.0
KOTAKBANK,0.03826944623557522,2,1.0
KOTAKBANK,-0.11594513156086271,41,-1.0
KOTAKBANK,-0.002262543718735968,8,1.0
KOTAKBANK,-0.005675262784981089,7,1.0
KOTAKBANK,0.01180293665759903,7,-1.0
KOTAKBANK,0.02154450233516287,3,1.0
KOTAKBANK,-0.02409933613755845,14,-1.0
KOTAKBANK,-0.06998258782830871,23,-1.0
KOTAKBANK,-0.02639042371533907,18,1.0
KOTAKBANK,0.01939818087442328,2,1.0
KOTAKBANK,0.007728294428212113,6,-1.0
KOTAKBANK,-0.029429022528278732,18,-1.0
KOTAKBANK,0.020305042786220664,1,1.0
KOTAKBANK,0.016182503215087508,3,1.0
KOTAKBANK,0.006268708386309673,4,-1.0
KOTAKBANK,0.006719310881472033,2,-1.0
KOTAKBANK,0.006837574379072115,2,1.0
KOTAKBANK,0.00550352291062743,4,1.0
KOTAKBANK,-0.0393360987033225,24,1.0
KOTAKBANK,0.016764130235603976,5,-1.0
KOTAKBANK,0.016329265173820343,5,-1.0
KOTAKBANK,0.004128050573778216,7,-1.0
KOTAKBANK,0.007545388525035266,5,-1.0
KOTAKBANK,0.008276835904849811,5,1.0
KOTAKBANK,0.016547030673360025,2,-1.0
KOTAKBANK,0.0060565973118011105,10,-1.0
KOTAKBANK,-0.019089335063219103,14,1.0
KOTAKBANK,-0.005335885004031922,14,-1.0
KOTAKBANK,0.011832871849341772,5,1.0
KOTAKBANK,0.0021594241141284524,6,1.0
KOTAKBANK,0.0013623947561526401,9,-1.0
KOTAKBANK,-0.03296376771537917,25,-1.0
KOTAKBANK,-0.042167184744434226,32,1.0
KOTAKBANK,-0.014914502403522118,21,-1.0
KOTAKBANK,0.009421228471733645,2,-1.0
KOTAKBANK,0.008211339512719715,3,1.0
KOTAKBANK,0.006454872838671354,1,-1.0
KOTAKBANK,0.00938727108225297,1,1.0
KOTAKBANK,0.007596345034266777,3,-1.0
KOTAKBANK,0.0069715316179938345,5,-1.0
KOTAKBANK,0.01506435565463832,2,1.0
KOTAKBANK,-0.010920417369591187,18,-1.0
KOTAKBANK,0.01859620003892087,2,-1.0
KOTAKBANK,-0.010125855004936268,14,1.0
KOTAKBANK,-0.029263996244897852,16,-1.0
KOTAKBANK,0.008643676415598973,2,-1.0
KOTAKBANK,-0.012816430337101482,14,-1.0
KOTAKBANK,-0.01617434048483376,10,1.0
KOTAKBANK,-0.004345626060482803,11,1.0
KOTAKBANK,0.012850168875125086,4,-1.0
KOTAKBANK,0.010068392176164198,3,-1.0
KOTAKBANK,-0.013912533212188254,14,-1.0
KOTAKBANK,0.005706920087319781,10,1.0
KOTAKBANK,0.013411526660122006,2,1.0
KOTAKBANK,-0.010863643911220962,14,1.0
KOTAKBANK,0.01690618590036459,3,1.0
KOTAKBANK,0.01085772261078215,4,1.0
KOTAKBANK,-0.012830936606248823,17,1.0
KOTAKBANK,0.01308737777194334,1,-1.0
KOTAKBANK,0.014169160081445689,1,1.0
KOTAKBANK,-0.01331576013970845,11,1.0
KOTAKBANK,-0.00736561284608075,7,1.0
KOTAKBANK,-0.00757130408357182,15,-1.0
KOTAKBANK,-0.010247504544492147,14,-1.0
KOTAKBANK,-0.0013104894999274412,14,-1.0
KOTAKBANK,0.0036784073709258914,8,-1.0
KOTAKBANK,0.0027437503302922958,7,1.0
KOTAKBANK,0.0032528131686548325,11,-1.0
KOTAKBANK,0.0022213921096748074,4,1.0
KOTAKBANK,-0.01897748603961389,19,-1.0
KOTAKBANK,0.006543679204935253,2,-1.0
KOTAKBANK,0.0009220829878391578,7,1.0
KOTAKBANK,0.002876734584413531,3,1.0
KOTAKBANK,0.004073334246241403,4,1.0
KOTAKBANK,0.007051058358928949,1,1.0
KOTAKBANK,0.004688467280174653,5,-1.0
KOTAKBANK,-0.0020097687007035875,17,1.0
KOTAKBANK,-0.005014950257903071,13,-1.0
KOTAKBANK,0.0011759458568675492,9,1.0
KOTAKBANK,0.0032177663761609695,4,-1.0
KOTAKBANK,0.004421727360381399,5,-1.0
KOTAKBANK,0.003724177577589507,2,-1.0
KOTAKBANK,-0.013173514072366306,15,1.0
KOTAKBANK,0.009071276211436387,1,1.0
KOTAKBANK,0.00661927654545717,2,-1.0
KOTAKBANK,0.001105524921434909,7,-1.0
KOTAKBANK,-0.02034863777304477,17,1.0
KOTAKBANK,-0.03381392807986822,19,-1.0
KOTAKBANK,0.010382836975290069,10,1.0
KOTAKBANK,0.003863890577166824,3,1.0
KOTAKBANK,0.004446539980785012,1,1.0
KOTAKBANK,-0.015100340579286458,16,-1.0
KOTAKBANK,-0.00791195314388813,11,-1.0
KOTAKBANK,0.0022232776454684726,9,-1.0
KOTAKBANK,0.014066241028655247,4,1.0
KOTAKBANK,0.004707619832267042,7,1.0
KOTAKBANK,0.002681635756865687,4,1.0
KOTAKBANK,0.00039194134450633305,10,1.0
KOTAKBANK,0.012775048141659851,5,-1.0
KOTAKBANK,0.003410868944400569,6,-1.0
KOTAKBANK,0.006148112190884674,3,-1.0
KOTAKBANK,-0.04181724637430632,14,-1.0
KOTAKBANK,0.0026815993705710207,7,-1.0
KOTAKBANK,-0.014033722219222475,13,1.0
KOTAKBANK,0.007267067447057923,1,1.0
KOTAKBANK,0.006135539871328818,3,1.0
KOTAKBANK,0.007327742781000874,2,1.0
KOTAKBANK,-0.051240779700749715,30,-1.0
KOTAKBANK,0.003626023612111458,8,1.0
KOTAKBANK,0.0028963652884752304,9,-1.0
KOTAKBANK,0.008014916436243092,9,-1.0
KOTAKBANK,-0.018645299338751684,14,1.0
KOTAKBANK,0.00577325856101144,6,-1.0
KOTAKBANK,-0.010014892851163533,11,1.0
KOTAKBANK,0.01593388944657532,8,-1.0
KOTAKBANK,0.009313860595750963,1,1.0
KOTAKBANK,0.006897614954611158,3,-1.0
KOTAKBANK,0.006973015262671053,2,1.0
KOTAKBANK,-0.009010512911170785,9,-1.0
KOTAKBANK,0.013675494776517411,6,1.0
KOTAKBANK,0.013136238161414179,4,1.0
KOTAKBANK,0.008245336671516943,3,1.0
KOTAKBANK,0.005597860672352794,7,-1.0
KOTAKBANK,-0.02063685659443936,17,1.0
KOTAKBANK,0.007414192543693695,4,-1.0
KOTAKBANK,-0.002644392076030966,12,-1.0
KOTAKBANK,0.004503560473566909,7,-1.0
KOTAKBANK,0.006611261174342119,8,1.0
KOTAKBANK,0.018963148332823934,1,-1.0
KOTAKBANK,0.018596246109982208,1,1.0
KOTAKBANK,0.006752161747846679,1,-1.0
KOTAKBANK,0.006620738474438748,3,-1.0
KOTAKBANK,-0.011289855072639247,12,-1.0
KOTAKBANK,0.0028384057824221614,9,-1.0
KOTAKBANK,0.01426687530091829,2,1.0
KOTAKBANK,-0.009592320666394354,16,-1.0
KOTAKBANK,0.004922557460247848,1,1.0
KOTAKBANK,0.004941944975037506,1,-1.0
KOTAKBANK,0.003465119311230648,3,1.0
KOTAKBANK,0.009299474793434185,3,1.0
KOTAKBANK,-0.04674562565929853,21,1.0
KOTAKBANK,0.008430737810704666,3,-1.0
KOTAKBANK,-0.022708699656774134,19,-1.0
KOTAKBANK,0.0035984624534426326,7,1.0
KOTAKBANK,-0.04787931533312387,30,-1.0
KOTAKBANK,-0.021831740082391287,24,-1.0
KOTAKBANK,0.004474354330895326,3,1.0
KOTAKBANK,0.003584116803129908,4,-1.0
KOTAKBANK,0.006271803326581343,2,-1.0
KOTAKBANK,0.0030700715362136826,3,1.0
KOTAKBANK,0.004724269560678174,1,1.0
KOTAKBANK,-0.006037969247645201,8,-1.0
KOTAKBANK,0.023204519847069685,7,1.0
KOTAKBANK,0.005094255091168312,5,-1.0
KOTAKBANK,0.005819266481767231,7,-1.0
KOTAKBANK,0.003582453761756918,7,-1.0
KOTAKBANK,0.005701416627368297,7,1.0
KOTAKBANK,0.009610892064630935,3,-1.0
KOTAKBANK,0.0045738183735837094,1,1.0
KOTAKBANK,0.002251016713071175,5,-1.0
KOTAKBANK,0.011911856476660094,1,-1.0
KOTAKBANK,0.012023941432755019,1,1.0
KOTAKBANK,0.0036826521878657566,6,-1.0
KOTAKBANK,-0.056222438471193695,40,1.0
KOTAKBANK,0.0014288142693923815,13,-1.0
KOTAKBANK,0.0054026294087571,1,-1.0
KOTAKBANK,-0.0050016219722580834,7,-1.0
KOTAKBANK,-0.0023637446827748615,11,-1.0
KOTAKBANK,0.002616619025626163,3,1.0
KOTAKBANK,-0.001867317374457127,7,1.0
KOTAKBANK,0.006099751537682303,2,-1.0
KOTAKBANK,0.004317952622190293,5,-1.0
KOTAKBANK,0.0035926261478403717,7,-1.0
KOTAKBANK,-0.006548871315105294,12,-1.0
KOTAKBANK,0.0033109165761482195,7,1.0
KOTAKBANK,0.003168265506871356,2,1.0
KOTAKBANK,0.0011284017704861528,6,-1.0
KOTAKBANK,-0.006782332436188013,14,1.0
KOTAKBANK,-0.0030184634593267193,14,1.0
KOTAKBANK,0.002949486500516153,1,-1.0
KOTAKBANK,0.0026068678159576375,2,1.0
KOTAKBANK,0.001965564482066267,4,1.0
KOTAKBANK,-0.0041372775010667575,8,1.0
KOTAKBANK,-0.005074537547976961,10,1.0
KOTAKBANK,0.004059528474636353,5,-1.0
KOTAKBANK,9.022111221195184e-05,14,1.0
KOTAKBANK,-0.016616298023900192,22,1.0
KOTAKBANK,0.0005555169529688944,5,-1.0
KOTAKBANK,-0.0045147695506246996,14,1.0
KOTAKBANK,0.0047862141256101295,1,1.0
KOTAKBANK,-0.002719374765418214,10,-1.0
BHARTIARTL,0.008798296558554916,3,-1.0
BHARTIARTL,0.007205484845561957,4,-1.0
BHARTIARTL,-0.011162029979331536,15,1.0
BHARTIARTL,0.006772282028650722,2,1.0
BHARTIARTL,0.0031959146862378354,8,-1.0
BHARTIARTL,0.008182824859879916,1,-1.0
BHARTIARTL,-0.027682797102114243,19,-1.0
BHARTIARTL,0.005300395443936984,3,1.0
BHARTIARTL,0.0074562755698805,1,-1.0
BHARTIARTL,0.004007191356067095,4,-1.0
BHARTIARTL,0.012877796680109412,1,1.0
BHARTIARTL,0.004020541004129288,6,-1.0
BHARTIARTL,0.006085551605725281,2,1.0
BHARTIARTL,0.008432582641790814,1,-1.0
BHARTIARTL,0.0037842892078014173,5,1.0
BHARTIARTL,0.01077466512443878,3,-1.0
BHARTIARTL,0.00942144797999028,1,1.0
BHARTIARTL,-0.0015110352491087078,8,-1.0
BHARTIARTL,0.009685418014223363,7,1.0
BHARTIARTL,-0.03206774220724453,17,-1.0
BHARTIARTL,0.009319685171987202,6,-1.0
BHARTIARTL,0.013608987054848871,1,-1.0
BHARTIARTL,0.005311245600281339,4,-1.0
BHARTIARTL,0.00941437744114848,2,1.0
BHARTIARTL,0.011796455032838885,1,-1.0
BHARTIARTL,0.006340907542795455,3,1.0
BHARTIARTL,0.006428576536105288,3,1.0
BHARTIARTL,0.006726694962722195,1,-1.0
BHARTIARTL,0.006030026237785878,1,1.0
BHARTIARTL,0.005892595653430958,2,1.0
BHARTIARTL,-0.005549465669080875,13,1.0
BHARTIARTL,-0.021338398563099683,22,-1.0
BHARTIARTL,0.007128258066926048,3,1.0
BHARTIARTL,0.005054241179119433,5,1.0
BHARTIARTL,-0.0446190245923398,28,1.0
BHARTIARTL,0.005690016526804831,10,1.0
BHARTIARTL,0.006833936619785218,2,1.0
BHARTIARTL,-0.3193309400495479,68,-1.0
BHARTIARTL,-0.008730887980055793,16,1.0
BHARTIARTL,0.015103985498351522,4,-1.0
BHARTIARTL,0.008385271407148431,5,-1.0
BHARTIARTL,0.005171026141222504,5,1.0
BHARTIARTL,-0.0022688603088698665,9,1.0
BHARTIARTL,0.017409963453456988,1,1.0
BHARTIARTL,0.010826392416525712,4,-1.0
BHARTIARTL,0.0029864755323943536,10,-1.0
BHARTIARTL,-0.0026624683708260984,9,-1.0
BHARTIARTL,0.01821148720860214,1,1.0
BHARTIARTL,0.005816104663697493,2,1.0
BHARTIARTL,-0.0003211441980590262,7,1.0
BHARTIARTL,-0.0029180557783200726,7,-1.0
BHARTIARTL,0.011522960352520957,11,1.0
BHARTIARTL,0.009462876206129076,2,1.0
BHARTIARTL,-0.0045963058416476,12,1.0
BHARTIARTL,0.01467961717541262,4,-1.0
BHARTIARTL,-0.008846046346812934,10,1.0
BHARTIARTL,0.004684775787902814,2,1.0
BHARTIARTL,-0.0018245595529083043,9,-1.0
BHARTIARTL,0.00863548142807879,5,-1.0
BHARTIARTL,0.005193673649456114,4,-1.0
BHARTIARTL,0.00613978399286511,5,-1.0
BHARTIARTL,0.029252015042897636,3,1.0
BHARTIARTL,-0.024292640833617287,17,-1.0
BHARTIARTL,0.01410879664025447,3,-1.0
BHARTIARTL,-0.024855346628729104,19,1.0
BHARTIARTL,0.01485043828126874,4,-1.0
BHARTIARTL,0.0008672502385506672,11,1.0
BHARTIARTL,-0.045295643293608086,30,-1.0
BHARTIARTL,0.0036620967769293022,5,-1.0
BHARTIARTL,0.0026791302049489515,7,-1.0
BHARTIARTL,-0.057458150709298585,38,1.0
BHARTIARTL,0.011280695880964186,7,-1.0
BHARTIARTL,0.007073252321434058,1,-1.0
BHARTIARTL,0.006944823028885459,2,-1.0
BHARTIARTL,0.008140421108819176,1,1.0
BHARTIARTL,0.00692168598816204,3,-1.0
BHARTIARTL,-0.004334751173023671,10,1.0
BHARTIARTL,0.01738889603197808,9,-1.0
BHARTIARTL,0.0008444478184071367,9,-1.0
BHARTIARTL,0.022051321066895797,7,1.0
BHARTIARTL,0.007250795747822575,2,1.0
BHARTIARTL,0.009247206568776948,2,1.0
BHARTIARTL,0.004597261946032283,4,1.0
BHARTIARTL,0.008005701456014801,1,-1.0
BHARTIARTL,0.005995570396766998,5,-1.0
BHARTIARTL,-0.00025191275396472667,8,-1.0
BHARTIARTL,0.01047237480966058,1,1.0
BHARTIARTL,0.009286309130109228,2,1.0
BHARTIARTL,0.012484130624179591,2,-1.0
BHARTIARTL,0.007102702096580658,8,1.0
BHARTIARTL,0.0050284987550756,9,1.0
BHARTIARTL,0.003444367351096702,1,-1.0
BHARTIARTL,0.00032632446691234664,6,-1.0
BHARTIARTL,0.00883752094056948,1,1.0
BHARTIARTL,-0.05038646116105586,23,1.0
BHARTIARTL,-0.0033062023139959667,10,-1.0
BHARTIARTL,0.019524373021361348,7,-1.0
BHARTIARTL,-0.038042398129110484,16,-1.0
BHARTIARTL,0.00634352308563732,6,1.0
BHARTIARTL,0.012003773213296045,1,-1.0
BHARTIARTL,0.008233254246624388,1,-1.0
BHARTIARTL,0.005994046195216848,3,-1.0
BHARTIARTL,0.006278130594977258,2,1.0
BHARTIARTL,0.006960169070466686,1,-1.0
BHARTIARTL,0.00680522436371086,1,1.0
BHARTIARTL,-0.01641784262096207,18,-1.0
BHARTIARTL,0.005486846013322228,3,-1.0
BHARTIARTL,0.003499234626502552,3,-1.0
BHARTIARTL,0.0020732061009083634,7,-1.0
BHARTIARTL,-0.006229595400480663,13,1.0
BHARTIARTL,-0.008504816935442094,12,-1.0
BHARTIARTL,0.005726745863000351,12,1.0
BHARTIARTL,0.019373729090743055,1,-1.0
BHARTIARTL,0.010845588788946538,3,-1.0
BHARTIARTL,0.00014860642384895232,10,1.0
BHARTIARTL,-0.01276014734490235,12,1.0
BHARTIARTL,0.011912821828048962,4,1.0
BHARTIARTL,0.013754992943736461,1,-1.0
BHARTIARTL,-0.021933178210419242,9,-1.0
BHARTIARTL,-0.0016799174983288586,14,1.0
BHARTIARTL,0.0004234615469800005,9,-1.0
BHARTIARTL,0.015288964193817913,1,1.0
BHARTIARTL,-0.051037156882721584,29,1.0
BHARTIARTL,-0.033527092457024586,22,-1.0
BHARTIARTL,0.008365764581674626,4,-1.0
BHARTIARTL,0.013246492511605364,1,-1.0
BHARTIARTL,-0.006018817362917385,10,1.0
BHARTIARTL,0.022323561234522147,2,1.0
BHARTIARTL,0.011059229397299824,8,-1.0
BHARTIARTL,0.0075736431252314195,3,1.0
BHARTIARTL,0.01133870872562984,1,-1.0
BHARTIARTL,0.009487236958122397,3,1.0
BHARTIARTL,0.009732796885567833,4,1.0
BHARTIARTL,0.015163706089839005,3,-1.0
BHARTIARTL,-0.0326550533375593,31,-1.0
BHARTIARTL,0.007240919089487224,5,1.0
BHARTIARTL,0.0121562525897161,2,1.0
BHARTIARTL,0.006283924476767216,7,-1.0
BHARTIARTL,-0.06517546842279742,28,1.0
BHARTIARTL,0.010690372577940524,5,-1.0
BHARTIARTL,0.01585981835031638,1,1.0
BHARTIARTL,0.008946503152842077,4,-1.0
BHARTIARTL,0.01918333957939932,2,1.0
BHARTIARTL,0.006943281192372252,7,-1.0
BHARTIARTL,0.008908338208760485,2,-1.0
BHARTIARTL,0.00748090501097311,2,1.0
BHARTIARTL,0.0050767400045225106,1,1.0
BHARTIARTL,-0.018832299568191116,11,1.0
BHARTIARTL,-0.00028017248672733603,5,-1.0
BHARTIARTL,-0.007244095679247513,15,-1.0
BHARTIARTL,0.007307330959552117,1,-1.0
BHARTIARTL,0.006404834842772661,4,-1.0
BHARTIARTL,-0.014696560243054721,14,1.0
BHARTIARTL,0.008050321694422088,1,-1.0
BHARTIARTL,0.007601265752935579,1,-1.0
BHARTIARTL,-0.09527929342111646,19,-1.0
BHARTIARTL,0.01024578891031708,6,1.0
BHARTIARTL,-0.00025221810631589957,8,1.0
BHARTIARTL,-0.05447418241351087,27,-1.0
BHARTIARTL,0.015138282955825385,3,1.0
BHARTIARTL,0.013648711656204054,4,1.0
BHARTIARTL,0.016834437418765055,2,-1.0
BHARTIARTL,0.01334869637814438,2,-1.0
BHARTIARTL,0.01724505306788259,2,1.0
BHARTIARTL,0.019581271804585056,2,-1.0
BHARTIARTL,-0.008467780217173124,13,1.0
BHARTIARTL,0.00659657509823709,11,-1.0
BHARTIARTL,0.011450176241773604,2,-1.0
BHARTIARTL,-0.013208864362616295,18,-1.0
BHARTIARTL,0.003987430016215836,7,1.0
BHARTIARTL,0.012028483352671562,4,-1.0
BHARTIARTL,0.009205497401165066,8,-1.0
BHARTIARTL,-0.012042180629692072,13,1.0
BHARTIARTL,0.01249032541566898,3,1.0
BHARTIARTL,0.008843878022395047,6,-1.0
BHARTIARTL,0.006238868055091373,1,-1.0
BHARTIARTL,0.005718362632247403,1,-1.0
BHARTIARTL,0.006664591963195539,1,1.0
BHARTIARTL,0.00296379248142884,5,1.0
BHARTIARTL,0.010532589798147427,1,-1.0
BHARTIARTL,0.0017464085027035674,7,-1.0
BHARTIARTL,-0.016589890136715753,14,-1.0
BHARTIARTL,0.01782819885736182,4,1.0
BHARTIARTL,0.006086292530100369,6,1.0
BHARTIARTL,-0.0031142676576223576,12,1.0
BHARTIARTL,-0.01598087582721882,13,-1.0
BHARTIARTL,-0.003316462796910883,14,1.0
BHARTIARTL,0.009161864560000026,1,1.0
BHARTIARTL,0.007817826269535486,1,-1.0
BHARTIARTL,0.010067932383840674,1,1.0
BHARTIARTL,0.007062578072506444,4,-1.0
BHARTIARTL,0.0003362156299625497,13,1.0
BHARTIARTL,0.01264625000853121,2,1.0
BHARTIARTL,0.007767499519163531,1,-1.0
BHARTIARTL,0.008071227486354554,2,1.0
BHARTIARTL,0.004932499078311458,3,1.0
BHARTIARTL,-0.011524463269928491,18,-1.0
BHARTIARTL,-0.004356640353191212,13,1.0
BHARTIARTL,0.006127383150306674,5,1.0
BHARTIARTL,-0.018564471886375406,12,-1.0
BHARTIARTL,0.006019746815289901,7,1.0
BHARTIARTL,0.00157084549193173,6,-1.0
BHARTIARTL,0.005337483971545953,5,-1.0
BHARTIARTL,0.011180028073332184,9,1.0
BHARTIARTL,-0.09860304332436215,27,-1.0
BHARTIARTL,0.025580556577300927,5,1.0
BHARTIARTL,-0.00013938179191925256,8,-1.0
BHARTIARTL,0.007389589924395849,6,-1.0
BHARTIARTL,0.003869922846480512,12,1.0
BHARTIARTL,0.006297079573402267,1,1.0
BHARTIARTL,-0.005910870587325573,7,1.0
BHARTIARTL,-0.14167162932903596,28,-1.0
BHARTIARTL,0.009054101432737091,8,1.0
BHARTIARTL,-0.03674646036928775,29,1.0
BHARTIARTL,0.010339737135178152,9,-1.0
BHARTIARTL,0.008505025703890801,3,-1.0
BHARTIARTL,0.011920144404671347,1,1.0
BHARTIARTL,0.0016891852921703083,12,-1.0
BHARTIARTL,0.009511856546120396,4,1.0
BHARTIARTL,0.005372010622138987,1,1.0
BHARTIARTL,-0.00011760354008120451,7,1.0
BHARTIARTL,-0.005337779501214289,14,-1.0
BHARTIARTL,0.007931018928007984,3,-1.0
BHARTIARTL,-0.06843022217747546,24,-1.0
BHARTIARTL,-0.002188177369752549,10,-1.0
BHARTIARTL,-0.041934299284377356,19,1.0
BHARTIARTL,0.008359338186038527,6,-1.0
BHARTIARTL,-0.07945191827414055,34,-1.0
BHARTIARTL,0.005396110054267564,3,1.0
BHARTIARTL,0.009028094555757905,1,-1.0
BHARTIARTL,-0.026171000440906218,13,-1.0
BHARTIARTL,-0.0025241824063160904,12,1.0
BHARTIARTL,0.037171484051856656,3,1.0
BHARTIARTL,0.004674851188892781,11,1.0
BHARTIARTL,-0.13002673675264945,32,-1.0
BHARTIARTL,0.009407944413918396,4,1.0
BHARTIARTL,-0.05490466951481219,20,-1.0
BHARTIARTL,0.01610521848229127,1,1.0
BHARTIARTL,-0.036228460600056384,16,-1.0
BHARTIARTL,0.003345745661809651,7,1.0
BHARTIARTL,0.012352668345090759,4,-1.0
BHARTIARTL,-0.027452099219498687,18,-1.0
BHARTIARTL,0.0036919950733057096,11,1.0
BHARTIARTL,-0.006126727447832016,11,1.0
BHARTIARTL,0.01069414486276098,7,-1.0
BHARTIARTL,0.00822724340881174,7,1.0
BHARTIARTL,0.010430634177715756,2,-1.0
BHARTIARTL,-0.012533207067283484,16,-1.0
BHARTIARTL,-0.0007820605209084006,10,1.0
BHARTIARTL,0.009151366034261898,4,-1.0
BHARTIARTL,0.008782380262718095,1,1.0
BHARTIARTL,-0.006606771161067222,14,1.0
BHARTIARTL,0.017350692206579192,2,-1.0
BHARTIARTL,0.009398511475539125,2,-1.0
BHARTIARTL,0.003841208345595053,7,1.0
BHARTIARTL,0.003547249905014974,6,-1.0
BHARTIARTL,0.008552283299767222,2,-1.0
BHARTIARTL,0.0062706493950509075,3,-1.0
BHARTIARTL,0.004659349617265484,7,1.0
BHARTIARTL,-0.0428052036446072,28,1.0
BHARTIARTL,-0.025144048496292655,13,-1.0
BHARTIARTL,-0.021122085943730277,19,1.0
BHARTIARTL,0.020851058892902546,1,-1.0
BHARTIARTL,0.02051137314894954,3,1.0
BHARTIARTL,-0.05165506430263341,15,1.0
BHARTIARTL,0.006691203254866677,5,1.0
BHARTIARTL,0.008068622341088065,2,-1.0
BHARTIARTL,0.009384085171351449,1,-1.0
BHARTIARTL,0.005560571258085958,4,1.0
BHARTIARTL,-0.022599085566101795,21,1.0
BHARTIARTL,0.006122315015692676,7,-1.0
BHARTIARTL,-0.042207410660157395,22,-1.0
BHARTIARTL,0.006679071765697168,7,1.0
BHARTIARTL,0.009704208806130023,1,1.0
BHARTIARTL,-0.01376034825481835,13,-1.0
BHARTIARTL,-0.033924923753707203,21,-1.0
BHARTIARTL,0.007528821457296019,1,1.0
BHARTIARTL,0.006243443619004416,1,-1.0
BHARTIARTL,0.006882312891129677,1,-1.0
BHARTIARTL,0.008151680312579767,1,1.0
BHARTIARTL,0.007930087020643321,1,-1.0
BHARTIARTL,0.006584630812107415,1,1.0
BHARTIARTL,-0.008268676314176597,13,-1.0
BHARTIARTL,-0.003970532003608244,8,1.0
BHARTIARTL,0.011249407182464076,7,-1.0
BHARTIARTL,-0.005665443134495026,17,1.0
BHARTIARTL,0.01035202420336568,8,-1.0
BHARTIARTL,-0.06503465086670765,29,-1.0
BHARTIARTL,0.020945303329381836,3,1.0
BHARTIARTL,-0.00018940486299736902,8,1.0
BHARTIARTL,0.002634794274014416,6,1.0
BHARTIARTL,-0.009465867159039866,11,-1.0
BHARTIARTL,0.009569024322093937,8,1.0
BHARTIARTL,0.021379589032668345,3,1.0
BHARTIARTL,0.00928209959146732,3,1.0
BHARTIARTL,-0.010952536572581112,9,1.0
BHARTIARTL,0.00644157310488749,1,1.0
BHARTIARTL,0.0073217732723686564,1,-1.0
BHARTIARTL,0.007977986465287959,1,1.0
BHARTIARTL,-0.02962151936693098,21,-1.0
BHARTIARTL,0.009088396779925253,2,1.0
BHARTIARTL,-0.013403769439751068,18,-1.0
BHARTIARTL,-0.03723269558884526,23,1.0
BHARTIARTL,0.003429345995248012,2,-1.0
BHARTIARTL,-0.0005223408656051214,7,-1.0
BHARTIARTL,-0.0013040297522744528,6,-1.0
BHARTIARTL,0.003603017912875238,7,1.0
BHARTIARTL,0.005437331074150901,6,1.0
BHARTIARTL,-0.0055994762502794455,9,1.0
BHARTIARTL,0.014956620391732425,5,-1.0
BHARTIARTL,-0.0014328257074091248,9,1.0
BHARTIARTL,0.002267710476653488,8,1.0
BHARTIARTL,0.0029461673502450846,8,1.0
BHARTIARTL,0.007894228895589205,1,-1.0
BHARTIARTL,0.0038162417864621347,10,-1.0
BHARTIARTL,0.003161711368288091,5,-1.0
BHARTIARTL,0.005249994306087941,5,1.0
BHARTIARTL,0.0016062431013101769,6,1.0
BHARTIARTL,-0.006749725399431587,11,-1.0
BHARTIARTL,0.010190342263600865,10,-1.0
BHARTIARTL,0.01590436384313504,1,1.0
BHARTIARTL,-0.010814586769354992,9,1.0
BHARTIARTL,-0.08658795734990458,23,-1.0
BHARTIARTL,0.013130888067143616,1,1.0
BHARTIARTL,0.005845136000446253,8,-1.0
BHARTIARTL,-0.04830308020989956,29,-1.0
BHARTIARTL,0.004553156326713437,1,-1.0
BHARTIARTL,0.004029370541765369,1,-1.0
BHARTIARTL,0.0030944770042788602,1,1.0
BHARTIARTL,-0.0004464411995951619,6,-1.0
BHARTIARTL,-0.01592422975662893,13,1.0
BHARTIARTL,0.015313568009837382,1,1.0
BHARTIARTL,0.014245779609171505,2,1.0
BHARTIARTL,0.001982151039159025,14,-1.0
BHARTIARTL,0.011366544404967602,1,1.0
BHARTIARTL,-0.010073695177379606,11,-1.0
BHARTIARTL,0.010836420643724183,3,-1.0
BHARTIARTL,-0.012197404573545371,16,1.0
BHARTIARTL,-0.018160885522814463,19,-1.0
BHARTIARTL,-0.007348888309641077,13,1.0
BHARTIARTL,-0.010193771083672485,13,1.0
BHARTIARTL,-0.06323635913534985,40,1.0
BHARTIARTL,0.0052115312834502174,2,-1.0
BHARTIARTL,0.0019082186141625116,6,-1.0
BHARTIARTL,0.0013685369287402122,7,-1.0
BHARTIARTL,-0.0018520540025881325,9,-1.0
BHARTIARTL,0.004065301638708755,4,1.0
BHARTIARTL,0.008485220445503813,1,-1.0
BHARTIARTL,-0.015722077250803553,12,-1.0
BHARTIARTL,0.00623923518703816,6,1.0
BHARTIARTL,0.010143126044962439,4,1.0
BHARTIARTL,0.01501957523861579,5,-1.0
BHARTIARTL,-0.0028588779112861907,10,-1.0
BHARTIARTL,0.004737389683266244,1,1.0
BHARTIARTL,-0.004585288457071955,7,1.0
BHARTIARTL,0.01118438724167232,4,1.0
BHARTIARTL,0.013570422760212605,4,-1.0
BHARTIARTL,0.012339652372144348,3,-1.0
BHARTIARTL,-0.007400452244772463,9,1.0
BHARTIARTL,0.009310659299305484,10,-1.0
BHARTIARTL,0.008314064604632344,3,1.0
BHARTIARTL,-0.0076670265165841465,10,1.0
BHARTIARTL,0.0002744098357054823,7,1.0
BHARTIARTL,0.0057072010801055,3,-1.0
BHARTIARTL,-0.013297507767176553,17,-1.0
BHARTIARTL,0.010006146106274157,5,1.0
BHARTIARTL,-0.04769469415627247,19,-1.0
BHARTIARTL,0.008673389507049906,3,1.0
BHARTIARTL,-0.0012351078812757096,11,1.0
BHARTIARTL,0.009236266646346853,9,-1.0
BHARTIARTL,0.0040061361574737,3,1.0
BHARTIARTL,-0.00727160917137313,14,-1.0
BHARTIARTL,0.005808913193016698,2,-1.0
BHARTIARTL,-0.03717805550158191,33,1.0
BHARTIARTL,-5.360088903222718e-05,11,-1.0
BHARTIARTL,0.0029392964254920098,5,1.0
BHARTIARTL,-0.0064853873739622765,18,1.0
BHARTIARTL,0.009845608837303933,1,1.0
BHARTIARTL,-0.0004347901976886015,8,1.0
BHARTIARTL,0.008589342151444811,2,1.0
BHARTIARTL,0.008093104978399126,1,-1.0
BHARTIARTL,0.0048442155641026715,5,-1.0
BHARTIARTL,-0.03417645927644949,19,1.0
BHARTIARTL,-0.030627195240954707,28,-1.0
BHARTIARTL,0.012434273325357355,7,1.0
BHARTIARTL,-0.005537320850591869,13,-1.0
BHARTIARTL,0.00518038409614729,4,1.0
BHARTIARTL,-0.00270854023710823,8,-1.0
BHARTIARTL,0.01684193709109693,3,1.0
BHARTIARTL,0.0067449108257776795,7,-1.0
BHARTIARTL,-0.008240098248779417,7,-1.0
BHARTIARTL,0.003555014097466264,13,-1.0
BHARTIARTL,0.0009509645111271043,8,-1.0
BHARTIARTL,-0.016650357186219815,21,1.0
BHARTIARTL,-0.006132806451340409,16,1.0
BHARTIARTL,-0.005796507266584005,11,-1.0
BHARTIARTL,0.0029468115129640585,7,-1.0
BHARTIARTL,0.00882416140685987,6,-1.0
BHARTIARTL,0.01503097355809889,3,1.0
BHARTIARTL,0.006905838160877007,1,-1.0
BHARTIARTL,-0.0019489566413843213,10,-1.0
BHARTIARTL,0.007705364566709721,2,-1.0
BHARTIARTL,0.0027561502502217727,8,-1.0
BHARTIARTL,0.008995518418100838,6,-1.0
BHARTIARTL,0.005105963590317439,4,1.0
BHARTIARTL,0.009276457599720695,1,-1.0
BHARTIARTL,0.005591194956015425,1,-1.0
BHARTIARTL,0.004799940653457949,5,1.0
BHARTIARTL,0.0078623235295072,1,1.0
BHARTIARTL,0.006540226828093947,4,-1.0
BHARTIARTL,0.0074211448972190475,2,-1.0
BHARTIARTL,0.005703347129660353,1,-1.0
BHARTIARTL,-0.0016255857297044303,10,1.0
BHARTIARTL,0.008613848742558237,1,1.0
BHARTIARTL,0.009147750439075257,3,1.0
BHARTIARTL,0.008568019955338286,4,-1.0
BHARTIARTL,0.011656744194660685,4,1.0
BHARTIARTL,0.0036898056235403374,4,-1.0
BHARTIARTL,0.008868028072647135,1,1.0
BHARTIARTL,-0.00025382737940069856,8,-1.0
BHARTIARTL,0.009454931768504315,2,-1.0
BHARTIARTL,-0.004238789595440447,11,1.0
SBIN,-0.032799193041180986,26,-1.0
SBIN,0.003253518023217841,6,1.0
SBIN,0.00243694836453757,4,-1.0
SBIN,-0.013176225907062376,21,1.0
SBIN,0.0064171420758870525,6,-1.0
SBIN,0.01060336289156506,1,-1.0
SBIN,0.0024904751830596857,6,1.0
SBIN,0.004746064194861443,9,-1.0
SBIN,-0.011652936334170996,14,-1.0
SBIN,0.006819700840068544,3,1.0
SBIN,0.004807709304939102,5,-1.0
SBIN,0.005962921315738786,5,-1.0
SBIN,-0.00933079238618745,11,-1.0
SBIN,0.012321858360415218,1,1.0
SBIN,-0.05076199855804238,25,1.0
SBIN,0.004234789545611945,2,1.0
SBIN,-0.0003204607339823691,7,1.0
SBIN,0.0051291892887801605,1,-1.0
SBIN,0.0009436467137102446,7,-1.0
SBIN,-0.009190957888254315,20,-1.0
SBIN,0.009317745573883547,1,1.0
SBIN,-0.048382257456646816,28,1.0
SBIN,-0.009515845750468344,20,-1.0
SBIN,0.00831714041236411,3,-1.0
SBIN,0.0026617692693516764,7,-1.0
SBIN,0.009059376821750608,4,1.0
SBIN,-0.04801737325702617,16,1.0
SBIN,-0.003442521015665742,13,1.0
SBIN,-0.004809335617745565,13,1.0
SBIN,0.00488503157550997,5,-1.0
SBIN,0.003550144120956565,7,1.0
SBIN,-0.0040511130696975,11,1.0
SBIN,-0.02568969828134301,18,1.0
SBIN,-0.0025418120476995215,11,1.0
SBIN,0.005223104052152775,3,1.0
SBIN,-0.0047953598491514695,10,-1.0
SBIN,0.002889639428568221,1,-1.0
SBIN,-0.012525001335608554,13,1.0
SBIN,-0.015672195401012185,13,1.0
SBIN,-0.2477501243065779,21,-1.0
SBIN,-0.004824074541719088,10,-1.0
SBIN,0.01469070267492095,2,1.0
SBIN,0.0163086980193809,4,-1.0
SBIN,0.006685099655848146,4,1.0
SBIN,-0.04451642420365126,26,1.0
SBIN,-0.010197688816608541,16,1.0
SBIN,-0.007277028963045385,18,1.0
SBIN,0.002856686275084758,2,-1.0
SBIN,-0.004760086927116567,8,1.0
SBIN,0.0038799487514126606,8,-1.0
SBIN,-0.021217799004273813,14,-1.0
SBIN,-0.004456327885726193,13,1.0
SBIN,0.01677705319177232,3,-1.0
SBIN,-0.0703083207587471,37,1.0
SBIN,-0.009029553682556668,12,1.0
SBIN,-0.02913943104413793,12,1.0
SBIN,0.009286542818832098,4,-1.0
SBIN,-0.0010844336282760292,11,1.0
SBIN,-0.02617247795699988,16,1.0
SBIN,-0.003389301959727982,12,-1.0
SBIN,0.017243778761727706,2,1.0
SBIN,-0.009489995942151356,14,1.0
SBIN,0.0003395135307744462,13,-1.0
SBIN,0.013511863114115575,7,1.0
SBIN,-0.014429283201140262,14,-1.0
SBIN,0.011947930096030073,3,1.0
SBIN,-0.08148493062046062,20,-1.0
SBIN,-0.005997173705492603,13,-1.0
SBIN,0.002030350527575246,11,1.0
SBIN,0.004545379450570306,6,1.0
SBIN,0.010244971078788195,1,1.0
SBIN,-0.015136402855515397,14,1.0
SBIN,0.007659873010807428,1,-1.0
SBIN,-0.11996683818713116,41,-1.0
SBIN,0.008708991143116594,2,1.0
SBIN,-0.020787083861487227,16,-1.0
SBIN,0.00718387252472136,6,-1.0
SBIN,0.008385424171209615,5,-1.0
SBIN,-0.016360210941912454,15,1.0
SBIN,-0.0025213107677966467,10,1.0
SBIN,0.007605290283742229,4,-1.0
SBIN,-0.003480145190269721,9,-1.0
SBIN,0.017946569453440947,7,1.0
SBIN,0.008105343329140006,7,1.0
SBIN,-0.011455412820087715,17,1.0
SBIN,-0.10104603047960987,32,-1.0
SBIN,0.005665592323367598,7,-1.0
SBIN,0.011062971172886248,2,1.0
SBIN,-0.027712572606016526,26,1.0
SBIN,0.008480305444019306,1,1.0
SBIN,0.00865023375969811,1,-1.0
SBIN,-0.03500205364483477,21,-1.0
SBIN,0.005304590863655793,1,1.0
SBIN,-0.020374210830203337,13,-1.0
SBIN,0.009297588516883181,4,1.0
SBIN,0.009849615047093327,5,-1.0
SBIN,-0.00033477544823361135,5,-1.0
SBIN,0.013828293685111343,3,1.0
SBIN,0.015299688911676735,5,-1.0
SBIN,0.0013110013818733333,7,-1.0
SBIN,0.003645629838157885,4,1.0
SBIN,0.004099271051521689,6,-1.0
SBIN,-0.024482693135372602,26,1.0
SBIN,0.014114654781601031,3,1.0
SBIN,-0.06011221722918083,36,1.0
SBIN,0.00052564089277018,7,1.0
SBIN,-0.018423470297449597,19,-1.0
SBIN,0.010737333550088204,4,1.0
SBIN,0.0053423377014922505,6,-1.0
SBIN,-0.00045792187387351296,11,1.0
SBIN,0.002072837171406772,7,1.0
SBIN,-0.057921354664418584,15,-1.0
SBIN,0.0077888832821621816,1,-1.0
SBIN,0.009407118953569908,1,-1.0
SBIN,-0.018868844939169217,14,1.0
SBIN,0.008604326045886155,3,1.0
SBIN,0.0022591255544536118,8,1.0
SBIN,0.010099324857864838,1,1.0
SBIN,0.009469114013318746,1,1.0
SBIN,-0.05072126873801604,43,-1.0
SBIN,-0.005927201280587175,16,-1.0
SBIN,0.007026569284507403,4,-1.0
SBIN,-0.009009557372001807,11,1.0
SBIN,0.0007274747667415254,10,-1.0
SBIN,-0.05368386224953395,33,1.0
SBIN,-0.02543920866824042,19,1.0
SBIN,0.013068917711105025,2,-1.0
SBIN,0.00870351041016409,1,1.0
SBIN,-0.027467914211804206,19,-1.0
SBIN,-0.015584779625877149,11,1.0
SBIN,0.017099314252335823,2,1.0
SBIN,0.019004441201228135,3,-1.0
SBIN,0.005684867892583346,5,-1.0
SBIN,-0.03490182633750089,18,-1.0
SBIN,-0.016339339047630626,24,-1.0
SBIN,-0.005155663664163677,10,-1.0
SBIN,-0.009434934683407932,10,-1.0
SBIN,0.016674100396571665,4,1.0
SBIN,0.01526799699402496,1,1.0
SBIN,0.008885367194714349,4,-1.0
SBIN,-0.032811517414390486,17,1.0
SBIN,0.009933751237526274,7,1.0
SBIN,-0.0015656722845318548,12,1.0
SBIN,0.004856503029758624,7,1.0
SBIN,-0.018948841357673687,21,1.0
SBIN,0.016610924315708684,3,1.0
SBIN,-0.00557500931307917,11,1.0
SBIN,0.016908789298929104,4,-1.0
SBIN,-0.004142234371561088,10,1.0
SBIN,-0.005365648639297531,11,-1.0
SBIN,-0.004355093909539565,11,-1.0
SBIN,-0.08863993710306728,27,1.0
SBIN,0.03173960431123682,3,1.0
SBIN,0.003836590204408418,7,1.0
SBIN,0.040925521885287655,3,-1.0
SBIN,0.017388923797906197,3,-1.0
SBIN,0.01938801009388655,4,1.0
SBIN,0.019736504361387897,2,-1.0
SBIN,0.010059478071577383,9,-1.0
SBIN,0.01821631089485264,8,1.0
SBIN,-0.0021206459757330577,14,1.0
SBIN,0.007480583127724494,6,1.0
SBIN,-0.01941447194740125,11,-1.0
SBIN,-0.05881878881228943,23,-1.0
SBIN,0.019715635954530946,5,1.0
SBIN,-0.0766832937970149,26,-1.0
SBIN,0.010681993878141593,5,1.0
SBIN,0.0020515735761254543,10,-1.0
SBIN,0.0027149248947290765,7,-1.0
SBIN,-0.02850187736057228,17,-1.0
SBIN,-0.026368042273200453,19,1.0
SBIN,-0.015105673266367022,15,-1.0
SBIN,0.01883458167778386,1,-1.0
SBIN,0.008374533692558245,3,-1.0
SBIN,-0.0010967251988308303,12,1.0
SBIN,0.005959255865220132,2,-1.0
SBIN,-0.0351878104391065,26,-1.0
SBIN,-0.010842000967893737,14,1.0
SBIN,0.01759339711879297,4,-1.0
SBIN,0.010910615476521014,5,-1.0
SBIN,-0.07597729080528834,30,-1.0
SBIN,-0.006135050945493293,16,1.0
SBIN,-0.021367002622722897,10,1.0
SBIN,0.01006610818824856,1,-1.0
SBIN,0.0034611845830122044,5,-1.0
SBIN,-0.011524612221205023,13,-1.0
SBIN,0.018945110013391456,5,1.0
SBIN,0.018847558934763746,3,-1.0
SBIN,0.013172303268959825,4,1.0
SBIN,-0.011802875967428714,18,-1.0
SBIN,0.011238036326144148,1,1.0
SBIN,-0.0511043817461541,26,1.0
SBIN,-0.03925052491338239,17,-1.0
SBIN,-0.03754450275592609,16,-1.0
SBIN,0.003087705965052078,9,-1.0
SBIN,-0.016007462196360168,10,-1.0
SBIN,-0.02255815085936053,19,-1.0
SBIN,0.009018567311384538,7,-1.0
SBIN,0.011322538528404216,1,1.0
SBIN,0.0022843383319820945,7,1.0
SBIN,-0.020483042563624796,11,1.0
SBIN,-0.0004943268100228685,11,-1.0
SBIN,0.00032911738631443457,4,-1.0
SBIN,0.0019631622028772645,10,-1.0
SBIN,0.004305846707170583,9,1.0
SBIN,-0.005850695467334824,13,-1.0
SBIN,0.007736979920564795,7,1.0
SBIN,0.01216323821673014,4,-1.0
SBIN,-0.05319044618841722,27,1.0
SBIN,-0.005614706832793719,14,-1.0
SBIN,0.03171731854511039,4,1.0
SBIN,0.007831487847426084,7,-1.0
SBIN,-0.0053521832129657925,7,-1.0
SBIN,0.007536524276776685,8,1.0
SBIN,0.01423917437920295,2,-1.0
SBIN,-0.0464094666458163,22,-1.0
SBIN,0.008703872603430045,5,1.0
SBIN,0.008468836011767374,4,-1.0
SBIN,0.009379820276124622,4,1.0
SBIN,-0.02216336476221486,18,1.0
SBIN,0.0037657577838055593,6,-1.0
SBIN,-0.010615246000113982,14,-1.0
SBIN,0.0035716824396612896,6,1.0
SBIN,0.0019506327573463858,3,-1.0
SBIN,-0.0020397357344543133,9,1.0
SBIN,-0.00018835624391315585,15,-1.0
SBIN,0.004854505391281876,2,-1.0
SBIN,0.001790688769731399,3,1.0
SBIN,0.006021333393623695,2,-1.0
SBIN,0.0038653268926613004,5,-1.0
SBIN,-0.037092150042308536,17,-1.0
SBIN,0.007610849370699107,8,-1.0
SBIN,0.011975270410598374,2,-1.0
SBIN,-0.0013938859322224326,8,-1.0
SBIN,-0.06231633775051003,31,-1.0
SBIN,-0.00019119002013212022,12,-1.0
SBIN,0.012928895135391581,5,-1.0
SBIN,-0.011837372299778657,14,1.0
SBIN,0.004482954184861727,5,-1.0
SBIN,-0.062401552948873826,26,1.0
SBIN,0.0006885926156627758,9,1.0
SBIN,-0.061131837593606825,31,-1.0
SBIN,0.018926140337233825,2,-1.0
SBIN,-0.027430884331545356,20,-1.0
SBIN,0.015576029967431683,2,1.0
SBIN,0.011267871684089527,6,-1.0
SBIN,-0.02192553774335056,11,1.0
SBIN,0.006495499964790322,2,1.0
SBIN,-0.020623504470711772,22,-1.0
SBIN,0.012096338819615951,3,1.0
SBIN,0.00677361592416014,3,1.0
SBIN,0.004269106591805197,7,-1.0
SBIN,-0.022355484769906276,18,-1.0
SBIN,-0.007236741026403292,14,1.0
SBIN,0.012889131693641047,5,-1.0
SBIN,0.007895530109565924,7,1.0
SBIN,0.010370399574334815,4,1.0
SBIN,-0.00014402354498227964,8,1.0
SBIN,-0.010963094627865896,19,-1.0
SBIN,0.0076104687900195684,3,1.0
SBIN,0.010560810931240935,2,1.0
SBIN,0.00832562383724746,2,-1.0
SBIN,-0.00214532595374959,9,1.0
SBIN,0.006804464875272579,6,-1.0
SBIN,-0.01876448538214347,14,1.0
SBIN,0.011330837564872086,2,-1.0
SBIN,0.010826054320851807,6,1.0
SBIN,0.007715086766409905,7,1.0
SBIN,0.009391562009960818,4,-1.0
SBIN,-0.012371487844175074,21,-1.0
SBIN,-0.00608534781683246,13,1.0
SBIN,-0.003055461024179972,10,-1.0
SBIN,0.00517199181537731,2,-1.0
SBIN,0.005959290688171425,2,-1.0
SBIN,-0.011706289857646466,15,1.0
SBIN,0.007334725658156911,1,-1.0
SBIN,0.005382227296442058,3,-1.0
SBIN,0.003567755885492037,7,1.0
SBIN,-0.017519465077617292,17,-1.0
SBIN,0.004512662228891696,1,-1.0
SBIN,-0.014480997917363885,13,-1.0
SBIN,0.013948652366695584,1,1.0
SBIN,0.006275040938376695,4,1.0
SBIN,-0.021751512526296878,14,1.0
SBIN,-0.019098523849387757,14,-1.0
SBIN,-0.02174824749348966,21,-1.0
SBIN,0.00999864493966719,1,1.0
SBIN,-0.04755345329461212,26,-1.0
SBIN,0.005291249941871398,1,-1.0
SBIN,0.003794601228155378,2,-1.0
SBIN,-0.008776685175351262,16,-1.0
SBIN,0.0026364820289988323,5,1.0
SBIN,0.004639035106640663,3,-1.0
SBIN,0.0020521702703971564,6,1.0
SBIN,-0.004793428347857805,12,-1.0
SBIN,0.005639859677644427,3,-1.0
SBIN,-0.004672587940162234,9,-1.0
SBIN,-0.011887167515309821,19,1.0
SBIN,-0.0014756296556131452,7,1.0
SBIN,0.007019284543339135,3,1.0
SBIN,0.004355541848473908,4,1.0
SBIN,-1.1718506683349383e-05,9,1.0
SBIN,-0.003194742195804378,18,1.0
SBIN,0.002392215986306599,7,-1.0
SBIN,-0.07750725385375955,21,1.0
SBIN,0.0024305710301746734,5,-1.0
SBIN,-0.007808216817421931,12,1.0
SBIN,0.006779144085087891,5,-1.0
SBIN,-0.026665190568259254,29,1.0
SBIN,0.002930885803914459,7,-1.0
MARUTI,-0.029963771748993694,19,-1.0
MARUTI,-0.01918552158317814,22,1.0
MARUTI,0.006273864379170637,5,-1.0
MARUTI,0.0032567480491312597,9,-1.0
MARUTI,-0.014131573289423882,22,-1.0
MARUTI,0.007004693757140844,7,1.0
MARUTI,-0.035826500054208975,31,-1.0
MARUTI,0.002096722069481884,4,1.0
MARUTI,-0.031160093465209558,28,-1.0
MARUTI,0.0031970700773485483,5,1.0
MARUTI,0.005939545676330462,2,1.0
MARUTI,0.0076726514759922195,1,1.0
MARUTI,0.0027609335015138896,2,1.0
MARUTI,0.0036946766919277218,1,-1.0
MARUTI,-0.006901311256030384,15,-1.0
MARUTI,0.0031018180654891364,1,-1.0
MARUTI,0.0033243002856941785,1,-1.0
MARUTI,0.00315861742964163,1,-1.0
MARUTI,0.0021001834630157085,5,1.0
MARUTI,0.0037984088136178897,3,-1.0
MARUTI,-0.01462216762708136,18,-1.0
MARUTI,0.00283431091217489,7,-1.0
MARUTI,0.008691676906231356,1,1.0
MARUTI,-0.01968143922852626,17,1.0
MARUTI,-0.0028136347871065156,15,-1.0
MARUTI,0.002972704186068631,1,1.0
MARUTI,0.0012375116728918453,4,-1.0
MARUTI,-0.03273384259184157,31,-1.0
MARUTI,0.0018987260934536156,5,1.0
MARUTI,-0.01795065439566446,21,1.0
MARUTI,0.0035564933555688183,7,1.0
MARUTI,0.009619174805951378,1,1.0
MARUTI,-0.0001945263564872577,7,1.0
MARUTI,0.006717056999138651,1,-1.0
MARUTI,0.004131329098462771,1,-1.0
MARUTI,0.004798409056473581,4,1.0
MARUTI,0.002054006959008518,4,1.0
MARUTI,0.004657340212501953,4,1.0
MARUTI,0.010396000477390022,3,-1.0
MARUTI,-0.02812702281602978,21,-1.0
MARUTI,0.0032086133956117967,5,-1.0
MARUTI,0.003021439682301329,1,1.0
MARUTI,-0.0029749625728563685,8,-1.0
MARUTI,0.005844106348360569,5,1.0
MARUTI,0.003395737155983305,3,1.0
MARUTI,0.0018596525314477344,5,1.0
MARUTI,0.005139949108348075,2,1.0
MARUTI,0.003329935625768021,3,-1.0
MARUTI,-0.03261450110276503,32,-1.0
MARUTI,0.00161807051831593,12,1.0
MARUTI,-0.06315424506263806,28,-1.0
MARUTI,0.0017502448880039312,11,-1.0
MARUTI,-0.016764194398309305,21,1.0
MARUTI,-0.05302776652595487,26,1.0
MARUTI,0.00884438363708174,7,-1.0
MARUTI,0.0035764656040352966,7,1.0
MARUTI,-0.007691013802085328,9,1.0
MARUTI,0.0011822482761553266,4,-1.0
MARUTI,0.003291369458538456,6,-1.0
MARUTI,0.001796699172670574,12,-1.0
MARUTI,-0.001627551930758487,10,1.0
MARUTI,0.005375354347120172,2,-1.0
MARUTI,-0.005826300360788862,14,1.0
MARUTI,0.010862240208813243,2,-1.0
MARUTI,0.003419676375579232,9,1.0
MARUTI,0.01319343153622152,6,-1.0
MARUTI,0.006712220316153314,7,1.0
MARUTI,0.005484204282102569,10,-1.0
MARUTI,-0.018386622737311918,35,-1.0
MARUTI,0.006512011737269856,1,1.0
MARUTI,-0.00017045484313015012,10,-1.0
MARUTI,0.00729630552812279,6,1.0
MARUTI,0.0066180979351813975,1,1.0
MARUTI,-0.045560002902980366,25,-1.0
MARUTI,0.0041157610689007505,4,1.0
MARUTI,0.005686319092284674,1,1.0
MARUTI,-0.03360447386330685,16,-1.0
MARUTI,-0.008144269233185451,12,-1.0
MARUTI,-0.03737236613283217,28,1.0
MARUTI,-0.03334024511540842,16,1.0
MARUTI,0.011065164356632294,3,1.0
MARUTI,0.007920787984273375,4,1.0
MARUTI,0.010989959635960113,1,1.0
MARUTI,0.009227334785894459,1,-1.0
MARUTI,0.008052757443087866,2,-1.0
MARUTI,0.008383603269599603,3,-1.0
MARUTI,-0.0012909736033821701,7,1.0
MARUTI,-0.041610470505712246,18,-1.0
MARUTI,-0.04124040148819388,28,-1.0
MARUTI,0.0031469573672147665,7,-1.0
MARUTI,-0.019585522058672433,18,1.0
MARUTI,0.01053398987197136,2,-1.0
MARUTI,-0.0004925585893953197,8,1.0
MARUTI,-0.00645705330956007,15,-1.0
MARUTI,0.014138069509751916,4,1.0
MARUTI,-0.008907744894630901,17,1.0
MARUTI,0.004716777421190352,9,1.0
MARUTI,0.010348712055524428,2,1.0
MARUTI,0.0019560340647266864,6,1.0
MARUTI,0.005266769110157816,11,-1.0
MARUTI,0.0070662139137233175,1,-1.0
MARUTI,0.0027426932825739075,2,-1.0
MARUTI,0.009758077991169846,2,-1.0
MARUTI,0.009264458909019913,2,1.0
MARUTI,-0.002159267229413429,10,-1.0
MARUTI,-0.046159652818165836,33,1.0
MARUTI,-0.07075929316593366,40,-1.0
MARUTI,0.0017263195378184385,11,1.0
MARUTI,-0.007900348796752133,15,1.0
MARUTI,-0.012160630661510349,11,-1.0
MARUTI,0.0007889049006552951,6,-1.0
MARUTI,-0.007076837848672839,14,1.0
MARUTI,0.007375520129506161,1,1.0
MARUTI,-0.008423662780361187,17,-1.0
MARUTI,0.005887730703454372,7,1.0
MARUTI,-0.06634840723193379,45,1.0
MARUTI,0.006997847399711463,3,-1.0
MARUTI,0.006691237225491637,1,-1.0
MARUTI,0.0026400246470887775,2,-1.0
MARUTI,0.003588995680065432,4,-1.0
MARUTI,0.004043048531311896,3,-1.0
MARUTI,-0.08560942040389735,28,1.0
MARUTI,-0.020917948377434135,14,1.0
MARUTI,0.014772488216581352,2,1.0
MARUTI,0.00649892591495915,8,1.0
MARUTI,0.012552476030181236,1,-1.0
MARUTI,-0.03168280459002797,23,1.0
MARUTI,0.008748899350500763,2,-1.0
MARUTI,0.002497794204240892,6,-1.0
MARUTI,-0.0022086078815399487,13,-1.0
MARUTI,0.016904131744606785,5,1.0
MARUTI,-0.05356117888201836,22,-1.0
MARUTI,-0.0994371384701642,20,-1.0
MARUTI,0.00844480158250021,2,-1.0
MARUTI,0.0019960944887822837,9,1.0
MARUTI,0.009147217696947412,1,1.0
MARUTI,0.01066230146380477,2,1.0
MARUTI,-0.0703078032162136,38,-1.0
MARUTI,-0.0003620188765022244,5,1.0
MARUTI,-0.006005575342053612,18,1.0
MARUTI,-0.011811685764457059,15,1.0
MARUTI,0.00655021902147097,7,-1.0
MARUTI,0.006088510481360545,1,-1.0
MARUTI,0.004499290337972748,4,-1.0
MARUTI,0.007893245919707277,1,-1.0
MARUTI,-0.0027599020247290273,11,-1.0
MARUTI,0.009129009534633832,2,1.0
MARUTI,0.0063021154004472705,12,-1.0
MARUTI,0.003874713724999432,5,1.0
MARUTI,-0.027371526226529278,21,1.0
MARUTI,-0.043877657959400525,39,-1.0
MARUTI,-0.009080750873137085,13,1.0
MARUTI,5.215600250305861e-05,13,1.0
MARUTI,0.00820217484224723,4,1.0
MARUTI,-0.015455462845057374,17,1.0
MARUTI,0.006597604739228701,3,1.0
MARUTI,0.015716336716496904,2,-1.0
MARUTI,0.014497305213229408,4,1.0
MARUTI,-0.057693129878646374,15,1.0
MARUTI,-0.11945113105930395,24,-1.0
MARUTI,0.007794383442689234,3,1.0
MARUTI,0.00446887849758965,6,1.0
MARUTI,0.024886860745266595,4,-1.0
MARUTI,0.016864804766079874,5,-1.0
MARUTI,-0.004899063441751963,9,-1.0
MARUTI,-0.10803909652037429,42,-1.0
MARUTI,0.008847730381042581,2,1.0
MARUTI,-0.025146686149362687,17,1.0
MARUTI,-0.03534638798892181,23,-1.0
MARUTI,0.020289440096806843,3,-1.0
MARUTI,0.0019922291579514435,7,1.0
MARUTI,0.004550082913874432,6,1.0
MARUTI,-5.695198718895679e-05,11,-1.0
MARUTI,-0.03624173016465903,27,-1.0
MARUTI,0.01209972478949781,8,1.0
MARUTI,-0.008327628807015293,8,1.0
MARUTI,0.00884479332808599,4,1.0
MARUTI,0.0062132872154157075,8,-1.0
MARUTI,0.016148582165589155,4,-1.0
MARUTI,0.0162549325150439,1,-1.0
MARUTI,0.015283060507020116,4,1.0
MARUTI,-0.013790527345268451,14,-1.0
MARUTI,0.017232314848357456,2,-1.0
MARUTI,0.010285519843149798,3,-1.0
MARUTI,0.0030590823221760743,7,1.0
MARUTI,0.00215151055099301,7,-1.0
MARUTI,-0.0008768415117936755,10,-1.0
MARUTI,0.00749788757383616,1,1.0
MARUTI,0.006468653880061611,2,1.0
MARUTI,0.006628849657095748,2,-1.0
MARUTI,0.007496103200603521,1,-1.0
MARUTI,0.008255930439084474,1,1.0
MARUTI,-0.0038553823646963656,10,1.0
MARUTI,-0.015588345928303897,17,-1.0
MARUTI,0.004221727441757091,4,-1.0
MARUTI,0.004558461423647191,7,1.0
MARUTI,0.014426534418003213,2,1.0
MARUTI,0.005993136263267449,6,1.0
MARUTI,0.008110730440552124,1,-1.0
MARUTI,0.005970092740253786,1,1.0
MARUTI,0.003639555078732897,7,1.0
MARUTI,-0.0033410746597009123,9,-1.0
MARUTI,0.006025052679341283,7,-1.0
MARUTI,-0.010103171546967347,17,1.0
MARUTI,0.0063713933139604275,4,-1.0
MARUTI,-0.0024841745943476935,8,-1.0
MARUTI,0.012794951848090865,5,1.0
MARUTI,0.007983648993459741,1,-1.0
MARUTI,0.0038721734388805296,1,1.0
MARUTI,-0.017436059586868287,18,-1.0
MARUTI,0.0012031940930515449,10,-1.0
MARUTI,0.018378892994372186,5,1.0
MARUTI,-0.07990430586788644,25,-1.0
MARUTI,0.0023009429936281965,8,-1.0
MARUTI,-0.033216488113550456,22,1.0
MARUTI,0.004485801139704443,1,-1.0
MARUTI,0.004410268990906986,1,1.0
MARUTI,-0.022004035024119,21,-1.0
MARUTI,0.004476669827820107,5,1.0
MARUTI,0.0075320346079742915,2,-1.0
MARUTI,0.004827299423998124,3,1.0
MARUTI,0.006155736880412732,3,1.0
MARUTI,-0.0547394116099411,20,-1.0
MARUTI,-0.013762426660793546,13,1.0
MARUTI,0.00045063329670755754,10,-1.0
MARUTI,0.019823349887310406,1,1.0
MARUTI,-0.06824081811914826,27,1.0
MARUTI,0.008578936833899705,3,1.0
MARUTI,0.006413125211046355,4,-1.0
MARUTI,-0.06008979108023816,34,1.0
MARUTI,-0.00781790566955643,18,-1.0
MARUTI,0.003891790857400555,2,-1.0
MARUTI,-0.0149365611637722,14,1.0
MARUTI,0.0075501786641772465,4,-1.0
MARUTI,0.004515070077853858,5,1.0
MARUTI,0.011780082783701008,7,-1.0
MARUTI,-0.030537086722019276,18,1.0
MARUTI,0.0019236521533715697,5,-1.0
MARUTI,0.00988509683875955,2,-1.0
MARUTI,0.009163326866628527,7,1.0
MARUTI,0.0051524645412722465,5,-1.0
MARUTI,-0.013122908359147341,7,1.0
MARUTI,0.0055895960946083555,7,1.0
MARUTI,0.010164497902692578,1,-1.0
MARUTI,0.003184101257383934,4,-1.0
MARUTI,0.008536075486759857,1,1.0
MARUTI,0.00855445527100126,2,1.0
MARUTI,0.002203810702100081,7,1.0
MARUTI,-0.004804785364330146,14,-1.0
MARUTI,-0.029396554753668397,28,1.0
MARUTI,-0.05649093771265376,29,-1.0
MARUTI,0.006499069376320741,4,-1.0
MARUTI,0.0014767630490680386,3,-1.0
MARUTI,0.00653230112732191,1,-1.0
MARUTI,0.0054057020375942845,3,1.0
MARUTI,-0.008703861315451328,16,1.0
MARUTI,0.004503615840461447,3,1.0
MARUTI,-0.013331565857216968,14,1.0
MARUTI,0.010067428270978961,3,1.0
MARUTI,0.0021395571864857087,11,-1.0
MARUTI,-0.003570805031355478,12,1.0
MARUTI,0.00021970624714589838,13,-1.0
MARUTI,0.01103749431672219,2,1.0
MARUTI,-0.024590929618953247,19,1.0
MARUTI,0.010410244213757783,3,-1.0
MARUTI,0.006751040215682324,3,-1.0
MARUTI,0.010692583474049068,5,-1.0
MARUTI,-0.01550881892449284,14,-1.0
MARUTI,-0.020785108500272705,21,1.0
MARUTI,-0.0004188239391587885,10,-1.0
MARUTI,-0.059095226146145576,26,1.0
MARUTI,0.011354744134986714,3,-1.0
MARUTI,0.009587687147031697,2,-1.0
MARUTI,0.006334631419525803,3,-1.0
MARUTI,-0.02080607796205741,18,1.0
MARUTI,0.008425901939915551,10,-1.0
MARUTI,0.006833384284484846,4,1.0
MARUTI,0.0030523896934841147,8,1.0
MARUTI,0.004177025791039207,1,1.0
MARUTI,0.0037401068545188376,1,-1.0
MARUTI,0.002024900755120215,4,-1.0
MARUTI,0.004679955579916495,1,1.0
MARUTI,-0.10050404434705797,58,-1.0
MARUTI,0.014435187335193037,1,1.0
MARUTI,0.005616162401771612,6,-1.0
MARUTI,0.013482166222473982,4,1.0
MARUTI,-0.037535938353685336,15,-1.0
MARUTI,0.01870588392731489,1,-1.0
MARUTI,-0.02337205800008688,15,-1.0
MARUTI,-0.019572573572314525,11,1.0
MARUTI,-0.001971264184555499,11,-1.0
MARUTI,0.0008005357399293264,7,1.0
MARUTI,-0.0015952883364624495,9,-1.0
MARUTI,-0.01237118465196235,15,-1.0
MARUTI,0.0054129041594823775,7,1.0
MARUTI,-0.0037747898415408506,13,1.0
MARUTI,0.008736021828845262,1,-1.0
MARUTI,0.005843512095765764,4,1.0
MARUTI,0.012367869423188689,3,1.0
MARUTI,0.014304915876994995,5,-1.0
MARUTI,0.012158167858311246,1,1.0
MARUTI,-0.013935010043305811,14,-1.0
MARUTI,-0.04635983704625819,32,1.0
MARUTI,0.011304875237609934,7,-1.0
MARUTI,0.003953201861770271,14,1.0
MARUTI,-0.01582232189583443,13,-1.0
MARUTI,-0.014537227841053922,12,-1.0
MARUTI,0.011459722210995275,2,1.0
MARUTI,-0.011725254068422964,17,-1.0
MARUTI,-0.014192019231591552,17,1.0
MARUTI,-0.003929283955787515,12,-1.0
MARUTI,0.009069719095570352,2,1.0
MARUTI,0.0054428538600981855,1,1.0
MARUTI,4.921355271843346e-05,7,1.0
MARUTI,0.007536120644609214,2,-1.0
MARUTI,-0.005113347622742238,14,1.0
MARUTI,0.008499538756605703,4,-1.0
MARUTI,-0.07469120744055457,28,-1.0
MARUTI,-0.010426674532925487,14,-1.0
MARUTI,0.0075596510647755405,3,1.0
MARUTI,0.005922481300689554,1,1.0
MARUTI,-0.023273816877862112,21,-1.0
MARUTI,0.006578892509750169,3,-1.0
MARUTI,0.004899076097029934,4,-1.0
MARUTI,-0.01474714147682558,17,1.0
MARUTI,-0.013341295141351739,15,-1.0
MARUTI,0.007880366534597906,1,-1.0
MARUTI,0.007119975503739749,1,-1.0
MARUTI,0.006139678023870824,1,-1.0
MARUTI,-0.005488307737706418,10,1.0
MARUTI,-0.019677066494302405,18,1.0
MARUTI,0.008581277123929722,9,1.0
MARUTI,0.0019226595057295,8,1.0
MARUTI,-0.01592163992755779,10,-1.0
MARUTI,0.008317765800481514,6,-1.0
MARUTI,-0.030338731851633317,16,1.0
MARUTI,0.0072299395815283015,1,-1.0
MARUTI,0.0014495454245052383,9,1.0
MARUTI,0.004789266442892788,8,-1.0
MARUTI,0.010805002448605779,7,1.0
MARUTI,-0.07433115352107265,31,-1.0
MARUTI,0.0006328554723963359,10,-1.0
MARUTI,-0.0008531675184887779,7,1.0
MARUTI,0.014153258415255549,1,1.0
MARUTI,0.0027354004980827715,6,-1.0
MARUTI,0.00335394037087303,4,-1.0
MARUTI,0.004320712962128747,1,1.0
MARUTI,-0.021699691417410086,20,1.0
MARUTI,0.00044341395530680976,10,-1.0
MARUTI,-0.002307225061037903,11,-1.0
MARUTI,0.009579780642954687,1,1.0
MARUTI,0.002013429079198057,8,1.0
MARUTI,-0.020663261003241135,34,1.0
MARUTI,0.006169944247047956,1,-1.0
MARUTI,0.005949003439620185,1,1.0
MARUTI,0.0034420262922651938,5,1.0
MARUTI,0.0054152662841986466,2,1.0
MARUTI,0.005455673851894893,3,-1.0
MARUTI,0.005559666886323673,1,1.0
MARUTI,-0.003060065542653653,14,1.0
MARUTI,-0.002176583984702141,12,-1.0
MARUTI,0.0030309760319728787,2,1.0
MARUTI,0.0032202003600269066,2,-1.0
MARUTI,0.005730767369372742,1,1.0
MARUTI,-0.007904168886499816,14,1.0
MARUTI,0.009192085678492251,1,1.0
MARUTI,0.003713603351666815,4,-1.0
MARUTI,0.004843711574488254,1,1.0
MARUTI,0.0034894090929822722,5,1.0
HINDUNILVR,0.0036564961465209165,2,-1.0
HINDUNILVR,0.004847092147526699,2,1.0
HINDUNILVR,-0.005975991166872003,13,-1.0
HINDUNILVR,0.0026295958680430482,7,-1.0
HINDUNILVR,0.003948349086739771,1,-1.0
HINDUNILVR,0.0016280340619367172,4,1.0
HINDUNILVR,0.0022477763391601604,2,1.0
HINDUNILVR,0.002030592007572126,6,1.0
HINDUNILVR,0.003455235783144025,8,1.0
HINDUNILVR,0.003070228099720003,9,1.0
HINDUNILVR,-0.010265134311917267,15,-1.0
HINDUNILVR,-0.024972623963504897,12,-1.0
HINDUNILVR,0.007284186958272012,5,1.0
HINDUNILVR,0.007408992816001188,4,-1.0
HINDUNILVR,0.002067806190999024,7,-1.0
HINDUNILVR,0.006542010752249923,10,1.0
HINDUNILVR,-0.004118582909804269,8,-1.0
HINDUNILVR,0.005497519085132403,1,-1.0
HINDUNILVR,-0.008403840249879271,10,-1.0
HINDUNILVR,0.005638858782282845,4,1.0
HINDUNILVR,0.005512561333233665,2,-1.0
HINDUNILVR,0.0043475727048537935,5,1.0
HINDUNILVR,-0.0015691107296740801,8,-1.0
HINDUNILVR,-0.0011169295969898187,7,-1.0
HINDUNILVR,0.006771721315594032,4,-1.0
HINDUNILVR,-0.007011662451159938,14,1.0
HINDUNILVR,0.0072223909641118715,4,-1.0
HINDUNILVR,0.012295164884065436,1,-1.0
HINDUNILVR,0.002207894435206248,7,1.0
HINDUNILVR,0.005869080371059215,2,-1.0
HINDUNILVR,0.002436695398962571,8,-1.0
HINDUNILVR,-4.0549685033625603e-05,9,-1.0
HINDUNILVR,0.0029304811638069615,4,-1.0
HINDUNILVR,0.0034712771013331377,2,-1.0
HINDUNILVR,-0.02288017728440194,21,-1.0
HINDUNILVR,0.005811273990359736,4,1.0
HINDUNILVR,-0.010135766502448289,13,-1.0
HINDUNILVR,-0.018232783535954922,13,1.0
HINDUNILVR,-0.038038691937507814,28,-1.0
HINDUNILVR,0.004089192672164479,4,1.0
HINDUNILVR,0.009724410180923487,7,-1.0
HINDUNILVR,0.0042373713882340415,7,1.0
HINDUNILVR,-0.0021112338580403685,10,1.0
HINDUNILVR,0.0029687890810319085,1,-1.0
HINDUNILVR,0.0017614699180061408,4,1.0
HINDUNILVR,0.003796490679547915,1,-1.0
HINDUNILVR,0.003911492141814942,1,1.0
HINDUNILVR,-0.0019984266404179563,8,-1.0
HINDUNILVR,-0.009572891087873988,9,-1.0
HINDUNILVR,0.012917501284882537,2,1.0
HINDUNILVR,0.009989303067123043,3,-1.0
HINDUNILVR,0.0033420851421827797,7,1.0
HINDUNILVR,0.0025199873491139366,5,1.0
HINDUNILVR,0.001974920475181755,5,1.0
HINDUNILVR,0.003803398416137461,7,-1.0
HINDUNILVR,0.0036090667988080477,4,1.0
HINDUNILVR,-0.03426303892646261,29,-1.0
HINDUNILVR,0.008314632960067582,1,-1.0
HINDUNILVR,0.010095639590447278,1,1.0
HINDUNILVR,0.007458198914625853,5,-1.0
HINDUNILVR,0.008943366039593195,2,-1.0
HINDUNILVR,0.004639994144799535,7,-1.0
HINDUNILVR,0.0032767322715393796,7,1.0
HINDUNILVR,0.004907073320951037,6,-1.0
HINDUNILVR,0.003789526031215817,1,-1.0
HINDUNILVR,-0.0010195638913798898,8,-1.0
HINDUNILVR,0.0026483744808703433,5,-1.0
HINDUNILVR,0.003647251531081663,4,-1.0
HINDUNILVR,0.005542471476477112,1,-1.0
HINDUNILVR,0.00725039124238722,1,-1.0
HINDUNILVR,0.006933693456611021,1,-1.0
HINDUNILVR,0.004680663228477365,5,1.0
HINDUNILVR,0.00828466108603824,3,1.0
HINDUNILVR,0.010556278641455238,7,-1.0
HINDUNILVR,0.008921581615531565,5,1.0
HINDUNILVR,0.007941041878374813,7,1.0
HINDUNILVR,0.0003759630482084554,11,1.0
HINDUNILVR,0.00912367500825199,6,-1.0
HINDUNILVR,0.008064267073704884,1,1.0
HINDUNILVR,-0.004039968687898983,11,1.0
HINDUNILVR,0.005536119696196302,6,-1.0
HINDUNILVR,0.003685962752314786,1,-1.0
HINDUNILVR,-0.002351019773637642,4,1.0
HINDUNILVR,-0.003365703004039569,16,-1.0
HINDUNILVR,0.003023186760571305,11,-1.0
HINDUNILVR,0.005783119091924043,1,-1.0
HINDUNILVR,0.005350340294482921,2,1.0
HINDUNILVR,0.00705571162831642,1,-1.0
HINDUNILVR,0.0061769867738437146,2,-1.0
HINDUNILVR,-0.0016226846384945967,8,-1.0
HINDUNILVR,-0.03920850262971635,22,-1.0
HINDUNILVR,0.007147549041566065,6,1.0
HINDUNILVR,0.006013610410965994,5,-1.0
HINDUNILVR,0.009057034263178783,2,-1.0
HINDUNILVR,0.008275672858078991,3,1.0
HINDUNILVR,0.0061836072441353255,1,1.0
HINDUNILVR,0.009175402201117365,1,-1.0
HINDUNILVR,0.016173405406191374,2,-1.0
HINDUNILVR,0.000823889722761563,12,1.0
HINDUNILVR,-0.011571279394208229,16,-1.0
HINDUNILVR,0.005082117034938136,1,-1.0
HINDUNILVR,-0.01670136638653385,15,-1.0
HINDUNILVR,-0.009016245561658537,16,1.0
HINDUNILVR,-0.01941757592308588,23,-1.0
HINDUNILVR,0.003162892530764941,13,1.0
HINDUNILVR,0.009728312299915297,2,-1.0
HINDUNILVR,0.0050028055756627015,6,-1.0
HINDUNILVR,0.005530722274222483,1,1.0
HINDUNILVR,0.0029009727109411223,4,1.0
HINDUNILVR,0.007307319061118169,1,1.0
HINDUNILVR,0.005573419002812267,3,1.0
HINDUNILVR,-0.00466686539385329,10,-1.0
HINDUNILVR,0.0011654923782849517,10,-1.0
HINDUNILVR,-0.00015622707840729625,9,1.0
HINDUNILVR,0.008495755351202797,3,-1.0
HINDUNILVR,0.009396532143511218,1,-1.0
HINDUNILVR,-0.07353256749245589,25,1.0
HINDUNILVR,0.006823891213874104,11,1.0
HINDUNILVR,0.006029718339879461,1,-1.0
HINDUNILVR,0.003596378189729488,2,-1.0
HINDUNILVR,-0.019128047130049015,17,1.0
HINDUNILVR,0.029207618154372225,1,-1.0
HINDUNILVR,0.009914367583549338,3,1.0
HINDUNILVR,0.00986968660408094,2,1.0
HINDUNILVR,0.010283292439544185,2,1.0
HINDUNILVR,0.010451128428908345,1,-1.0
HINDUNILVR,0.008724623452278183,1,1.0
HINDUNILVR,-0.003456180130406653,14,-1.0
HINDUNILVR,0.0037174553834155777,7,1.0
HINDUNILVR,0.0059059983260633395,1,1.0
HINDUNILVR,0.0035712520299085327,3,1.0
HINDUNILVR,-0.017383102829397555,17,1.0
HINDUNILVR,-0.02169910601460035,20,-1.0
HINDUNILVR,0.005373262012278941,7,-1.0
HINDUNILVR,-0.008127465600715693,16,1.0
HINDUNILVR,0.0036805446681622677,2,1.0
HINDUNILVR,0.0050763083219508625,2,1.0
HINDUNILVR,-0.010900828072248545,14,1.0
HINDUNILVR,-0.0033651762476487757,14,-1.0
HINDUNILVR,0.004322301055578721,4,-1.0
HINDUNILVR,-0.006880891204582493,12,1.0
HINDUNILVR,-0.0034445827515180226,13,1.0
HINDUNILVR,-0.002201217914547761,12,-1.0
HINDUNILVR,-0.012827210159278438,14,1.0
HINDUNILVR,0.0011192330339013503,3,-1.0
HINDUNILVR,0.0024202952014424,3,1.0
HINDUNILVR,-0.0018368570995435614,10,1.0
HINDUNILVR,0.0015393084475332469,10,-1.0
HINDUNILVR,-0.001180612735010035,13,1.0
HINDUNILVR,-0.019476533248244228,28,-1.0
HINDUNILVR,0.008043533845908338,2,-1.0
HINDUNILVR,0.006300884860510858,1,-1.0
HINDUNILVR,0.003789929030081138,6,-1.0
HINDUNILVR,0.0038540453877171114,7,1.0
HINDUNILVR,-0.03791659389426735,21,-1.0
HINDUNILVR,-0.004328004313749077,18,-1.0
HINDUNILVR,0.003773727097427109,6,1.0
HINDUNILVR,0.00495376382239191,6,1.0
HINDUNILVR,0.004289037042681707,5,1.0
HINDUNILVR,-0.017083438724085385,18,1.0
HINDUNILVR,0.004021627009115438,1,-1.0
HINDUNILVR,0.0027301563796994837,2,-1.0
HINDUNILVR,-0.0009082055302309423,7,-1.0
HINDUNILVR,-0.02162491030827832,22,1.0
HINDUNILVR,-0.021076241281269108,20,1.0
HINDUNILVR,0.0038160259514528226,8,1.0
HINDUNILVR,0.007891208673325635,2,1.0
HINDUNILVR,0.00897092843375176,3,-1.0
HINDUNILVR,0.01008631710565287,1,1.0
HINDUNILVR,0.009402730065256036,1,1.0
HINDUNILVR,0.005095404331548739,5,-1.0
HINDUNILVR,0.009351442605708624,1,-1.0
HINDUNILVR,-0.029671488992498635,21,-1.0
HINDUNILVR,0.004188289424177041,7,-1.0
HINDUNILVR,0.013411765059545675,3,1.0
HINDUNILVR,0.0041343693961014795,5,-1.0
HINDUNILVR,0.008096666179980687,3,1.0
HINDUNILVR,0.0029676051469431797,7,-1.0
HINDUNILVR,0.004931015699928536,2,-1.0
HINDUNILVR,0.005071002301692566,3,1.0
HINDUNILVR,-0.10577285434691341,20,-1.0
HINDUNILVR,-0.007528073559361564,15,1.0
HINDUNILVR,0.005026364586253945,1,1.0
HINDUNILVR,-0.07819693657043232,54,-1.0
HINDUNILVR,0.008823487294908,2,-1.0
HINDUNILVR,0.0037777341557944637,4,-1.0
HINDUNILVR,0.000724002852642744,9,-1.0
HINDUNILVR,0.006432325602561223,2,1.0
HINDUNILVR,0.006938783634734044,1,-1.0
HINDUNILVR,-0.0292463184059686,23,1.0
HINDUNILVR,0.004021442049004713,1,1.0
HINDUNILVR,0.0040601642840879,1,1.0
HINDUNILVR,0.0004428061297573049,6,1.0
HINDUNILVR,0.001616603711862703,5,1.0
HINDUNILVR,0.004489282117595074,1,-1.0
HINDUNILVR,0.004692101996269434,1,1.0
HINDUNILVR,0.0056936096384221264,1,1.0
HINDUNILVR,0.0005625399367110968,7,1.0
HINDUNILVR,0.004978101742490679,1,1.0
HINDUNILVR,-0.06485960863520304,55,-1.0
HINDUNILVR,0.013602421702063392,3,1.0
HINDUNILVR,0.011025261008817606,1,1.0
HINDUNILVR,0.0062057589225561136,4,1.0
HINDUNILVR,0.0004417374191391505,7,1.0
HINDUNILVR,0.00895392646065343,6,1.0
HINDUNILVR,0.02087848763957495,7,-1.0
HINDUNILVR,0.006420555750078803,7,-1.0
HINDUNILVR,-0.04087065206072376,14,-1.0
HINDUNILVR,0.01652564310638197,1,1.0
HINDUNILVR,0.008687305566239164,4,-1.0
HINDUNILVR,0.010177285834912078,1,1.0
HINDUNILVR,-0.11120705241598078,42,1.0
HINDUNILVR,0.0070916850285740185,4,1.0
HINDUNILVR,0.006124857114450624,2,1.0
HINDUNILVR,0.00791213112402056,1,1.0
HINDUNILVR,0.0055283061989531545,4,-1.0
HINDUNILVR,-0.0355799382749395,17,-1.0
HINDUNILVR,0.013199354545715615,1,-1.0
HINDUNILVR,0.005162110888047869,7,1.0
HINDUNILVR,0.007709270985622561,4,-1.0
HINDUNILVR,0.003399148328967669,6,1.0
HINDUNILVR,0.0066996276441667,3,1.0
HINDUNILVR,0.005028140240507271,6,1.0
HINDUNILVR,0.004136988011207445,5,1.0
HINDUNILVR,-0.018783761658136926,18,-1.0
HINDUNILVR,0.0043101431909303,2,1.0
HINDUNILVR,0.0004978387626547785,5,-1.0
HINDUNILVR,-0.012834336542754165,14,-1.0
HINDUNILVR,0.014614521038549363,7,1.0
HINDUNILVR,0.009296221550743632,13,1.0
HINDUNILVR,0.00535863399073968,3,-1.0
HINDUNILVR,0.0068824466298123155,8,1.0
HINDUNILVR,0.010675496438424392,1,-1.0
HINDUNILVR,-0.03445166337627478,21,1.0
HINDUNILVR,0.007466112377333097,7,1.0
HINDUNILVR,-0.007108725285646931,17,-1.0
HINDUNILVR,-0.012104832064912243,14,1.0
HINDUNILVR,-0.004627635634447066,11,-1.0
HINDUNILVR,0.00692750906468216,7,-1.0
HINDUNILVR,0.009682413601005106,2,-1.0
HINDUNILVR,-0.01716867817850277,17,-1.0
HINDUNILVR,0.013749927897795323,4,1.0
HINDUNILVR,0.010835542922233161,3,1.0
HINDUNILVR,0.005971508399633048,3,1.0
HINDUNILVR,0.0013224182046375854,11,-1.0
HINDUNILVR,0.007894942691930668,1,-1.0
HINDUNILVR,0.0065728360444516,1,1.0
HINDUNILVR,0.005931851093178696,1,-1.0
HINDUNILVR,0.0037148592897802597,3,1.0
HINDUNILVR,-0.10172811973030402,47,-1.0
HINDUNILVR,0.009628088578412476,4,1.0
HINDUNILVR,-0.014262373429439187,17,-1.0
HINDUNILVR,0.0015869945831831149,7,-1.0
HINDUNILVR,-0.007395928442107863,12,1.0
HINDUNILVR,0.014894969194049998,5,-1.0
HINDUNILVR,0.006348535278367522,1,-1.0
HINDUNILVR,0.0024309632632093015,6,1.0
HINDUNILVR,-0.0040923470663017485,12,1.0
HINDUNILVR,-0.006654113832256417,17,-1.0
HINDUNILVR,0.0044553772854247446,4,-1.0
HINDUNILVR,0.005222452926703335,1,-1.0
HINDUNILVR,0.0012588436830385738,9,1.0
HINDUNILVR,0.006529899626481918,9,-1.0
HINDUNILVR,0.008601461158766272,1,1.0
HINDUNILVR,-0.029294022669256795,18,1.0
HINDUNILVR,-0.011819667267123083,16,-1.0
HINDUNILVR,0.013638962960134218,1,-1.0
HINDUNILVR,0.012751967951524425,1,-1.0
HINDUNILVR,0.011697583327693533,5,1.0
HINDUNILVR,-0.0024395931615116937,14,-1.0
HINDUNILVR,-0.006658877711994164,9,1.0
HINDUNILVR,0.0036260353951731916,1,-1.0
HINDUNILVR,0.001448740475724523,5,1.0
HINDUNILVR,0.0025388233779033167,6,-1.0
HINDUNILVR,-0.0023324668783298937,8,-1.0
HINDUNILVR,0.009480946471228028,3,1.0
HINDUNILVR,-0.0019442961117330482,10,-1.0
HINDUNILVR,-0.026743567553197935,18,-1.0
HINDUNILVR,0.010408022703888948,2,1.0
HINDUNILVR,-0.0007951909281170312,9,1.0
HINDUNILVR,0.0032233516225751487,4,1.0
HINDUNILVR,-0.0026591018771543583,12,1.0
HINDUNILVR,0.002319040519783288,6,-1.0
HINDUNILVR,-0.01286758190683134,23,1.0
HINDUNILVR,0.005971524537341523,1,1.0
HINDUNILVR,0.0033170985146557205,4,-1.0
HINDUNILVR,0.00016106492057926504,14,-1.0
HINDUNILVR,-0.01843561651312804,18,-1.0
HINDUNILVR,-0.043041018349823726,20,-1.0
HINDUNILVR,0.002421451714025554,2,1.0
HINDUNILVR,0.001564090237324041,10,-1.0
HINDUNILVR,-0.006868176448039934,14,1.0
HINDUNILVR,0.0034972912164307752,8,-1.0
HINDUNILVR,-0.00034486509563757585,8,1.0
HINDUNILVR,0.0038733011785636057,9,-1.0
HINDUNILVR,0.005325371078881047,4,1.0
HINDUNILVR,0.002080602297206758,4,1.0
HINDUNILVR,0.005945978064694778,1,-1.0
HINDUNILVR,-0.0008132060327342965,8,1.0
HINDUNILVR,0.00664442305138969,5,1.0
HINDUNILVR,0.009435678050810876,1,1.0
HINDUNILVR,0.016680092503950448,5,1.0
HINDUNILVR,0.013367066779045016,6,-1.0
HINDUNILVR,-0.02051918703268661,14,1.0
HINDUNILVR,0.016362165144742775,1,1.0
HINDUNILVR,0.005258317578232154,1,1.0
HINDUNILVR,0.005679725661525899,1,-1.0
HINDUNILVR,0.0024444887794176713,9,-1.0
HINDUNILVR,0.007481067599916172,4,1.0
HINDUNILVR,-0.005322237727719124,12,1.0
HINDUNILVR,0.005290462020028313,2,-1.0
HINDUNILVR,-0.004406545160019809,9,1.0
HINDUNILVR,0.0032586181657703293,5,-1.0
HINDUNILVR,-0.04985351797578555,33,1.0
HINDUNILVR,0.005206826669035293,8,1.0
HINDUNILVR,0.0020166230738794845,8,-1.0
HINDUNILVR,-0.02920616694039625,28,1.0
HINDUNILVR,0.01086979337568697,2,1.0
HINDUNILVR,-0.0770665381607881,47,-1.0
HINDUNILVR,-0.026647676042723206,14,-1.0
HINDUNILVR,-0.0008574336769105888,14,1.0
HINDUNILVR,0.01171190186131907,4,-1.0
HINDUNILVR,-0.02510445959850944,26,-1.0
HINDUNILVR,-0.019396834852879394,14,-1.0
HINDUNILVR,-0.002521673641874224,10,-1.0
HINDUNILVR,0.012706642594072181,1,-1.0
HINDUNILVR,0.0018275853569184174,7,1.0
HINDUNILVR,0.012378071314059092,3,1.0
HINDUNILVR,-0.020458906618503945,19,1.0
HINDUNILVR,-0.03326153326938522,20,-1.0
HINDUNILVR,-0.01573876460661057,14,1.0
HINDUNILVR,-0.08074962196604815,27,-1.0
HINDUNILVR,0.020824909697843588,3,1.0
HINDUNILVR,0.012982029600838612,3,-1.0
HINDUNILVR,0.011763861530828357,2,-1.0
HINDUNILVR,0.006980726565359978,4,-1.0
HINDUNILVR,0.005324590878486737,3,-1.0
HINDUNILVR,0.007949679541187676,1,-1.0
HINDUNILVR,0.004739654800285327,2,-1.0
HINDUNILVR,0.004320729189112234,1,-1.0
HINDUNILVR,-0.00560571453342779,12,1.0
HINDUNILVR,-0.004885093497406715,11,-1.0
HINDUNILVR,0.012104970771510784,4,1.0
HINDUNILVR,-0.0019444515390853667,11,-1.0
HINDUNILVR,0.00803179921604947,1,-1.0
HINDUNILVR,0.007688228983619796,1,1.0
HINDUNILVR,0.005561874297551175,5,-1.0
HINDUNILVR,0.006500293219679105,3,1.0
HINDUNILVR,0.0002746071778461894,6,1.0
HINDUNILVR,-0.007843737379364193,16,1.0
HINDUNILVR,0.0039983424015355715,4,-1.0
HINDUNILVR,0.002442375744589889,7,-1.0
HINDUNILVR,-0.006048054295305512,13,1.0
HINDUNILVR,0.006767206604493273,8,1.0
HINDUNILVR,0.004328980107248237,1,-1.0
HINDUNILVR,0.0023184481271088077,5,1.0
HINDUNILVR,0.006463049527256069,1,-1.0
HINDUNILVR,0.006555574111541749,2,1.0
HINDUNILVR,-0.013472786362489081,16,1.0
HINDUNILVR,-0.004462729561962833,13,-1.0
HINDUNILVR,-0.0005151221646170736,6,-1.0
HINDUNILVR,-0.03967815444215028,21,-1.0
HINDUNILVR,0.004806890322118724,6,-1.0
HINDUNILVR,-0.006617319100055162,15,1.0
HINDUNILVR,-0.009795175660467486,18,1.0
HINDUNILVR,0.00164874042502567,9,-1.0
HINDUNILVR,0.0063868215044249384,8,1.0
HINDUNILVR,0.011400021676830425,4,-1.0
HINDUNILVR,-0.009510253737363616,14,-1.0
HINDUNILVR,-0.006181941327004692,9,1.0
HINDUNILVR,0.007651192496481358,4,-1.0
HINDUNILVR,0.0010953006826586451,7,1.0
HINDUNILVR,-0.006328487526335533,12,-1.0
HINDUNILVR,0.002888887246678886,11,1.0
HINDUNILVR,0.0022883402042542076,6,1.0
HINDUNILVR,0.0058872506382090985,2,1.0
HINDUNILVR,0.005658602605528943,4,-1.0
HINDUNILVR,-0.011298330981283003,21,1.0
HINDUNILVR,0.0056405902048292,2,-1.0
HINDUNILVR,0.00047895192272475823,9,1.0
HINDUNILVR,-0.00627478955623794,17,1.0
ASIANPAINT,0.004641995081476957,6,1.0
ASIANPAINT,0.005771145854845955,2,-1.0
ASIANPAINT,0.005898229121821616,1,-1.0
ASIANPAINT,0.0033319717008978705,3,-1.0
ASIANPAINT,-0.0024551860996486936,11,1.0
ASIANPAINT,0.0009198484702450658,7,-1.0
ASIANPAINT,0.006955818383808088,8,-1.0
ASIANPAINT,-0.02657499034507089,23,-1.0
ASIANPAINT,0.00395758699258489,6,-1.0
ASIANPAINT,-0.007090158363247681,13,1.0
ASIANPAINT,0.009045962530597895,12,-1.0
ASIANPAINT,0.010385497556288101,3,1.0
ASIANPAINT,0.005342322584673344,11,-1.0
ASIANPAINT,0.011294922452229163,7,1.0
ASIANPAINT,0.007678166673166241,4,1.0
ASIANPAINT,0.00030089623837755043,5,1.0
ASIANPAINT,-0.001540786642623801,14,-1.0
ASIANPAINT,-0.01798580936019515,13,1.0
ASIANPAINT,0.011741097383030391,1,-1.0
ASIANPAINT,0.004930135335436543,4,-1.0
ASIANPAINT,-1.2285191502150192e-05,9,1.0
ASIANPAINT,-0.007639745342017502,12,-1.0
ASIANPAINT,0.004005029496231369,3,-1.0
ASIANPAINT,0.004235081755909581,6,1.0
ASIANPAINT,0.006954494136551698,4,-1.0
ASIANPAINT,0.006153869481623069,2,-1.0
ASIANPAINT,0.0071153205576520075,3,1.0
ASIANPAINT,0.008072641158890857,3,1.0
ASIANPAINT,0.00689330031708162,2,-1.0
ASIANPAINT,0.006112552242744423,3,-1.0
ASIANPAINT,0.00638110825142023,2,-1.0
ASIANPAINT,0.005260178335494181,4,-1.0
ASIANPAINT,0.005228451757382649,5,1.0
ASIANPAINT,0.008477896200149977,4,1.0
ASIANPAINT,0.005280744328973454,1,-1.0
ASIANPAINT,0.005242249481215995,2,1.0
ASIANPAINT,0.004224934394933851,2,-1.0
ASIANPAINT,-0.001659387692564489,8,-1.0
ASIANPAINT,0.007182978055172109,4,-1.0
ASIANPAINT,-0.03472659579616382,19,-1.0
ASIANPAINT,-0.07314338529390865,44,1.0
ASIANPAINT,0.0016581226501869363,8,-1.0
ASIANPAINT,0.012714276583683902,3,1.0
ASIANPAINT,-0.001283673232965144,8,-1.0
ASIANPAINT,0.00414742139810672,3,1.0
ASIANPAINT,-0.0006193752601409052,8,1.0
ASIANPAINT,0.00023097099260703616,10,1.0
ASIANPAINT,-0.0032737965091135927,8,1.0
ASIANPAINT,0.006487872325896272,7,-1.0
ASIANPAINT,0.009396257471158546,7,1.0
ASIANPAINT,0.014084024069689767,2,-1.0
ASIANPAINT,0.008984356068793572,7,1.0
ASIANPAINT,0.005714991854291934,4,-1.0
ASIANPAINT,0.007273871279276345,4,1.0
ASIANPAINT,0.000752772971733737,11,-1.0
ASIANPAINT,0.01110182597538885,5,1.0
ASIANPAINT,-0.018610904833358338,23,1.0
ASIANPAINT,0.008747543845303433,7,-1.0
ASIANPAINT,0.008712971910489739,8,1.0
ASIANPAINT,0.00881046097868518,1,-1.0
ASIANPAINT,0.006675560487308709,1,1.0
ASIANPAINT,-0.00011273986205505824,12,-1.0
ASIANPAINT,0.0033299710319182304,1,1.0
ASIANPAINT,0.001946233234283048,1,-1.0
ASIANPAINT,0.0015400542092261786,1,-1.0
ASIANPAINT,0.0020274981041149796,1,1.0
ASIANPAINT,0.0021246565081067055,1,-1.0
ASIANPAINT,0.002293602209787458,1,-1.0
ASIANPAINT,-0.0020668815808699927,7,-1.0
ASIANPAINT,0.006788736242123414,1,-1.0
ASIANPAINT,-0.01465295364172901,21,-1.0
ASIANPAINT,-0.00825781549308166,14,1.0
ASIANPAINT,-0.00704344408492479,9,1.0
ASIANPAINT,0.009739473124719905,5,1.0
ASIANPAINT,0.003202173302860653,7,1.0
ASIANPAINT,0.009891402543958133,3,1.0
ASIANPAINT,0.005294314525423652,1,-1.0
ASIANPAINT,0.001254809132309822,6,1.0
ASIANPAINT,0.004964607906905204,5,1.0
ASIANPAINT,0.005163167714155425,5,-1.0
ASIANPAINT,0.007625757913098832,6,1.0
ASIANPAINT,-0.010576501759991908,14,-1.0
ASIANPAINT,0.0038790804522049376,6,-1.0
ASIANPAINT,0.0036861732153755994,2,1.0
ASIANPAINT,0.0034546700138852458,2,-1.0
ASIANPAINT,-0.006347086684157159,11,-1.0
ASIANPAINT,0.014047622802727124,2,-1.0
ASIANPAINT,0.00850717876828459,1,1.0
ASIANPAINT,-0.029967188556930875,25,-1.0
ASIANPAINT,0.014660218332703586,7,-1.0
ASIANPAINT,0.010338374747735432,6,-1.0
ASIANPAINT,0.0038824173697200514,9,1.0
ASIANPAINT,0.0076035002264735274,1,-1.0
ASIANPAINT,0.009886289178245189,1,-1.0
ASIANPAINT,-0.00626339739620568,10,-1.0
ASIANPAINT,0.009079231725863376,1,-1.0
ASIANPAINT,8.651397419694678e-05,5,1.0
ASIANPAINT,0.00785962913655563,2,1.0
ASIANPAINT,-0.04661403284701106,29,-1.0
ASIANPAINT,0.002401792614689105,5,-1.0
ASIANPAINT,-0.010734632586445834,17,1.0
ASIANPAINT,0.008086771253118673,11,-1.0
ASIANPAINT,0.009091482079480503,1,1.0
ASIANPAINT,0.002831822141198971,7,1.0
ASIANPAINT,0.011186568634121758,2,1.0
ASIANPAINT,0.010896911738065142,3,-1.0
ASIANPAINT,0.008631007890006556,4,-1.0
ASIANPAINT,-0.04033019175187762,27,1.0
ASIANPAINT,0.016908268068185822,3,1.0
ASIANPAINT,-0.024702401766141406,24,-1.0
ASIANPAINT,0.011766559393867029,8,1.0
ASIANPAINT,0.010989971713360488,3,-1.0
ASIANPAINT,0.0111073972808831,1,1.0
ASIANPAINT,-0.0039007382298830327,8,-1.0
ASIANPAINT,-0.0074680103086233185,13,1.0
ASIANPAINT,0.003141664975331057,7,1.0
ASIANPAINT,0.0046753325447723955,7,-1.0
ASIANPAINT,-0.038690528481719416,17,-1.0
ASIANPAINT,0.004214805637293289,2,-1.0
ASIANPAINT,0.006347580018475879,2,-1.0
ASIANPAINT,0.0037362600097978144,2,-1.0
ASIANPAINT,-0.005816869816209428,14,-1.0
ASIANPAINT,0.005388488026346552,4,-1.0
ASIANPAINT,0.0011617881727117342,6,-1.0
ASIANPAINT,0.005655012543345389,3,-1.0
ASIANPAINT,0.005128139332575312,7,1.0
ASIANPAINT,0.004457101270119184,1,1.0
ASIANPAINT,0.002624562513154355,4,1.0
ASIANPAINT,0.0040141421675981325,6,-1.0
ASIANPAINT,0.0007398105768411593,8,-1.0
ASIANPAINT,0.010726035436717123,1,-1.0
ASIANPAINT,0.007655227337763211,2,1.0
ASIANPAINT,-0.008208223621472712,14,1.0
ASIANPAINT,-0.03412842889382479,31,-1.0
ASIANPAINT,0.005101243982766997,6,1.0
ASIANPAINT,-0.02078775371496329,16,1.0
ASIANPAINT,0.007225252689180263,3,1.0
ASIANPAINT,-6.176049760590912e-05,7,1.0
ASIANPAINT,-0.011883936086115602,15,-1.0
ASIANPAINT,0.008726953327477896,3,-1.0
ASIANPAINT,0.004511639957310572,4,-1.0
ASIANPAINT,0.006604308880778949,2,-1.0
ASIANPAINT,0.0015050557856412302,7,-1.0
ASIANPAINT,0.007500924181240578,3,-1.0
ASIANPAINT,-0.034859029773656944,20,1.0
ASIANPAINT,0.0058112423042732606,7,-1.0
ASIANPAINT,0.003949843666441302,7,1.0
ASIANPAINT,0.006898147669269464,4,-1.0
ASIANPAINT,0.0018127545870374434,7,-1.0
ASIANPAINT,0.011080174807424126,2,1.0
ASIANPAINT,-0.024081869078807102,19,1.0
ASIANPAINT,0.008272502392696706,2,-1.0
ASIANPAINT,0.0005042176461529672,7,-1.0
ASIANPAINT,0.006334931077150251,7,1.0
ASIANPAINT,0.011402307335528404,1,-1.0
ASIANPAINT,-0.0332133300284641,15,-1.0
ASIANPAINT,0.014308469901656053,1,1.0
ASIANPAINT,-0.003263696068612947,17,1.0
ASIANPAINT,0.002746197487488525,1,1.0
ASIANPAINT,0.0009511336397055698,4,1.0
ASIANPAINT,0.005497923610268123,1,-1.0
ASIANPAINT,0.005846511490875471,1,1.0
ASIANPAINT,0.0024623201613426936,6,1.0
ASIANPAINT,-0.01612063615869772,14,1.0
ASIANPAINT,-0.0050109800882151365,13,-1.0
ASIANPAINT,-0.00586889342320829,14,-1.0
ASIANPAINT,0.010252475286957257,2,1.0
ASIANPAINT,-0.007249192322178715,16,-1.0
ASIANPAINT,-0.03975865329036028,20,-1.0
ASIANPAINT,-0.00441971875693394,11,1.0
ASIANPAINT,0.004778554332962996,9,-1.0
ASIANPAINT,0.001197143522755334,4,-1.0
ASIANPAINT,0.0057655811617060865,2,-1.0
ASIANPAINT,-0.0335536649163743,22,1.0
ASIANPAINT,-0.04073203829285576,14,-1.0
ASIANPAINT,0.005976702886525755,4,-1.0
ASIANPAINT,0.008244090070215305,7,1.0
ASIANPAINT,0.0041705611276273155,9,1.0
ASIANPAINT,-0.006800308394498157,12,-1.0
ASIANPAINT,0.000520567941104697,9,-1.0
ASIANPAINT,0.0058877956315014635,6,1.0
ASIANPAINT,0.00034481309110292953,11,1.0
ASIANPAINT,0.010249866064896451,7,-1.0
ASIANPAINT,0.005016102142573444,12,-1.0
ASIANPAINT,-0.008390994265606726,12,1.0
ASIANPAINT,-0.0045931707859099965,14,-1.0
ASIANPAINT,-0.007215349343053428,14,1.0
ASIANPAINT,0.010461348730718512,1,1.0
ASIANPAINT,0.00833177160544055,3,-1.0
ASIANPAINT,0.002770812930483312,5,-1.0
ASIANPAINT,0.0050588427328175515,6,-1.0
ASIANPAINT,0.005156816926319693,1,1.0
ASIANPAINT,0.0046342401444446285,2,1.0
ASIANPAINT,0.003806156716327163,1,-1.0
ASIANPAINT,-0.025786710382121467,19,-1.0
ASIANPAINT,-0.012498093227452581,11,1.0
ASIANPAINT,-0.05344081546625944,42,-1.0
ASIANPAINT,0.014892801778489584,4,1.0
ASIANPAINT,0.004184923234672949,4,-1.0
ASIANPAINT,0.006769478481476798,1,-1.0
ASIANPAINT,0.004329441912307296,3,1.0
ASIANPAINT,-0.02173240310921069,19,-1.0
ASIANPAINT,0.005800571770450748,2,1.0
ASIANPAINT,-0.007881690026375655,14,-1.0
ASIANPAINT,0.0023403196900789384,7,1.0
ASIANPAINT,0.0072799180452386,2,1.0
ASIANPAINT,-0.009110429509492275,18,1.0
ASIANPAINT,0.010255034500359524,2,-1.0
ASIANPAINT,0.0052347822339509475,1,1.0
ASIANPAINT,0.004785383279412177,4,-1.0
ASIANPAINT,-0.00851579546252634,9,1.0
ASIANPAINT,0.012697456791064184,8,1.0
ASIANPAINT,0.02748452963469348,2,-1.0
ASIANPAINT,0.009724665668775537,7,1.0
ASIANPAINT,0.03257513352853321,6,-1.0
ASIANPAINT,-0.0034402267962376164,9,-1.0
ASIANPAINT,0.024674276555632216,4,-1.0
ASIANPAINT,-0.029122623316066756,15,1.0
ASIANPAINT,0.025869399425443283,3,1.0
ASIANPAINT,0.015548219361056425,2,1.0
ASIANPAINT,0.0010026514126476155,7,1.0
ASIANPAINT,0.012362770408109439,7,1.0
ASIANPAINT,-0.0701440981477501,21,-1.0
ASIANPAINT,0.009111871210133907,3,-1.0
ASIANPAINT,-0.03364774103138384,27,-1.0
ASIANPAINT,-0.007972329817585498,11,1.0
ASIANPAINT,0.007859307261986713,4,-1.0
ASIANPAINT,0.005261540664509735,9,1.0
ASIANPAINT,0.0013555752651549483,7,1.0
ASIANPAINT,-0.05934805282596502,24,-1.0
ASIANPAINT,0.014870864860298275,1,-1.0
ASIANPAINT,0.003903450708264051,1,1.0
ASIANPAINT,0.0036379868164854593,1,-1.0
ASIANPAINT,0.005507030470719959,1,1.0
ASIANPAINT,0.004061959136351757,4,-1.0
ASIANPAINT,-0.008810600531511371,15,-1.0
ASIANPAINT,0.008144793649302083,4,-1.0
ASIANPAINT,0.003546392127016895,6,1.0
ASIANPAINT,0.0005297475934141896,8,1.0
ASIANPAINT,-0.014887752157613622,18,-1.0
ASIANPAINT,0.004920964478821836,7,1.0
ASIANPAINT,0.008643557616436301,5,1.0
ASIANPAINT,-0.004930317486528401,13,-1.0
ASIANPAINT,0.010916459438346059,1,1.0
ASIANPAINT,0.008487157164043175,3,1.0
ASIANPAINT,-0.004021959543461695,10,1.0
ASIANPAINT,0.0068593614411901005,3,-1.0
ASIANPAINT,-0.02945129781786675,19,-1.0
ASIANPAINT,0.006902527510268225,4,-1.0
ASIANPAINT,-0.024965558868666766,19,-1.0
ASIANPAINT,0.007167687367996701,3,-1.0
ASIANPAINT,0.010602222216557274,1,-1.0
ASIANPAINT,-0.012122592477857129,14,-1.0
ASIANPAINT,0.0018416133338710792,6,1.0
ASIANPAINT,0.00711217992534804,2,-1.0
ASIANPAINT,0.006936075547360256,4,-1.0
ASIANPAINT,0.008878544020624057,1,-1.0
ASIANPAINT,-0.014019856187476086,11,1.0
ASIANPAINT,-0.015490004596549756,14,-1.0
ASIANPAINT,0.0022879003408947407,8,1.0
ASIANPAINT,0.011234062008245164,2,-1.0
ASIANPAINT,0.002524015910719561,4,-1.0
ASIANPAINT,0.0005573260075572338,6,-1.0
ASIANPAINT,0.007423038617883696,4,1.0
ASIANPAINT,-0.007251247292737776,10,-1.0
ASIANPAINT,0.013148690915434278,3,1.0
ASIANPAINT,-0.003572115853149578,9,-1.0
ASIANPAINT,0.003199110154350691,6,1.0
ASIANPAINT,0.002661871722163635,6,1.0
ASIANPAINT,0.006600460756024395,2,-1.0
ASIANPAINT,0.00165877661936049,7,1.0
ASIANPAINT,0.006974182744580616,5,1.0
ASIANPAINT,-0.07118998773089161,29,-1.0
ASIANPAINT,-0.050578158791562286,49,-1.0
ASIANPAINT,-0.002491643759114197,14,-1.0
ASIANPAINT,-0.001360829075573418,9,-1.0
ASIANPAINT,-0.05753335377996441,30,1.0
ASIANPAINT,0.0012884387707370007,7,1.0
ASIANPAINT,-0.020287255868377197,18,1.0
ASIANPAINT,0.009685166951994265,4,1.0
ASIANPAINT,0.012504141423511481,1,1.0
ASIANPAINT,0.0019604944561928198,5,1.0
ASIANPAINT,0.0049138036572696255,6,-1.0
ASIANPAINT,0.009489896643423004,1,1.0
ASIANPAINT,0.0026376690486571825,17,-1.0
ASIANPAINT,0.009868778625173326,2,1.0
ASIANPAINT,0.006252507971050642,5,1.0
ASIANPAINT,-0.0018771582570471942,7,-1.0
ASIANPAINT,0.012250026439717716,7,1.0
ASIANPAINT,0.002534585586446458,8,-1.0
ASIANPAINT,0.006761410983557425,8,1.0
ASIANPAINT,0.004297907297660461,7,1.0
ASIANPAINT,0.008643352201941134,1,-1.0
ASIANPAINT,0.006783331269878511,2,-1.0
ASIANPAINT,0.0072716205013187004,3,1.0
ASIANPAINT,0.005844842841810126,2,-1.0
ASIANPAINT,-0.048943295890833474,26,-1.0
ASIANPAINT,0.016053543953445375,1,-1.0
ASIANPAINT,0.0029896461025336165,4,-1.0
ASIANPAINT,0.007628944671216568,1,-1.0
ASIANPAINT,0.005151912778660505,1,1.0
ASIANPAINT,-0.016925912993125153,14,-1.0
ASIANPAINT,0.008145108608126353,1,-1.0
ASIANPAINT,0.006195311348340586,4,-1.0
ASIANPAINT,0.008172670290981362,1,-1.0
ASIANPAINT,-0.0007128397311073177,11,1.0
ASIANPAINT,-0.01109822696921977,15,1.0
ASIANPAINT,0.00211208863753819,9,-1.0
ASIANPAINT,-0.013376139086295391,12,-1.0
ASIANPAINT,0.003529994882956732,1,1.0
ASIANPAINT,0.0035669795833440715,2,1.0
ASIANPAINT,-0.08457141790243536,35,-1.0
ASIANPAINT,0.0009157150630143798,7,1.0
ASIANPAINT,0.003789696214938779,6,-1.0
ASIANPAINT,-0.0270235472761531,14,-1.0
ASIANPAINT,-0.03489655592944958,22,1.0
ASIANPAINT,0.00556013444550575,3,-1.0
ASIANPAINT,0.007016514108581621,1,-1.0
ASIANPAINT,-0.11071225432435802,47,1.0
ASIANPAINT,0.006138856334096577,2,-1.0
ASIANPAINT,0.005872868819169812,1,-1.0
ASIANPAINT,0.004336695918212081,2,1.0
ASIANPAINT,0.0035945998262461518,2,-1.0
ASIANPAINT,-0.003561081839082864,14,1.0
ASIANPAINT,0.003392970684772397,7,-1.0
ASIANPAINT,0.016897963784702735,3,-1.0
ASIANPAINT,-0.003869788260633078,13,-1.0
ASIANPAINT,0.01188216928144359,4,-1.0
ASIANPAINT,0.014791018495966706,2,1.0
ASIANPAINT,0.011291828598374772,2,1.0
ASIANPAINT,0.010400105504259016,2,-1.0
ASIANPAINT,0.0031887038693245206,5,-1.0
ASIANPAINT,0.0073933333376413725,2,-1.0
ASIANPAINT,0.00775922270288557,2,-1.0
ASIANPAINT,-0.022539677850076562,17,1.0
ASIANPAINT,-0.051491556077833144,24,-1.0
ASIANPAINT,0.004072529924075952,3,-1.0
ASIANPAINT,0.004576853982072483,1,1.0
ASIANPAINT,-0.023164323234478562,19,-1.0
ASIANPAINT,-0.03504645897382608,16,1.0
ASIANPAINT,0.010686090241409874,7,-1.0
ASIANPAINT,0.009367595457889172,4,1.0
ASIANPAINT,-5.5609065524409604e-05,7,1.0
ASIANPAINT,-0.0034174646307188485,16,-1.0
ASIANPAINT,0.004948829160439056,2,1.0
ASIANPAINT,-0.0009498220910439828,5,1.0
ASIANPAINT,0.013425129715584886,5,-1.0
ASIANPAINT,-0.021920409631637612,17,1.0
ASIANPAINT,0.016694784816161195,1,-1.0
ASIANPAINT,-0.11183516304314281,30,1.0
ASIANPAINT,-0.03204872690433717,21,-1.0
ASIANPAINT,-0.006569988970661035,14,1.0
ASIANPAINT,-0.019745402897855945,16,-1.0
ASIANPAINT,0.006840665211523761,5,1.0
ASIANPAINT,0.009203640736663174,2,1.0
ASIANPAINT,-0.020008335582066963,16,-1.0
ASIANPAINT,-0.037410238274961156,26,1.0
ASIANPAINT,0.0181376071412842,4,-1.0
ASIANPAINT,0.013857427176091236,4,-1.0
ASIANPAINT,0.006458699890477358,8,1.0
ASIANPAINT,0.015333998452705997,6,-1.0
ASIANPAINT,0.002348927837595376,10,-1.0
ASIANPAINT,-0.08089003796486334,19,1.0
ASIANPAINT,0.015858549641228875,6,-1.0
ASIANPAINT,-0.023905531319062635,21,-1.0
ASIANPAINT,0.006036843822993199,1,1.0
ASIANPAINT,-0.015495875615378159,17,-1.0
ASIANPAINT,-0.017807652085359216,21,-1.0
ASIANPAINT,-0.03723509738920936,24,1.0
ASIANPAINT,0.0024587988376261723,6,-1.0
ASIANPAINT,-0.015849221231965593,17,1.0
ASIANPAINT,0.004696446660160834,5,-1.0
ASIANPAINT,0.006871013549635202,7,1.0
ASIANPAINT,0.0032508997758654585,2,-1.0
ASIANPAINT,0.004878542354691499,3,-1.0
ASIANPAINT,0.005985565623845804,1,-1.0
ASIANPAINT,0.004442950456521695,1,-1.0
ASIANPAINT,0.002843925379497933,7,-1.0
ASIANPAINT,-0.010239573363779281,17,1.0
ASIANPAINT,0.004564892290142972,5,1.0
ASIANPAINT,0.007045745305637959,1,1.0
ASIANPAINT,-0.004757882713077653,12,-1.0
ASIANPAINT,-0.01807600231769996,28,1.0
ASIANPAINT,0.0017447785391173072,5,1.0
ASIANPAINT,0.006338449516699119,1,-1.0
ASIANPAINT,-0.034035932717713935,16,1.0
ASIANPAINT,0.00485475430759525,7,-1.0
ASIANPAINT,-0.007544534886506647,14,-1.0
BAJFINANCE,0.006524069263869661,2,1.0
BAJFINANCE,-0.03875838081204801,31,1.0
BAJFINANCE,0.008555779664201514,5,-1.0
BAJFINANCE,-0.011717332854974364,12,1.0
BAJFINANCE,0.01742578869060091,4,-1.0
BAJFINANCE,-0.00803559242717964,20,-1.0
BAJFINANCE,0.01056431798803634,3,1.0
BAJFINANCE,-0.049025283499234,22,-1.0
BAJFINANCE,-0.029698347733539677,17,1.0
BAJFINANCE,0.010767596830792751,3,1.0
BAJFINANCE,0.003110250904762721,6,-1.0
BAJFINANCE,-0.008722912929510019,12,1.0
BAJFINANCE,0.019257530437171412,2,-1.0
BAJFINANCE,-0.017461615907828014,17,1.0
BAJFINANCE,-0.0013490153417855576,11,-1.0
BAJFINANCE,-0.010583531915255252,14,1.0
BAJFINANCE,0.00402829577025948,10,1.0
BAJFINANCE,-0.005150174001527456,12,-1.0
BAJFINANCE,0.009448559828013717,3,1.0
BAJFINANCE,0.0060426705693471,5,1.0
BAJFINANCE,0.010507225813623608,2,-1.0
BAJFINANCE,0.012149024512403047,2,1.0
BAJFINANCE,0.015286341178069438,4,1.0
BAJFINANCE,-0.0051010358781062295,19,-1.0
BAJFINANCE,0.00645953743235332,9,-1.0
BAJFINANCE,-0.012478330731042986,12,1.0
BAJFINANCE,0.011387457305869677,7,-1.0
BAJFINANCE,0.005880040553957094,4,1.0
BAJFINANCE,0.007372499673342646,5,-1.0
BAJFINANCE,0.0017256092843162439,4,-1.0
BAJFINANCE,-0.008999071001679794,17,1.0
BAJFINANCE,-0.0440712270762779,13,-1.0
BAJFINANCE,0.008999221801665474,7,1.0
BAJFINANCE,0.008902442787128963,6,-1.0
BAJFINANCE,0.010102009262363734,7,1.0
BAJFINANCE,-0.02686803157752949,15,-1.0
BAJFINANCE,-0.008493195963103264,14,-1.0
BAJFINANCE,0.01245342842180471,6,-1.0
BAJFINANCE,0.004686964976360375,5,-1.0
BAJFINANCE,0.007279631643608499,1,1.0
BAJFINANCE,-0.022183299856806768,13,-1.0
BAJFINANCE,-0.011459718001466841,17,1.0
BAJFINANCE,-0.006198356723639027,15,-1.0
BAJFINANCE,0.006122201418671135,3,-1.0
BAJFINANCE,0.00395935829716158,3,-1.0
BAJFINANCE,-0.0029600489290131384,12,-1.0
BAJFINANCE,-0.03356740412655607,21,-1.0
BAJFINANCE,0.006860090573480216,2,-1.0
BAJFINANCE,0.013383838024699607,1,1.0
BAJFINANCE,0.01343562890363241,2,-1.0
BAJFINANCE,-0.04956978599440644,14,-1.0
BAJFINANCE,0.0011032900831255826,6,-1.0
BAJFINANCE,-0.03511489851337825,20,-1.0
BAJFINANCE,0.002568048427621999,7,1.0
BAJFINANCE,0.006631143097382262,5,-1.0
BAJFINANCE,0.006880567024567111,1,1.0
BAJFINANCE,0.0038558340040013893,3,1.0
BAJFINANCE,-0.022032752013409356,25,-1.0
BAJFINANCE,0.000799988002153068,8,-1.0
BAJFINANCE,0.006991188615654599,2,1.0
BAJFINANCE,-0.06389418587763478,26,1.0
BAJFINANCE,-0.033846701948032624,14,1.0
BAJFINANCE,0.026098930548671604,1,1.0
BAJFINANCE,-0.04855529487584981,21,-1.0
BAJFINANCE,0.00020623689482640026,8,1.0
BAJFINANCE,0.0048486387842981106,8,1.0
BAJFINANCE,0.0004665451344707454,14,-1.0
BAJFINANCE,0.005279253315935517,3,1.0
BAJFINANCE,0.005166071329320575,3,1.0
BAJFINANCE,-0.016818064392900307,10,-1.0
BAJFINANCE,0.015917316404932335,1,1.0
BAJFINANCE,0.007914676411342,3,1.0
BAJFINANCE,0.0027683702642295797,4,1.0
BAJFINANCE,-0.006865690282712632,21,-1.0
BAJFINANCE,0.008577378082285515,1,-1.0
BAJFINANCE,0.0042573659763845695,3,1.0
BAJFINANCE,-0.0023560786844670565,10,1.0
BAJFINANCE,0.013593129799128436,1,1.0
BAJFINANCE,-0.004570983957602446,12,1.0
BAJFINANCE,0.007411710279890126,7,1.0
BAJFINANCE,0.004736624845073455,9,-1.0
BAJFINANCE,0.007909780495003217,1,-1.0
BAJFINANCE,-0.03827542680713881,14,1.0
BAJFINANCE,0.021390395857272235,4,-1.0
BAJFINANCE,-0.008898249330036391,11,-1.0
BAJFINANCE,-0.02004678695207064,24,1.0
BAJFINANCE,-0.005632045477110555,13,1.0
BAJFINANCE,0.001186991705526424,10,-1.0
BAJFINANCE,0.008497875217275387,1,-1.0
BAJFINANCE,0.010942323083124345,1,1.0
BAJFINANCE,0.00885244034072557,2,-1.0
BAJFINANCE,0.008462454036081389,2,-1.0
BAJFINANCE,-0.023442854783767633,18,-1.0
BAJFINANCE,-0.038680342086793405,32,-1.0
BAJFINANCE,0.01602530677348884,4,1.0
BAJFINANCE,0.0027949389447039876,5,-1.0
BAJFINANCE,0.005147626408510496,3,-1.0
BAJFINANCE,0.004579481885718251,4,1.0
BAJFINANCE,0.002267575196737562,7,1.0
BAJFINANCE,0.0079692665816207,7,-1.0
BAJFINANCE,0.009846324268841697,3,1.0
BAJFINANCE,-0.0011336327541200165,12,-1.0
BAJFINANCE,-0.02577135462281981,26,1.0
BAJFINANCE,-0.01046089759817516,19,-1.0
BAJFINANCE,-0.0010677469162673082,8,-1.0
BAJFINANCE,0.007049003699081939,9,1.0
BAJFINANCE,0.008675578051372642,2,-1.0
BAJFINANCE,0.00857385920516261,1,1.0
BAJFINANCE,0.00411831972075932,7,1.0
BAJFINANCE,-0.0015410436903547646,10,-1.0
BAJFINANCE,0.006373679591293939,2,1.0
BAJFINANCE,-0.026335798471753255,25,-1.0
BAJFINANCE,0.005497991311011668,2,-1.0
BAJFINANCE,0.004396962244480465,2,-1.0
BAJFINANCE,0.0036657634062724357,1,-1.0
BAJFINANCE,-0.0364301838752951,9,1.0
BAJFINANCE,0.0052889836399258065,10,-1.0
BAJFINANCE,-0.005427127749423689,11,-1.0
BAJFINANCE,0.03273918978220168,6,1.0
BAJFINANCE,0.011133854723724591,7,1.0
BAJFINANCE,-0.010051979679742591,14,1.0
BAJFINANCE,-0.00626155866948185,13,-1.0
BAJFINANCE,-0.0008484675086550672,9,1.0
BAJFINANCE,-0.02876257643346823,20,-1.0
BAJFINANCE,0.01037586192129853,2,1.0
BAJFINANCE,0.010979478222838079,4,-1.0
BAJFINANCE,-0.001162275668229081,9,1.0
BAJFINANCE,-0.028709568885533027,23,-1.0
BAJFINANCE,0.01893174186625761,1,-1.0
BAJFINANCE,0.019617340760985525,2,1.0
BAJFINANCE,0.0040392823444133155,10,1.0
BAJFINANCE,0.003926208087021884,4,1.0
BAJFINANCE,0.007136148968294895,1,-1.0
BAJFINANCE,-0.002503802755251198,10,-1.0
BAJFINANCE,-0.003937354788972689,12,-1.0
BAJFINANCE,-0.00012662406278895447,12,1.0
BAJFINANCE,0.006803054901039747,4,-1.0
BAJFINANCE,-0.005815150683670713,12,-1.0
BAJFINANCE,-0.0035334420486133134,12,-1.0
BAJFINANCE,-0.010800598173172691,15,-1.0
BAJFINANCE,-0.03890481293582501,21,1.0
BAJFINANCE,-0.004601851802000145,17,-1.0
BAJFINANCE,0.0032594373364689035,5,-1.0
BAJFINANCE,0.0061321555480530025,3,-1.0
BAJFINANCE,0.0031001484781627655,7,-1.0
BAJFINANCE,0.003518391440269209,4,-1.0
BAJFINANCE,0.004961164991580005,1,-1.0
BAJFINANCE,-0.006002700034322974,11,1.0
BAJFINANCE,0.0023958479037189334,5,1.0
BAJFINANCE,0.003843344237212527,7,-1.0
BAJFINANCE,-0.00037817042607555325,10,-1.0
BAJFINANCE,-0.007019885957637844,11,-1.0
BAJFINANCE,0.007695338632088753,2,1.0
BAJFINANCE,0.006159875764927724,3,1.0
BAJFINANCE,-0.06130935246259929,19,1.0
BAJFINANCE,0.07276204250184921,2,-1.0
BAJFINANCE,0.01895137176381307,10,1.0
BAJFINANCE,-0.009197683635393026,12,1.0
BAJFINANCE,0.006510879196992723,8,1.0
BAJFINANCE,-0.06624895338251142,16,-1.0
BAJFINANCE,-0.07245203393366353,19,-1.0
BAJFINANCE,0.018512103585576,5,1.0
BAJFINANCE,0.022575136726154844,4,1.0
BAJFINANCE,-0.006845513127755099,11,-1.0
BAJFINANCE,0.038465462180556666,1,1.0
BAJFINANCE,0.02734449796902682,6,1.0
BAJFINANCE,0.01405729132641879,1,1.0
BAJFINANCE,0.0028909574943274774,7,1.0
BAJFINANCE,-0.004895681491932263,11,-1.0
BAJFINANCE,0.007091117704497858,3,-1.0
BAJFINANCE,-0.00015323802090490426,7,1.0
BAJFINANCE,0.017164439537412257,2,1.0
BAJFINANCE,0.009927971263522841,1,1.0
BAJFINANCE,-0.0024170503037736868,8,1.0
BAJFINANCE,-0.0023941774543386717,9,1.0
BAJFINANCE,0.019336244505914677,5,-1.0
BAJFINANCE,0.012437589975814508,1,-1.0
BAJFINANCE,0.0068203138718271016,7,1.0
BAJFINANCE,0.008487725821838096,4,1.0
BAJFINANCE,0.010084237757969218,2,-1.0
BAJFINANCE,0.0061618715982033135,10,1.0
BAJFINANCE,0.006928270084086711,6,-1.0
BAJFINANCE,0.008293068461298661,1,1.0
BAJFINANCE,0.017995404354161897,1,1.0
BAJFINANCE,0.004431560208731477,10,-1.0
BAJFINANCE,-0.008292947262865917,11,-1.0
BAJFINANCE,0.016095363938945867,4,1.0
BAJFINANCE,-0.23912146533068732,58,-1.0
BAJFINANCE,0.009151750010997441,2,-1.0
BAJFINANCE,0.007789382903114916,2,1.0
BAJFINANCE,0.005392009148632743,5,1.0
BAJFINANCE,0.00398782019456926,4,-1.0
BAJFINANCE,-0.06376113890633772,28,-1.0
BAJFINANCE,-0.014576842467691883,10,1.0
BAJFINANCE,-0.024759691537367696,16,-1.0
BAJFINANCE,0.0037161679967644794,9,1.0
BAJFINANCE,0.010507021772642991,7,-1.0
BAJFINANCE,0.000253653702754025,13,1.0
BAJFINANCE,-0.018315339798496293,14,-1.0
BAJFINANCE,0.002948909162552576,7,1.0
BAJFINANCE,-0.008071939434956127,14,-1.0
BAJFINANCE,0.009085329143789414,3,-1.0
BAJFINANCE,0.0013396320956839123,7,1.0
BAJFINANCE,-0.005631267717909986,12,1.0
BAJFINANCE,-0.14037959038670225,35,-1.0
BAJFINANCE,-0.026968309465779532,14,-1.0
BAJFINANCE,0.0057418628664016105,1,-1.0
BAJFINANCE,-0.005923710484606236,8,-1.0
BAJFINANCE,0.010786415898074686,4,1.0
BAJFINANCE,0.010886449831870692,1,-1.0
BAJFINANCE,-0.03274927992819669,26,-1.0
BAJFINANCE,0.008136202403008733,1,1.0
BAJFINANCE,-0.03457115270275765,13,-1.0
BAJFINANCE,-0.001246703859682084,13,1.0
BAJFINANCE,0.010202584678016397,3,1.0
BAJFINANCE,0.0095847922472669,1,1.0
BAJFINANCE,0.006729261577031239,5,-1.0
BAJFINANCE,0.007820544599141683,2,1.0
BAJFINANCE,0.005302316805484013,2,-1.0
BAJFINANCE,0.006227361917767499,1,-1.0
BAJFINANCE,0.010614092691051425,5,1.0
BAJFINANCE,0.0033401750456895337,1,-1.0
BAJFINANCE,0.0025635744564279535,1,1.0
BAJFINANCE,0.002542916257095546,7,-1.0
BAJFINANCE,0.0031297567026403682,8,-1.0
BAJFINANCE,0.00241098505599836,8,-1.0
BAJFINANCE,0.008511738881426985,4,1.0
BAJFINANCE,-0.09184533748671836,43,-1.0
BAJFINANCE,0.007028610340581029,1,-1.0
BAJFINANCE,0.006772388115676493,1,-1.0
BAJFINANCE,0.0041859353766279025,1,-1.0
BAJFINANCE,0.0036678388690792414,3,1.0
BAJFINANCE,0.0017362203544107949,5,1.0
BAJFINANCE,-0.00128946374974629,5,-1.0
BAJFINANCE,-0.02740968716534107,17,-1.0
BAJFINANCE,0.01097513430210806,3,1.0
BAJFINANCE,-0.019336270498484895,16,1.0
BAJFINANCE,0.007064108290197231,4,-1.0
BAJFINANCE,-0.04624209041972703,20,1.0
BAJFINANCE,0.009203338081223937,8,1.0
BAJFINANCE,-0.026387234514410197,21,-1.0
BAJFINANCE,-0.009623121388039136,12,1.0
BAJFINANCE,-0.021466115840383874,14,1.0
BAJFINANCE,0.019316126166845485,1,1.0
BAJFINANCE,0.011971987930287618,5,-1.0
BAJFINANCE,0.0024897136893941387,2,1.0
BAJFINANCE,-0.09626855321527795,34,-1.0
BAJFINANCE,-0.0613369848183431,23,1.0
BAJFINANCE,-0.005231700810052149,11,-1.0
BAJFINANCE,-0.00467649668153002,9,1.0
BAJFINANCE,0.010022353812080978,6,-1.0
BAJFINANCE,-0.005437554954896453,15,1.0
BAJFINANCE,0.01438398844195422,8,-1.0
BAJFINANCE,0.0033833880037755764,4,1.0
BAJFINANCE,0.003379783084499638,5,1.0
BAJFINANCE,-0.0004078064100637807,7,1.0
BAJFINANCE,-0.073744907777332,21,1.0
BAJFINANCE,0.010010079936921617,4,-1.0
BAJFINANCE,-0.025460872939626598,17,-1.0
BAJFINANCE,0.008346040960148744,1,1.0
BAJFINANCE,0.006921971521062601,1,-1.0
BAJFINANCE,0.004242196436571807,3,-1.0
BAJFINANCE,0.00886154985621546,1,1.0
BAJFINANCE,-0.0020960146756092246,8,1.0
BAJFINANCE,0.00939190942524263,7,1.0
BAJFINANCE,-0.0195868154119239,14,1.0
BAJFINANCE,0.005982800278804919,2,1.0
BAJFINANCE,-0.031237090632818317,19,-1.0
BAJFINANCE,0.009525397040176763,7,1.0
BAJFINANCE,0.01225857118573043,5,-1.0
BAJFINANCE,0.010486775219546836,4,1.0
BAJFINANCE,0.004311818654443336,7,1.0
BAJFINANCE,-0.06679986893959954,21,1.0
BAJFINANCE,0.00990233132817157,3,-1.0
BAJFINANCE,0.014198453553860842,6,1.0
BAJFINANCE,0.011032218942585796,2,1.0
BAJFINANCE,-0.003304051138709463,11,-1.0
BAJFINANCE,-0.015448567845537005,11,-1.0
BAJFINANCE,-0.010459625963957553,12,1.0
BAJFINANCE,-0.010994750704032219,17,1.0
BAJFINANCE,0.010151856682041856,3,-1.0
BAJFINANCE,-0.037923496247970465,22,1.0
BAJFINANCE,0.005293199237674209,7,1.0
BAJFINANCE,-0.006041059504615311,16,1.0
BAJFINANCE,-0.004712976282919836,16,-1.0
BAJFINANCE,0.004930251994331264,3,1.0
BAJFINANCE,0.006827410420490778,1,1.0
BAJFINANCE,0.007740161068374403,1,-1.0
BAJFINANCE,-0.012194959428001122,13,1.0
BAJFINANCE,0.005773478977909329,4,1.0
BAJFINANCE,0.006436890768058633,3,-1.0
BAJFINANCE,0.007625612378604609,1,-1.0
BAJFINANCE,-0.004152704237116118,7,1.0
BAJFINANCE,-0.004764062669768145,12,1.0
BAJFINANCE,0.005195562603228194,4,-1.0
BAJFINANCE,0.005425598273351145,6,1.0
BAJFINANCE,-0.0006384420175028711,10,1.0
BAJFINANCE,-0.017081617414876467,27,1.0
BAJFINANCE,-0.005043866694687768,17,-1.0
BAJFINANCE,0.005871945071060149,3,1.0
BAJFINANCE,0.005504750950454729,2,1.0
BAJFINANCE,-0.015508450406686988,16,1.0
BAJFINANCE,0.003122560657915582,10,-1.0
BAJFINANCE,0.0019150499653865785,7,-1.0
BAJFINANCE,-0.007960419386878402,13,1.0
BAJFINANCE,0.0032523590437841376,7,1.0
BAJFINANCE,0.002326802362739138,5,1.0
BAJFINANCE,0.004542592069666905,7,-1.0
BAJFINANCE,0.0026943151899182782,10,1.0
BAJFINANCE,-0.06945182810811373,36,-1.0
BAJFINANCE,0.0018425949811945056,5,1.0
